"id","obstime","degradation1","degradation2"
1,1,2.8421423,1.7110763
1,2,2.3658364,1.6493852
1,3,2.7992654,2.712025
1,4,2.7670517,3.5978456
1,5,3.430665,1.8785179
1,6,3.4601364,2.1353636
1,7,3.8844228,4.3885756
1,8,2.3681827,5.8655033
1,9,4.331417,6.2473154
1,10,4.1942654,6.933319
1,11,4.0079618,9.366511
1,12,3.5418,7.070146
1,13,5.7935557,9.559265
1,14,6.2651973,9.335422
1,15,5.923228,12.139009
1,16,6.602145,12.809703
1,17,5.9554005,13.037878
1,18,6.110829,16.359625
1,19,8.010559,18.026117
1,20,7.9144664,18.047028
1,21,10.271684,19.846378
1,22,9.360164,20.622965
1,23,9.7920265,23.060577
1,24,10.099082,23.372572
1,25,11.353259,24.292559
1,26,13.357838,25.523342
1,27,14.171418,27.905527
1,28,14.69573,30.742065
1,29,15.339653,32.85303
1,30,14.640122,34.83072
1,31,17.08147,35.732136
1,32,17.56449,36.21718
1,33,19.059355,38.770123
1,34,19.239845,41.19219
1,35,18.918541,44.758232
1,36,21.828642,43.882122
1,37,23.595217,46.71616
1,38,24.442587,50.03801
1,39,24.492064,51.84025
1,39.67018,26.267853,54.2868
2,1,0.76750046,3.377294
2,2,0.9407877,1.8535783
2,3,1.4977099,2.4418247
2,4,2.1032157,3.8573475
2,5,1.4377564,4.3107247
2,6,2.7825952,4.1115694
2,7,2.7706335,4.7385736
2,8,1.609083,5.2494063
2,9,2.3043346,6.529526
2,10,2.6902447,6.3343306
2,11,2.4254158,6.944376
2,12,1.745625,7.529415
2,13,2.902177,8.05711
2,14,3.1568148,9.553991
2,15,3.2090955,10.174071
2,16,4.9484587,12.825881
2,17,4.877597,12.377237
2,18,4.7961493,12.735652
2,19,4.738318,13.748166
2,20,4.356628,15.49988
2,21,6.328752,18.875456
2,22,5.8259225,17.907257
2,23,6.813617,19.682283
2,24,6.9424453,18.902716
2,25,8.356844,23.315914
2,26,8.382343,23.035727
2,27,9.321311,23.306694
2,28,10.398573,26.573204
2,29,9.978707,28.669468
2,30,9.620762,28.864746
2,31,11.038271,31.426754
2,32,11.820179,31.760408
2,33,13.870977,32.760456
2,34,12.689469,34.961555
2,35,13.885439,36.14609
2,36,13.398893,37.663574
2,37,16.148403,40.270367
2,38,17.111515,41.27635
2,39,17.763876,43.08062
2,40,18.549438,44.98144
2,41,19.64856,46.793243
2,42,19.923294,48.80206
2,43,21.58969,50.616924
2,44,22.322548,52.92727
2,45,22.96577,53.377235
2,46,23.360289,56.907852
2,47,24.493908,58.03045
2,48,25.963278,60.959286
2,49,25.275316,63.393757
2,50,26.439163,64.59193
2,51,28.89747,66.64899
2,52,29.293999,69.69378
2,53,30.564947,71.97238
2,54,30.47147,73.41031
2,55,31.500364,73.89625
2,56,33.834248,77.64481
2,57,34.038864,80.752235
2,58,36.873413,81.62745
2,59,36.85695,83.71833
2,60,38.72512,85.70423
2,61,38.91941,89.7235
2,62,41.238,91.71839
2,63,42.20943,95.75813
2,64,44.28748,96.671234
2,65,45.074642,99.06659
2,66,47.57138,100.70892
2,66.86067,47.537613,102.75212
3,1,1.0372901,2.6142507
3,2,2.0120914,2.5913627
3,3,0.725758,1.9666344
3,4,0.93396705,2.624636
3,5,1.4517229,3.8825078
3,6,0.96020997,3.5740807
3,7,1.7165728,5.4058814
3,8,2.3978038,4.006183
3,9,1.228786,6.242689
3,10,1.5851161,6.1782317
3,11,1.8127995,7.854345
3,12,2.26994,9.17566
3,13,2.9283903,9.212022
3,14,3.5446858,11.451418
3,15,3.1684427,11.563747
3,16,5.3281784,11.935991
3,17,3.0410771,13.126921
3,18,4.886171,15.439117
3,19,4.1211057,16.927458
3,20,4.720267,18.595488
3,21,5.699304,20.431734
3,22,6.4284163,19.071918
3,23,5.7146363,23.502409
3,24,7.727718,24.630634
3,25,6.2239523,26.36239
3,26,8.317899,27.299742
3,27,7.619468,28.958271
3,28,8.106159,28.340187
3,29,8.168353,32.215454
3,30,9.159155,33.813942
3,31,10.143804,37.100464
3,32,10.803341,37.00337
3,33,11.4334135,39.536366
3,34,12.5303335,40.55491
3,35,12.870757,43.887882
3,36,12.485823,46.554367
3,37,13.027191,48.284233
3,38,14.451084,50.160202
3,39,15.877902,52.38401
3,40,16.766596,53.56428
3,41,17.254847,56.798977
3,42,18.23714,58.9021
3,43,18.659931,60.57319
3,44,19.591305,64.615425
3,45,20.377295,65.73916
3,46,21.277891,68.89582
3,47,20.427591,70.977875
3,48,22.507633,74.05354
3,49,23.284216,78.540375
3,50,25.202457,78.59061
3,51,24.57567,81.71423
3,52,26.40059,85.50878
3,53,28.65308,86.93047
3,54,28.110126,88.41756
3,55,28.770277,92.8551
3,56,29.975325,96.65352
3,57,31.122252,98.60442
3,58,33.950924,102.08261
3,59,34.584515,105.19762
3,60,35.80297,108.55082
3,61,35.548058,111.977104
3,62,37.087555,113.114555
3,63,37.652954,119.07062
3,64,40.361458,121.336006
3,65,41.30052,124.365654
3,66,42.41659,127.566574
3,67,42.967094,131.39159
3,68,43.43876,134.86572
3,69,46.10631,137.84521
3,70,47.276604,141.9908
3,71,47.969593,145.03566
3,72,50.97947,149.04813
3,73,51.013668,151.35547
3,74,51.67824,154.66084
3,75,54.71849,160.71327
3,75.69273,55.438152,163.73389
4,1,2.8142993,1.6265638
4,2,3.0244665,0.68672264
4,3,0.9914174,2.4884682
4,4,1.7496958,2.3227708
4,5,2.152777,3.7522082
4,6,3.3931696,5.0949717
4,7,3.0716836,4.593382
4,8,2.8522942,4.41188
4,9,3.337237,6.1254673
4,10,2.3777542,4.504423
4,11,2.8685997,5.7429805
4,12,2.3445413,8.384014
4,13,2.8750434,9.809082
4,14,4.015479,8.915831
4,15,4.169512,11.09578
4,16,4.6497126,11.166877
4,17,6.251851,12.84803
4,18,4.65273,13.173023
4,19,6.02422,13.976614
4,20,4.3439856,16.297207
4,21,7.0253353,16.63683
4,22,6.5263762,18.877365
4,23,6.740238,18.32454
4,24,7.8407245,21.179937
4,25,8.340272,21.044199
4,26,8.585148,23.892727
4,27,8.881464,24.73996
4,28,10.756746,26.622501
4,29,10.725437,28.638287
4,30,10.85075,28.59968
4,31,11.331392,28.939701
4,32,10.772211,32.20013
4,33,12.845129,33.777565
4,34,13.443095,34.998905
4,35,15.021997,37.15875
4,36,14.393642,39.448128
4,37,14.61908,39.93336
4,38,15.027899,43.392265
4,39,16.978092,45.21774
4,40,16.975817,45.04639
4,41,18.34222,48.134525
4,42,17.634958,49.032963
4,43,19.142668,51.22816
4,43.865276,20.132109,53.150177
5,1,3.29335,1.908564
5,2,2.9074552,3.6499918
5,3,3.2588704,2.382798
5,4,2.7886333,4.4913974
5,5,3.489647,3.5649097
5,6,3.4936042,3.6284842
5,7,3.6894531,3.6996024
5,8,3.7124386,6.194577
5,9,4.565026,5.865116
5,10,3.768589,6.0115414
5,11,3.429629,7.9285164
5,12,3.3498764,9.8011265
5,13,4.3046775,10.331706
5,14,4.2141347,9.133923
5,15,5.399418,12.134537
5,16,4.965378,11.928778
5,17,3.4202445,13.292963
5,18,7.1755037,14.491812
5,19,7.136429,16.690643
5,20,6.077327,15.470814
5,21,7.8837986,17.028273
5,22,6.361507,20.019218
5,23,5.817121,19.720009
5,24,7.957396,22.136482
5,25,8.520821,23.665428
5,26,8.452818,24.95478
5,27,9.946377,26.97338
5,28,9.278838,28.842226
5,29,10.830432,29.735899
5,30,10.309264,30.514008
5,31,11.6662855,33.521152
5,32,11.958756,36.595955
5,33,12.8633375,37.44778
5,34,13.744467,39.5899
5,35,13.919792,40.730663
5,36,14.318168,43.3313
5,37,14.806466,45.097523
5,38,16.354101,46.840183
5,39,16.607351,48.99274
5,40,19.03861,49.954582
5,41,19.058027,53.18472
5,42,18.082376,56.62613
5,43,19.310524,56.178604
5,44,20.552889,60.21897
5,45,21.882107,63.605453
5,46,22.108284,64.54008
5,47,22.481455,66.91244
5,48,22.612408,70.092285
5,49,25.087997,72.12761
5,50,25.908009,74.43763
5,51,26.342892,76.704185
5,52,27.458523,78.25662
5,53,28.390621,82.500046
5,54,29.529264,84.69117
5,55,29.959164,85.915535
5,56,29.95755,90.61641
5,57,31.270844,93.164085
5,58,32.47269,96.46254
5,59,34.15552,98.82218
5,60,34.011227,102.13081
5,61,35.214203,105.23777
5,62,38.558052,107.78234
5,63,38.129044,109.68394
5,64,37.707264,113.459145
5,65,40.624027,116.77043
5,66,40.359383,119.65536
5,66.25297,40.98752,120.45804
6,1,2.5767357,2.8840277
6,2,2.2159855,3.3832476
6,3,0.67072916,2.3749683
6,4,2.399459,4.243208
6,5,3.1823063,2.7058663
6,6,3.2157495,3.400663
6,7,2.9100196,5.134235
6,8,2.2226279,4.6108775
6,9,3.1562033,7.2664423
6,10,2.1540418,7.179285
6,11,3.3929846,7.354442
6,12,3.6001446,8.062107
6,13,2.7950854,8.661146
6,14,3.8242588,10.104855
6,15,2.2302222,11.926894
6,16,3.002729,12.048547
6,17,4.2218733,11.974427
6,18,4.075106,14.99731
6,19,4.962867,16.212284
6,20,7.2227535,16.567421
6,21,6.057918,18.489044
6,22,6.564429,19.2104
6,23,5.794077,21.50751
6,24,6.8366957,21.498611
6,25,8.047694,22.630693
6,26,9.332167,26.025208
6,27,8.350467,28.483288
6,28,9.112436,28.773167
6,29,9.341134,30.954706
6,30,10.967846,30.649837
6,31,11.227033,34.398064
6,32,12.98103,34.332966
6,33,11.845461,37.9254
6,34,13.4489,39.030933
6,35,13.418123,41.79153
6,36,13.876006,43.20181
6,37,14.821507,44.747593
6,38,17.171875,45.239395
6,39,17.429802,49.486473
6,40,18.24885,52.284748
6,41,18.373861,52.651463
6,42,19.344208,56.653923
6,43,19.960144,56.183346
6,44,20.749449,60.43827
6,45,21.090948,61.561497
6,46,23.196207,62.721886
6,47,24.791431,66.77185
6,48,25.442741,69.5684
6,49,24.57553,71.29205
6,49.646614,26.71341,73.58772
7,1,2.2856975,2.7471585
7,2,1.5449301,1.416117
7,3,2.651009,2.6385653
7,4,2.539878,1.59597
7,5,2.1406512,3.1839905
7,6,3.911617,5.404626
7,7,2.5683994,3.6975098
7,8,3.805499,4.746637
7,9,2.4284704,6.0687876
7,10,2.826231,5.637937
7,11,3.7637806,7.241705
7,12,5.4962616,9.42529
7,13,5.1708584,7.0931196
7,14,3.073036,9.176644
7,15,4.3016458,11.009407
7,16,4.6238065,11.287163
7,17,4.5161204,12.767838
7,18,6.493346,15.0319
7,19,5.0946765,16.643976
7,20,5.2002134,17.40378
7,21,4.7122607,18.09077
7,22,6.3056498,20.978148
7,23,5.8230906,21.168663
7,24,6.040868,20.176615
7,25,6.615169,23.830967
7,26,5.609172,26.556734
7,27,7.3919177,26.691307
7,28,8.921113,29.089075
7,29,8.519044,30.953682
7,30,8.680773,32.59581
7,31,9.57399,35.184937
7,32,9.991792,36.59014
7,33,10.566296,37.754536
7,34,11.214211,38.551403
7,35,10.75311,41.973602
7,36,11.055642,43.95071
7,37,11.722307,46.832325
7,38,13.482652,48.497578
7,39,13.327729,50.15068
7,40,15.220792,52.45534
7,41,14.310669,52.44208
7,42,14.18805,56.50654
7,42.71245,15.504356,58.14816
8,1,2.2491841,1.0731156
8,2,1.8829588,2.94128
8,3,1.7795215,2.0083656
8,4,2.509173,3.4455884
8,5,1.9930927,3.0405145
8,6,1.7333803,5.201124
8,7,1.5866114,4.2649846
8,8,1.4818685,5.537802
8,9,2.5750122,6.131574
8,10,2.8838854,6.045916
8,11,2.580879,7.3424497
8,12,2.9373324,9.949413
8,13,4.2540727,9.67688
8,14,3.9475768,10.503749
8,15,4.302476,12.405166
8,16,4.68458,13.098917
8,17,5.1972384,13.357904
8,18,5.26994,15.298713
8,19,5.19447,16.14686
8,20,7.8319793,18.158403
8,21,6.674476,19.0583
8,22,7.8711057,20.694492
8,23,7.297857,22.5299
8,24,8.362477,24.209394
8,25,9.209225,24.784538
8,26,10.064426,26.066732
8,27,9.006114,28.994017
8,28,10.471036,30.588593
8,29,10.478713,31.393951
8,30,11.010106,33.465252
8,31,11.934027,36.35098
8,32,12.832226,37.03609
8,33,15.370948,39.816216
8,34,14.514735,41.599117
8,35,15.669332,44.400955
8,36,14.759618,45.110435
8,37,16.446732,46.557663
8,38,18.381466,50.879654
8,39,18.704756,52.07383
8,40,19.737585,53.329273
8,41,20.30553,56.380363
8,42,21.87717,58.669777
8,43,23.452343,60.154724
8,44,23.673162,63.692837
8,45,25.643406,66.35386
8,46,25.965174,69.61846
8,47,26.391811,71.22616
8,48,26.364197,75.5145
8,49,27.724241,76.19512
8,50,31.965397,79.747986
8,51,29.078468,81.982834
8,52,31.624851,83.3588
8,53,32.4813,88.302925
8,54,33.380714,89.57363
8,55,35.406918,93.599174
8,56,35.964077,98.90771
8,57,37.99053,99.63169
8,58,39.49232,103.37476
8,59,41.42999,104.01522
8,60,42.043922,108.556015
8,61,42.831375,110.7451
8,62,43.931824,114.032776
8,63,44.507183,119.96144
8,64,47.098305,120.45292
8,65,48.604702,125.06256
8,66,49.351677,127.995575
8,67,51.179764,129.08221
8,68,52.540123,134.12732
8,69,54.93493,139.08704
8,69.5958,56.208717,140.41406
9,1,2.1849318,1.8730383
9,2,2.562955,1.9475529
9,3,1.6967934,2.3240705
9,4,1.6370664,1.7793099
9,5,1.9306723,2.7896118
9,6,1.8551569,4.3464003
9,7,2.7402558,5.0171366
9,8,3.65064,6.1431236
9,9,3.250494,5.7000833
9,10,2.4244127,6.757771
9,11,2.6791575,8.208608
9,12,3.4037676,8.813015
9,13,3.7266564,9.732301
9,14,4.277705,10.062763
9,15,3.5948846,10.81322
9,16,5.7764635,13.730179
9,17,4.4587884,13.576133
9,18,4.8328795,15.251329
9,19,6.19886,14.857702
9,20,6.086787,17.158535
9,21,6.930027,19.52408
9,22,7.825741,18.897705
9,23,7.867178,21.995453
9,24,8.223536,21.723793
9,25,8.804459,23.714987
9,26,10.732754,25.6256
9,27,10.053051,26.44242
9,28,11.520357,29.21518
9,29,11.943399,30.69675
9,30,12.343864,31.454031
9,31,11.917553,32.05452
9,32,13.924218,34.497913
9,33,14.0860615,38.490753
9,34,16.168913,39.07407
9,35,16.148962,41.19325
9,36,16.305487,43.86972
9,37,17.83366,46.001896
9,38,19.494799,48.227142
9,39,19.328928,49.412605
9,39.219677,20.195599,48.873676
10,1,1.3783265,2.1334856
10,2,2.743326,3.1607378
10,3,3.5809937,3.2436023
10,4,2.7860942,2.5476952
10,5,2.417787,2.5544286
10,6,2.722625,5.4264765
10,7,4.488379,3.9113257
10,8,1.9289013,4.9511414
10,9,2.396182,6.502192
10,10,3.7069135,7.929182
10,11,3.493074,7.083274
10,12,4.9313955,8.277399
10,13,5.100668,8.454542
10,14,4.9845486,10.66108
10,15,4.312665,12.059686
10,16,4.1633143,11.945287
10,17,6.000133,14.243124
10,18,4.6097,14.675604
10,19,6.285805,15.3410845
10,20,6.694822,17.346651
10,21,6.6692533,18.85437
10,22,7.4230843,20.889236
10,23,6.6672063,21.419846
10,24,7.4737186,23.881279
10,25,7.4848332,23.662672
10,26,10.295465,26.867407
10,27,10.309184,26.610764
10,28,9.904642,28.971565
10,29,10.244189,30.34656
10,30,10.125426,33.63407
10,31,11.451172,35.099773
10,32,13.091072,36.965855
10,33,12.939605,37.543957
10,34,11.807216,40.2112
10,35,14.225258,42.23032
10,36,14.457375,44.12134
10,37,15.526158,46.72141
10,38,15.443619,47.776836
10,39,16.292044,50.568104
10,40,16.445066,53.185734
10,41,18.263155,55.525497
10,42,18.195377,56.822052
10,43,19.045378,59.03119
10,44,22.192509,61.18346
10,45,20.62271,64.51874
10,46,23.343685,66.4584
10,47,23.614483,69.69475
10,48,23.729273,70.85726
10,49,23.33257,73.02621
10,50,25.9922,76.55537
10,51,27.651443,77.278755
10,52,29.10146,81.84297
10,53,28.60565,82.98215
10,54,28.27397,86.09507
10,55,30.001673,88.6559
10,56,32.037933,92.72643
10,57,32.322994,94.65216
10,58,33.897274,98.42867
10,59,36.18814,100.40539
10,60,36.33654,101.97768
10,60.973537,37.814137,106.23391
11,1,4.212937,0.14482582
11,2,4.062363,1.2388153
11,3,4.4962254,1.7491167
11,4,3.799358,1.2373086
11,5,4.765807,4.027398
11,6,2.3558483,2.631915
11,7,4.525781,2.9100256
11,8,3.650528,4.7278786
11,9,5.561098,4.447148
11,10,3.6220694,6.423772
11,11,4.825879,6.970461
11,12,5.5584197,8.472808
11,13,5.1538787,10.497527
11,14,6.440181,7.4357653
11,15,7.1234975,11.466312
11,16,5.7618704,10.8295965
11,17,6.824583,12.213243
11,18,7.951187,13.625481
11,19,7.0819306,13.608827
11,20,7.6672506,15.861221
11,21,9.588563,15.765766
11,22,7.9486547,18.181705
11,23,9.290119,19.265831
11,24,9.642708,20.810955
11,25,9.841547,22.24377
11,26,9.927091,23.769272
11,27,11.516816,24.708807
11,28,10.106653,26.484146
11,29,12.47722,28.054897
11,30,11.957271,27.767538
11,31,13.042595,29.368029
11,32,14.822706,31.358994
11,33,15.031951,33.516415
11,34,16.142096,35.517746
11,35,15.573417,36.636765
11,36,16.11395,38.955727
11,37,17.192198,39.457333
11,38,16.696936,43.08889
11,39,17.84106,43.170757
11,40,18.70219,46.09283
11,41,20.559797,49.178604
11,42,20.418503,50.791786
11,43,22.390709,52.57741
11,44,22.5453,53.71595
11,45,23.500513,56.919113
11,46,25.489408,58.791393
11,47,26.924877,58.704227
11,48,26.674988,61.0316
11,49,26.040073,62.831673
11,50,28.546778,65.60082
11,51,30.467232,69.10737
11,52,31.664774,70.14424
11,53,32.672993,73.96685
11,54,33.006054,74.14463
11,55,32.584007,78.61548
11,56,34.310627,82.173035
11,57,36.3235,82.6924
11,58,38.11087,84.736046
11,59,38.54133,88.16966
11,60,39.260532,90.04407
11,61,40.805824,93.80916
11,62,41.46567,95.82132
11,62.455032,41.00782,95.87397
12,1,2.85454,1.4804641
12,2,2.1059425,2.4835336
12,3,2.4966862,3.0391808
12,4,2.2212458,1.9889505
12,5,2.7132325,3.4184484
12,6,3.1331847,2.2923489
12,7,2.0715966,4.719278
12,8,2.62901,5.461482
12,9,2.7535357,6.432834
12,10,3.3041627,6.6577754
12,11,4.868353,7.7494593
12,12,2.9664965,7.3750606
12,13,4.4398746,8.616004
12,14,4.225389,10.951626
12,15,3.9581919,11.005996
12,16,3.043456,14.977867
12,17,6.297739,15.250564
12,18,4.328738,16.126162
12,19,6.179423,16.839104
12,20,5.8128166,16.623247
12,21,6.530113,18.805433
12,22,7.3792677,19.113325
12,23,7.699909,21.068027
12,24,7.387691,22.214638
12,25,10.6015215,24.60983
12,26,9.491849,24.128704
12,27,9.371323,27.368248
12,28,10.851615,28.360611
12,29,10.733458,31.576748
12,30,11.7114,32.036293
12,31,11.322085,33.781784
12,32,13.17745,36.521187
12,33,14.136677,38.142017
12,34,13.73992,40.812763
12,35,15.036019,41.500496
12,36,15.977832,44.852924
12,37,16.914053,47.008324
12,38,17.57081,45.53415
12,39,18.328224,49.995426
12,40,20.104528,51.667255
12,41,21.180416,53.756447
12,42,21.247126,56.58162
12,43,20.831656,59.94053
12,44,23.480738,60.608418
12,45,24.246124,64.035866
12,46,26.232876,66.640335
12,47,24.551157,70.245995
12,48,27.282095,72.00076
12,49,28.465822,73.40681
12,50,28.281538,76.088066
12,51,28.512552,80.037125
12,52,30.366013,80.76737
12,53,31.380917,85.64349
12,54,33.054253,87.515526
12,55,33.07917,89.65903
12,56,35.42415,93.31374
12,57,36.834007,96.27173
12,58,38.828568,99.0537
12,59,39.126446,101.576744
12,60,40.333954,104.59226
12,61,40.228592,107.29972
12,62,43.843433,110.08825
12,63,43.921158,113.679146
12,64,45.68253,116.611725
12,65,47.339527,119.67267
12,66,47.056877,123.9827
12,67,48.274338,126.92358
12,68,50.640244,130.38417
12,69,51.80429,132.59976
12,70,53.52372,136.66841
12,71,54.639347,139.40077
12,72,56.392628,144.90129
12,73,57.193745,146.99763
12,74,58.62522,151.00975
12,75,62.07772,153.93735
12,75.767624,62.23944,156.64822
13,1,2.339758,2.8900332
13,2,2.910367,1.5448939
13,3,2.587767,2.760331
13,4,2.986579,2.5969126
13,5,2.634864,4.097429
13,6,3.6552935,2.26439
13,7,2.338264,3.1920571
13,8,3.8664746,4.7857857
13,9,3.7798922,5.866362
13,10,3.1599314,6.707819
13,11,3.687666,7.512286
13,12,3.9873784,7.580853
13,13,4.597366,8.883224
13,14,4.339214,9.445398
13,15,4.2753024,10.120413
13,16,3.844595,11.597935
13,17,3.531415,12.039073
13,18,5.010433,13.887278
13,19,4.907636,16.320183
13,20,6.6518917,16.031239
13,21,5.5422416,17.411577
13,22,5.231826,18.065392
13,23,7.357562,18.373737
13,24,6.8072343,21.212719
13,25,8.021607,20.846416
13,26,7.6404777,25.113523
13,27,9.423267,26.636227
13,28,8.107455,26.1921
13,29,8.143245,28.388464
13,30,9.237043,31.756405
13,31,9.278244,32.558193
13,32,9.922394,33.80324
13,33,11.108715,34.00554
13,34,11.685127,36.903282
13,35,11.754877,40.21229
13,36,12.082395,40.122524
13,37,13.734154,42.99615
13,38,13.341216,44.883915
13,39,15.233068,45.727535
13,40,15.05218,46.352676
13,41,17.055933,49.174248
13,42,16.651741,52.093132
13,43,16.693502,53.351616
13,44,18.572947,56.17078
13,45,19.156004,58.63099
13,46,19.324167,60.907585
13,47,19.413515,61.917713
13,48,18.756174,64.59736
13,49,20.09237,66.01124
13,50,22.477377,68.32453
13,51,21.855747,71.55156
13,52,23.310736,73.79457
13,53,25.03174,76.74126
13,54,24.312588,78.46043
13,55,24.817816,81.835396
13,56,26.553436,84.33047
13,57,27.224453,85.45336
13,58,30.068626,88.64372
13,59,29.297974,91.084755
13,60,29.462353,93.88103
13,61,30.888435,97.127106
13,62,31.865803,97.04717
13,63,33.618675,102.45215
13,64,35.190292,103.00056
13,65,35.512535,107.71653
13,66,34.974346,108.55381
13,67,36.969856,111.94666
13,68,38.782818,114.97137
13,69,38.68514,118.61832
13,70,40.726303,122.38287
13,71,40.915733,124.69915
13,72,42.739494,129.11058
13,73,42.525818,131.60072
13,74,44.026165,133.16603
13,75,46.858788,136.37508
13,76,47.450493,138.7151
13,77,48.23498,143.87813
13,78,50.190372,145.66855
13,79,49.735004,148.92113
13,80,50.608505,153.19789
13,81,53.043285,155.1517
13,82,53.2446,159.64355
13,83,55.747818,162.48103
13,84,56.750977,166.02016
13,85,59.104073,166.37244
13,86,60.27606,172.44171
13,87,61.122383,175.4385
13,88,62.96228,180.40695
13,88.21854,62.898422,180.4475
14,1,3.3249428,1.4176618
14,2,0.28905046,0.7473415
14,3,1.4887269,3.5426981
14,4,1.9618405,2.8550289
14,5,0.9931547,3.0349815
14,6,2.2912397,3.985669
14,7,2.2558148,5.042884
14,8,1.6279024,3.1218076
14,9,2.5614102,4.151875
14,10,2.740694,6.98943
14,11,2.3292532,7.7433786
14,12,3.783702,7.8266377
14,13,3.1434278,9.030037
14,14,3.968181,9.760774
14,15,3.4232628,11.092229
14,16,2.6956778,13.26666
14,17,5.258094,13.462088
14,18,4.84902,15.976354
14,19,4.4766154,16.318258
14,20,3.5110264,16.135164
14,21,6.0123506,19.083408
14,22,6.8506603,19.618391
14,23,8.269972,21.212214
14,24,7.496647,22.89255
14,25,7.4480205,24.80799
14,26,7.638239,25.123974
14,27,8.453511,26.419094
14,28,8.757565,29.168417
14,29,8.771366,29.537663
14,30,9.070046,32.342358
14,31,10.875649,34.82436
14,32,11.276031,35.359745
14,33,11.652077,37.63562
14,34,12.785629,38.72437
14,35,13.504184,40.463814
14,36,14.041777,43.444637
14,37,14.348659,45.135036
14,38,15.266141,48.34915
14,39,16.463505,47.818043
14,40,16.487846,50.032387
14,41,16.704027,53.135693
14,42,17.614256,54.416637
14,43,18.857225,57.323143
14,44,20.264202,59.695663
14,45,20.19675,61.77733
14,46,22.205261,64.25545
14,47,24.112524,67.0258
14,48,22.774979,70.22319
14,49,23.798025,71.26794
14,50,23.156864,73.86125
14,51,26.144094,76.480446
14,52,26.83663,78.007904
14,53,26.61137,81.00343
14,53.860474,28.04676,83.452736
15,1,3.5080595,1.3316327
15,2,2.629116,2.6391006
15,3,0.91860414,1.7140683
15,4,1.3438984,2.5717912
15,5,0.7957965,3.4797754
15,6,3.7269998,3.10308
15,7,3.557598,3.82753
15,8,3.1605587,4.412187
15,9,2.261969,6.514063
15,10,2.296853,6.7500815
15,11,2.6332078,6.917161
15,12,3.327014,8.658436
15,13,3.644854,9.292556
15,14,2.179051,9.909375
15,15,5.00303,10.214363
15,16,5.0831738,11.231102
15,17,4.889793,14.409232
15,18,3.9556549,14.25676
15,19,4.2223697,17.791492
15,20,5.1426697,17.788837
15,21,5.3850203,18.208712
15,22,5.7461104,21.578615
15,23,7.486538,22.379856
15,24,6.0411515,23.21587
15,25,6.3841367,24.850721
15,26,7.1513467,27.175056
15,27,6.246512,27.14344
15,28,7.261044,30.128426
15,29,7.635133,31.698961
15,30,8.378952,34.643063
15,31,8.776225,33.736946
15,32,8.22508,35.327747
15,33,10.0590725,39.876877
15,34,10.5406275,41.606293
15,35,10.591072,43.208744
15,36,10.880121,45.633293
15,37,11.17395,46.903324
15,38,12.741624,49.384872
15,39,11.287677,50.62846
15,40,14.189772,54.640617
15,41,14.825968,57.440327
15,42,14.348623,59.239853
15,43,14.13145,61.035183
15,44,15.521064,65.462494
15,45,15.168601,66.39827
15,46,16.265955,70.37323
15,47,17.07973,73.029816
15,48,17.400852,74.35092
15,49,18.33197,76.45441
15,50,20.730755,79.31572
15,51,20.420511,82.54233
15,52,20.591728,84.556366
15,53,21.900106,87.06804
15,54,21.437325,89.82113
15,55,22.841986,94.363396
15,56,24.338419,95.815575
15,57,24.635784,98.03892
15,58,25.029802,101.80686
15,59,24.45478,104.33046
15,60,26.589973,107.20203
15,60.948,28.73636,110.43528
16,1,4.3139234,3.489296
16,2,4.2849574,3.8920417
16,3,2.821102,0.8346435
16,4,5.3812337,3.8226626
16,5,4.214217,4.0248046
16,6,6.3920565,3.8876731
16,7,4.548889,3.9679596
16,8,4.288888,4.7482743
16,9,4.331235,6.0113587
16,10,4.9094524,6.0442295
16,11,4.648424,7.136236
16,12,5.363398,8.428807
16,13,5.294711,9.40136
16,14,6.278059,9.490307
16,15,7.630197,11.582424
16,16,6.9718666,11.021555
16,17,6.8349295,12.521436
16,18,5.8765135,12.651822
16,19,7.203161,14.265814
16,20,8.008166,15.646424
16,21,7.7855177,17.764837
16,22,9.437219,18.00253
16,23,8.854814,21.426523
16,24,8.809189,23.763262
16,25,10.284977,23.346134
16,26,10.959341,23.2086
16,27,10.11241,26.358421
16,28,11.490854,27.994307
16,29,10.176362,31.564785
16,30,11.610373,30.610891
16,31,13.461581,32.840775
16,32,13.688699,34.00806
16,33,15.79479,35.588467
16,34,14.597114,38.503033
16,35,14.71626,39.487785
16,36,14.972255,42.83337
16,37,19.02464,43.4399
16,38,17.619562,46.353165
16,39,19.397606,47.95712
16,40,19.877392,50.85189
16,41,19.633808,53.3022
16,42,19.63888,53.965607
16,43,21.29509,55.076176
16,44,22.781218,59.002403
16,45,24.880293,60.505474
16,46,24.76148,63.43614
16,47,26.149208,65.80077
16,48,26.934235,66.55753
16,49,27.472078,71.44435
16,50,27.874662,72.79816
16,51,29.672096,75.22041
16,52,30.628508,78.3413
16,53,31.099264,80.65752
16,54,31.570093,82.26232
16,55,31.548256,86.596
16,56,33.68712,89.72829
16,57,34.3508,93.052605
16,58,37.920033,95.661415
16,59,37.18989,95.91882
16,60,38.481415,99.81965
16,61,40.25786,102.86269
16,62,38.62232,105.14818
16,63,42.530727,107.62559
16,64,43.392193,111.75049
16,65,44.39174,114.5969
16,66,46.696198,117.67615
16,67,46.334816,121.280556
16,68,47.1212,123.726326
16,69,49.725174,127.61829
16,70,50.98114,129.04776
16,71,52.15017,133.29709
16,72,53.15189,138.43813
16,73,53.849743,139.83089
16,74,55.407127,143.13274
16,75,57.445503,146.7256
16,76,59.378494,149.62619
16,77,61.09351,153.32716
16,78,63.721123,157.08727
16,79,63.291374,161.15129
16,80,64.18388,163.31941
16,81,66.292175,167.81566
16,82,68.209755,170.20364
16,83,70.81221,176.21642
16,83.74159,72.22909,179.53142
17,1,0.8749455,1.2056533
17,2,2.0150015,2.6103296
17,3,0.6446885,2.7601352
17,4,0.2146995,2.4980695
17,5,2.0565596,1.2920995
17,6,1.3590877,2.50602
17,7,3.8537595,4.837088
17,8,2.5218306,5.38027
17,9,4.255615,5.722361
17,10,1.7905095,6.1207457
17,11,2.7473125,6.8525963
17,12,3.9332335,8.183455
17,13,3.973357,9.897916
17,14,4.196142,10.128787
17,15,4.7033334,11.31893
17,16,4.40539,13.2933235
17,17,5.382105,13.792859
17,18,5.322179,14.363404
17,19,5.2193675,17.563177
17,20,6.98199,16.236914
17,21,7.3638096,19.930311
17,22,7.490768,21.53621
17,23,8.038477,20.98765
17,24,8.073893,23.18009
17,25,9.927563,23.784777
17,26,8.629481,26.87312
17,27,10.477676,25.434286
17,28,12.378883,30.128683
17,29,11.97986,32.53431
17,30,13.236494,30.780294
17,31,14.59751,32.711224
17,32,13.950834,36.89164
17,33,15.1681,37.62033
17,34,15.438997,39.91349
17,35,16.80026,40.709538
17,36,17.204971,42.6855
17,37,18.923025,46.19163
17,38,18.897085,48.063496
17,39,21.136465,49.57021
17,40,22.180378,52.463516
17,41,22.489891,52.549732
17,42,22.569218,56.337418
17,43,23.824883,58.90657
17,44,25.078878,59.099026
17,45,28.93445,60.052315
17,46,28.960464,64.444
17,47,27.647425,68.06282
17,48,30.728992,70.32746
17,49,30.467382,71.6606
17,50,33.203228,74.747086
17,51,34.765255,75.89638
17,52,35.270203,79.04968
17,53,36.62846,81.1631
17,54,36.99736,85.02402
17,55,39.663754,86.73811
17,56,38.52867,90.19164
17,57,42.29701,92.042984
17,58,42.0708,96.868996
17,59,45.552387,97.893295
17,60,46.02044,100.73211
17,61,47.83161,104.906105
17,62,48.5912,106.89338
17,63,50.178318,109.83453
17,64,53.322895,113.58563
17,65,53.55492,115.938805
17,66,55.768555,118.455154
17,66.33216,56.470104,119.48192
18,1,3.8273482,1.9295967
18,2,2.1528335,1.703471
18,3,3.7469184,2.3149283
18,4,2.149693,3.7051225
18,5,3.3518083,4.236808
18,6,0.55771124,3.2876573
18,7,2.5089996,4.3258142
18,8,2.0561256,4.3636966
18,9,3.114273,5.7786546
18,10,2.5941145,6.7107105
18,11,2.5046291,6.8610067
18,12,3.720772,8.969287
18,13,3.9156585,6.715498
18,14,5.028093,10.032798
18,15,3.4070635,11.235001
18,16,4.418496,12.566867
18,17,3.3989534,13.030137
18,18,5.356149,13.262789
18,19,6.297634,14.855521
18,20,6.041863,16.040335
18,21,6.64431,17.320219
18,22,5.9332705,17.63976
18,23,8.4173,20.732126
18,24,8.1334715,20.142633
18,25,7.4348235,22.56
18,26,8.22514,24.729048
18,27,9.254829,26.38605
18,28,11.8361635,27.262905
18,29,10.126274,28.093056
18,30,9.131771,30.348894
18,31,11.246515,32.719597
18,32,13.1685095,34.981495
18,33,14.171713,35.410065
18,34,15.969379,37.309425
18,35,15.259369,38.826115
18,36,14.616292,39.16023
18,37,15.907692,43.597103
18,38,16.627235,44.381233
18,39,18.89854,44.416447
18,40,19.857399,48.33532
18,41,19.778816,49.226364
18,42,21.251457,52.348267
18,43,22.744547,54.250732
18,44,22.511831,56.310925
18,45,23.606247,60.459858
18,46,25.35754,61.20408
18,47,24.454388,62.37154
18,48,26.3131,66.80522
18,48.28092,27.001553,66.173416
19,1,1.6385697,1.9849956
19,2,1.2371353,1.5333722
19,3,1.8679461,3.1005826
19,4,1.6522124,3.5314524
19,5,2.4287148,3.6817093
19,6,1.3369498,3.921943
19,7,1.1337719,4.7862344
19,8,2.728518,5.5442796
19,9,2.9683235,6.7149935
19,10,2.5065794,6.2779913
19,11,3.3469653,9.006398
19,12,2.6061666,9.479866
19,13,2.579208,9.96238
19,14,3.0680869,11.805608
19,15,3.6856465,10.353501
19,16,4.5347366,11.223113
19,17,2.7867532,14.44538
19,18,4.3901653,14.771979
19,19,4.206642,16.293406
19,20,4.2760024,15.947504
19,21,6.708052,18.611858
19,22,4.2359834,19.371979
19,23,5.2049203,21.174126
19,24,6.009634,22.803036
19,25,5.734004,23.123798
19,26,6.9658937,26.917076
19,27,7.920082,28.325377
19,28,6.589054,29.0766
19,29,7.025689,31.609636
19,30,8.122521,34.40681
19,31,8.791257,35.42416
19,32,8.776427,36.1445
19,32.52735,8.497687,37.650505
20,1,2.5535665,1.8025919
20,2,2.5698342,2.889969
20,3,2.7427409,2.3661792
20,4,1.4604689,3.2028465
20,5,2.1951683,3.8396213
20,6,2.5919032,3.0415282
20,7,1.9220252,4.691674
20,8,3.526365,5.4107137
20,9,4.4460797,5.6501956
20,10,3.7054653,6.5364738
20,11,3.992754,8.00802
20,12,3.8699126,7.5206895
20,13,3.8569436,8.009174
20,14,3.900537,9.529024
20,15,5.4907627,12.445406
20,16,4.1761417,12.420468
20,17,5.670066,13.561103
20,18,4.7527547,13.933944
20,19,6.067662,15.58008
20,20,5.7189355,16.195349
20,21,6.439356,18.860691
20,22,6.53996,20.416588
20,23,6.9721184,21.118887
20,24,7.8137474,20.880991
20,25,8.458332,22.939978
20,26,9.757928,23.997192
20,27,10.619602,28.980167
20,28,11.710099,27.497553
20,29,11.233995,30.397512
20,30,11.010037,32.660263
20,31,12.408889,34.382458
20,32,13.816291,35.609486
20,33,15.102826,38.160686
20,34,15.233535,38.70172
20,35,15.693824,40.78851
20,36,15.231123,43.4153
20,37,17.114101,44.781113
20,38,17.876196,47.666508
20,39,19.907892,50.412148
20,40,19.926996,52.166954
20,41,20.887989,53.01652
20,42,21.186224,55.151054
20,43,22.370255,57.5722
20,44,23.057972,60.125877
20,45,24.18754,61.16006
20,46,24.591333,65.13006
20,47,25.441116,66.991974
20,48,26.780083,70.39151
20,49,28.483418,71.65387
20,50,29.409927,75.53094
20,51,29.628613,76.335304
20,52,32.685616,80.02896
20,53,32.725914,82.96869
20,54,33.4824,85.09509
20,55,35.99838,86.46736
20,56,36.005005,88.32774
20,57,38.66553,91.37986
20,58,40.005764,95.097565
20,59,41.3172,98.663994
20,60,40.25224,100.38832
20,61,42.29814,104.54336
20,62,42.901768,107.14426
20,63,45.3035,108.51043
20,64,47.76383,112.89343
20,65,47.776752,113.73174
20,66,48.82393,119.15273
20,67,51.823925,121.40832
20,68,51.085186,125.2195
20,69,56.149944,128.85826
20,70,56.822147,130.64268
20,70.41949,57.176765,132.03328
21,1,3.6740482,1.6883609
21,2,3.7461567,1.9690285
21,3,3.5340338,2.2819233
21,4,2.972258,3.5796576
21,5,2.8416855,3.4019258
21,6,3.407653,4.159627
21,7,4.4338217,3.677012
21,8,3.5928714,3.7289734
21,9,3.4081624,6.8762684
21,10,3.9295678,6.6223454
21,11,4.3398676,8.260069
21,12,4.3444676,7.6569223
21,13,3.9161184,8.668203
21,14,4.252375,10.57457
21,15,3.6363738,11.024589
21,16,3.7486677,12.323122
21,17,4.116747,12.98839
21,18,3.96672,14.995353
21,19,6.5524664,16.193277
21,20,4.7040877,16.65621
21,21,6.5636635,18.564657
21,22,7.18396,20.207315
21,23,6.03696,20.700098
21,24,7.7566032,22.539562
21,25,7.5244093,23.726604
21,26,8.6894865,24.49912
21,27,8.854117,27.357063
21,28,9.141001,28.257736
21,29,9.567009,31.972044
21,30,9.976401,31.183914
21,31,10.402998,35.18219
21,32,10.148472,36.096714
21,33,11.219522,37.52126
21,34,12.185187,40.654316
21,35,12.384043,43.189995
21,36,12.971025,43.640507
21,37,13.185866,46.24282
21,38,14.351525,48.03769
21,39,14.3374195,50.079056
21,40,14.877167,52.18294
21,41,14.421904,54.515827
21,42,16.499554,55.726173
21,43,17.918898,59.905872
21,44,15.935723,61.460815
21,45,18.342073,63.96031
21,46,18.107113,64.689064
21,47,18.06879,68.25276
21,48,20.63399,71.611855
21,49,19.291552,72.0567
21,50,21.46423,75.912964
21,51,23.409359,78.26845
21,52,24.443682,81.14839
21,53,24.758543,82.80071
21,54,24.043318,84.74235
21,55,26.100355,91.03296
21,56,26.572174,91.345436
21,57,27.841845,93.54507
21,58,28.857605,98.05473
21,59,30.241592,100.3
21,60,29.666561,101.73273
21,61,30.273212,106.033615
21,62,32.157,109.48455
21,63,32.881744,112.1683
21,64,34.05574,114.64825
21,65,34.75232,118.177345
21,66,35.874046,121.23066
21,67,35.9419,125.43097
21,68,36.30746,128.00078
21,68.304825,37.809166,128.86974
22,1,2.345014,1.7998545
22,2,1.8591877,3.2880578
22,3,2.2705219,3.0234466
22,4,1.3706299,2.372734
22,5,1.981203,4.7375016
22,6,2.136905,3.8104043
22,7,2.472878,2.9394364
22,8,3.3016086,4.264712
22,9,2.24491,5.5723066
22,10,2.5889149,4.945796
22,11,2.9341044,7.7194023
22,12,2.0910017,9.334957
22,13,3.116905,9.944883
22,14,3.5269885,9.832863
22,15,4.9875355,10.488741
22,16,3.7526293,13.839307
22,17,3.9077568,14.1513605
22,18,4.562001,14.929747
22,19,3.6256464,15.103177
22,20,6.0351787,15.834836
22,21,6.367132,17.17527
22,22,6.2681375,18.607178
22,23,6.1891475,19.277777
22,24,7.112557,21.244923
22,25,6.4316196,21.863274
22,26,7.7265744,23.39464
22,27,9.264082,25.797667
22,28,9.033397,26.508728
22,29,9.899747,27.648155
22,30,8.630438,29.30899
22,31,9.759175,29.596706
22,32,10.343184,33.853737
22,33,11.491148,35.51234
22,34,11.943383,36.419838
22,35,12.257298,37.812256
22,36,11.756258,38.1198
22,37,13.279849,41.076233
22,38,13.953567,44.021698
22,39,16.283293,44.264847
22,40,17.239372,45.725975
22,41,16.866625,48.24119
22,42,16.948462,50.8825
22,43,17.775602,52.808506
22,44,18.68029,53.339878
22,45,20.027655,55.37145
22,46,20.387703,58.76434
22,47,20.62927,60.790653
22,48,20.946733,62.950714
22,49,22.713848,64.81832
22,50,22.993568,66.68025
22,51,25.942276,70.01843
22,52,24.163189,71.6133
22,53,26.745348,73.17969
22,54,28.387514,75.224655
22,55,27.619043,78.83638
22,56,29.319452,79.76748
22,57,30.139467,81.954185
22,58,30.687437,85.55753
22,59,33.479725,88.0863
22,60,33.85977,91.06163
22,61,34.306396,92.81172
22,62,35.54176,96.91698
22,63,37.35615,97.913925
22,64,37.411266,100.61786
22,65,38.59867,102.13381
22,66,39.92832,105.38106
22,67,41.72645,109.310265
22,68,41.67968,112.17434
22,69,43.27274,114.65764
22,70,45.461826,116.30996
22,71,46.52277,121.48743
22,72,47.58433,122.98922
22,73,47.043144,126.45913
22,74,49.92359,127.9076
22,75,52.076416,130.75198
22,76,52.449604,134.65988
22,77,54.98057,137.20206
22,78,55.300617,140.10219
22,79,57.23868,144.15488
22,80,57.838985,147.20076
22,81,59.406166,148.67043
22,82,61.03309,153.5148
22,83,62.8277,155.20857
22,84,64.25958,159.94812
22,85,64.11427,161.82779
22,86,66.36348,165.16296
22,87,67.76024,168.145
22,88,68.74878,172.98886
22,89,70.73631,175.23988
22,90,74.227356,178.94725
22,91,74.889114,183.34598
22,92,76.28459,186.15572
22,93,77.178795,189.00331
22,93.8914,78.77131,190.05463
23,1,1.8379171,1.2599044
23,2,1.2575299,2.9513671
23,3,0.4629163,2.7043498
23,4,-0.23603487,2.0833747
23,5,0.6633016,2.556272
23,6,0.20270765,3.2387834
23,7,1.9399197,4.227472
23,8,0.52902544,5.4654813
23,9,2.2668338,6.6466784
23,10,1.4132582,9.071362
23,11,1.7262824,7.9635954
23,12,3.0412705,8.954788
23,13,1.5352632,9.03901
23,14,3.5345783,11.650319
23,15,2.9533203,13.592955
23,16,2.6314325,12.15095
23,17,3.2127092,13.288287
23,18,3.6571617,15.901347
23,19,3.9504294,17.400463
23,20,5.037012,17.378286
23,21,5.340344,20.494518
23,22,5.065555,19.990463
23,23,5.552763,23.04295
23,24,6.726247,25.11313
23,25,7.366169,25.95958
23,26,7.2600646,28.42973
23,27,7.4473987,28.8243
23,28,7.5378747,32.491737
23,29,7.703545,31.889812
23,30,8.329893,35.48208
23,31,9.450484,37.94346
23,32,10.375183,39.096493
23,33,11.37656,41.313877
23,34,11.14973,44.721916
23,35,11.376841,45.658447
23,36,12.488533,47.294765
23,37,13.428047,49.98442
23,38,14.767477,52.413933
23,39,15.710694,55.248367
23,40,16.249031,57.378986
23,41,16.730476,60.210632
23,42,17.20658,61.370922
23,43,17.68011,64.895065
23,44,19.795952,67.05617
23,45,20.26527,70.37593
23,46,20.341038,72.54812
23,47,21.544104,74.09505
23,48,21.506721,75.92692
23,49,22.222582,78.296196
23,50,22.30274,82.317825
23,51,24.759302,86.191635
23,52,26.481804,87.72491
23,53,26.20392,92.375175
23,54,27.288565,95.95515
23,55,28.765415,98.31315
23,56,29.93136,99.843834
23,57,32.322605,103.75005
23,58,32.5447,106.813324
23,59,32.823723,112.02781
23,60,33.314133,113.51453
23,61,34.45255,117.228745
23,62,36.840744,120.01481
23,63,36.928352,123.62989
23,64,39.142033,126.76764
23,65,40.45545,130.78009
23,66,41.883083,133.88933
23,67,43.100075,137.42302
23,68,41.980373,142.13167
23,69,44.133694,144.24716
23,70,47.062847,148.25601
23,71,47.558945,150.93771
23,72,46.610516,157.303
23,73,49.822678,160.08617
23,74,52.36327,162.4705
23,75,52.253307,168.08961
23,75.035095,52.450077,168.72897
24,1,3.1534538,1.1672797
24,2,1.9770397,3.7187264
24,3,3.1916704,2.41888
24,4,3.7923932,3.0929906
24,5,2.8206127,4.9034405
24,6,3.6747751,5.7833614
24,7,3.6347106,5.5357428
24,8,3.4997418,5.488208
24,9,3.0370076,5.442449
24,10,4.153367,6.239314
24,11,3.8646362,10.0806675
24,12,4.2472005,9.22582
24,13,5.3047433,11.300196
24,14,5.6923285,11.804294
24,15,6.0556,13.438175
24,16,5.112033,13.786641
24,17,6.083076,15.17741
24,18,5.1334276,17.387959
24,19,7.720051,17.637
24,20,8.574166,20.011637
24,21,7.246646,22.591925
24,22,7.6764493,22.768229
24,23,7.8368044,24.767508
24,24,7.9516535,26.912794
24,25,9.858475,30.475042
24,26,10.084461,28.938274
24,27,10.224015,32.80547
24,28,11.0801525,34.011837
24,29,10.693794,34.70388
24,30,10.708366,37.73093
24,31,11.854766,41.937603
24,32,12.061882,44.569717
24,33,14.676212,43.80358
24,34,15.146809,47.380028
24,35,14.702412,48.644672
24,36,16.137888,51.951206
24,37,17.236614,54.471283
24,38,17.381979,57.057148
24,39,18.809221,59.963303
24,40,19.617912,60.75974
24,41,18.511024,65.839294
24,42,19.480694,68.50704
24,43,21.14953,69.60409
24,44,22.875587,72.83729
24,45,22.544224,76.56024
24,46,24.45074,79.18719
24,47,25.835312,81.11591
24,48,26.43762,84.04898
24,49,26.692646,87.695496
24,50,27.17596,90.46621
24,51,29.230581,93.71827
24,52,29.442501,97.53405
24,53,31.2909,99.77943
24,54,31.620024,103.077545
24,55,33.07132,107.21727
24,56,35.33881,110.929436
24,57,35.758408,114.57036
24,58,37.238216,116.828064
24,59,36.220905,121.3367
24,60,39.497753,124.007904
24,61,40.01512,127.807014
24,62,41.342594,132.09499
24,63,42.14564,135.6632
24,63.642788,43.87986,138.9699
25,1,3.2985752,2.6105368
25,2,2.0491269,2.4169176
25,3,1.8721192,3.6609182
25,4,1.215345,2.3969102
25,5,2.6880405,3.4240112
25,6,2.362129,3.0993414
25,7,3.5767272,4.9976387
25,8,3.497652,4.6067786
25,9,3.8561687,4.5476413
25,10,3.1691637,7.1443186
25,11,2.5661237,7.940517
25,12,4.0906568,7.742829
25,13,5.1178913,9.8477125
25,14,4.507408,9.807687
25,15,5.6580553,11.589532
25,16,4.3591022,11.512922
25,17,4.965023,12.639236
25,18,5.725924,14.767795
25,19,6.8775225,14.999044
25,20,7.598428,14.790427
25,21,7.5993767,17.34353
25,22,7.9049306,17.684853
25,23,9.034654,20.90213
25,24,9.16711,21.788465
25,25,8.578105,23.98361
25,26,10.203121,24.600752
25,27,10.881471,27.416502
25,28,12.059811,27.315107
25,29,11.529308,29.681135
25,30,12.568107,30.318876
25,31,13.586822,32.526928
25,32,14.89835,33.99331
25,33,15.325624,36.56651
25,34,15.653,39.018307
25,35,17.459692,37.794464
25,36,18.199907,42.662117
25,37,18.305592,43.97715
25,38,20.142857,46.33486
25,39,21.278488,45.90391
25,40,22.215292,48.768196
25,41,22.640873,52.17395
25,42,23.99404,53.421936
25,43,24.70985,57.43543
25,44,27.027817,59.03401
25,45,26.848328,58.871613
25,46,28.164925,63.467308
25,47,29.357819,64.0744
25,48,31.126251,67.32199
25,49,30.77881,70.27284
25,50,33.51299,72.80573
25,51,33.97157,74.4277
25,52,35.622112,74.77606
25,53,35.937115,79.32113
25,54,37.267704,84.20711
25,55,39.063015,84.21166
25,56,42.26547,88.618324
25,57,42.811356,89.028244
25,58,43.66855,91.94993
25,59,46.610012,94.13959
25,60,47.331554,97.137215
25,61,47.906715,100.134056
25,62,49.407948,104.277954
25,63,50.76407,107.74445
25,64,52.23816,108.26779
25,65,53.989727,112.5212
25,66,55.192467,115.842834
25,67,57.23609,117.9342
25,68,58.24817,121.67861
25,68.38523,60.254562,124.17554
26,1,2.0483556,3.1252565
26,2,2.521271,2.4160817
26,3,0.8816954,3.672172
26,4,1.5759586,3.7683482
26,5,1.9124576,4.903228
26,6,1.8968097,5.045562
26,7,2.7237883,4.623642
26,8,2.5528355,4.637038
26,9,3.8368793,6.8335176
26,10,2.5076723,8.607363
26,11,3.9272444,7.1599426
26,12,3.3035846,9.829427
26,13,2.8755972,9.115804
26,14,5.0859222,10.50194
26,15,3.2335153,13.150375
26,16,5.6347837,12.883195
26,17,4.3333516,16.088543
26,18,6.289766,16.50409
26,19,5.7612495,16.232931
26,20,7.0614066,17.857132
26,21,6.2208967,18.768126
26,22,6.668669,20.718132
26,23,8.025677,23.679935
26,24,8.930277,23.518965
26,25,8.653416,24.965982
26,26,10.801562,26.8601
26,27,10.958761,29.174782
26,28,11.71825,31.97946
26,29,11.813882,32.650944
26,30,12.196521,33.935875
26,31,12.637007,36.94317
26,32,14.040222,37.44374
26,33,14.601146,38.247936
26,34,14.962556,41.757553
26,35,16.45879,42.66948
26,36,17.385242,43.536148
26,37,17.014399,48.52463
26,38,18.426455,51.380676
26,39,20.150375,52.653873
26,40,20.574615,52.45158
26,41,22.176376,56.823795
26,42,22.918041,58.992565
26,43,23.273493,60.901154
26,44,23.526459,63.060703
26,45,26.11506,65.08001
26,46,27.476418,68.3729
26,47,27.928308,70.11503
26,48,26.554136,73.52173
26,49,29.986235,77.36585
26,50,32.295383,77.36068
26,51,32.234203,80.973526
26,52,34.410072,84.78979
26,53,34.680172,87.51702
26,54,37.29414,88.791405
26,55,35.967537,91.478676
26,56,38.751335,95.82328
26,57,40.691246,97.31013
26,58,43.157894,100.33194
26,59,43.268444,103.006935
26,60,45.26251,107.12735
26,61,45.292328,110.842766
26,62,48.19901,112.94172
26,63,48.497444,116.22063
26,64,50.581146,119.12767
26,64.85801,52.29066,121.14347
27,1,2.4293132,2.067594
27,2,2.460534,1.4699279
27,3,3.0387166,2.7550406
27,4,3.8269832,2.9478798
27,5,3.726813,2.51479
27,6,4.9592466,3.5927277
27,7,4.7942047,5.0849376
27,8,3.8585386,3.936684
27,9,4.054959,6.924819
27,10,4.8687596,6.1572013
27,11,5.0275164,8.252784
27,12,5.478859,8.187305
27,13,5.651456,6.974142
27,14,6.107134,10.334333
27,15,6.7826233,9.455071
27,16,6.595438,10.931679
27,17,6.570353,13.350525
27,18,7.12745,14.87952
27,19,7.3656073,14.53305
27,20,8.703119,18.318052
27,21,8.138813,18.2319
27,22,8.194664,19.7981
27,23,8.291411,20.466322
27,24,9.951322,23.008825
27,25,10.161945,24.433615
27,26,10.405336,26.571192
27,27,11.560924,27.239565
27,28,11.954126,26.870033
27,29,11.632341,29.793642
27,30,13.066969,31.290768
27,31,14.313221,34.20347
27,32,15.651694,35.148262
27,33,14.121224,37.89558
27,34,15.541606,37.732906
27,35,16.488861,42.97404
27,36,17.133572,43.078773
27,37,17.76814,45.28794
27,38,17.633472,47.116245
27,39,19.668514,48.591446
27,40,21.729256,50.234283
27,41,21.108706,52.58851
27,42,21.647383,55.930016
27,43,23.059698,56.47753
27,44,23.391758,59.555935
27,45,24.491356,62.4296
27,46,25.648796,64.25116
27,47,27.346943,66.11316
27,48,27.266737,68.287224
27,49,28.889147,71.09837
27,50,29.115452,74.24563
27,51,31.043915,75.507385
27,51.07013,30.920233,75.53609
28,1,1.9642603,2.6614256
28,2,1.7049323,0.9959074
28,3,1.1363208,2.0798037
28,4,0.7101448,1.1050392
28,5,2.2435503,3.295215
28,6,2.0389068,2.4755673
28,7,3.0674534,5.297224
28,8,2.5374444,4.0838375
28,9,3.1878276,4.729465
28,10,2.2954495,8.135792
28,11,2.430859,8.158927
28,12,3.3337088,8.155059
28,13,3.3861291,9.945216
28,14,2.751451,11.905996
28,15,4.5174365,13.029537
28,16,4.414129,12.6649065
28,17,5.6263413,11.672697
28,18,5.0170054,14.362543
28,19,5.3577805,15.848699
28,20,5.997789,18.091795
28,21,8.11237,20.064913
28,22,8.388047,20.40447
28,23,7.3616996,22.092642
28,24,8.004935,22.265457
28,25,8.891908,23.164618
28,26,9.358334,27.22568
28,27,10.3262,25.867487
28,28,11.773671,28.808867
28,29,11.859894,30.625153
28,30,13.017515,32.77019
28,31,12.773512,35.502182
28,32,13.631094,36.585594
28,33,16.785238,37.94556
28,34,16.789976,40.76368
28,35,17.571974,42.114044
28,36,17.881176,42.73485
28,37,18.71592,46.139988
28,38,19.508581,47.444103
28,39,20.792938,50.8304
28,40,21.960497,51.382767
28,41,21.631952,54.190334
28,42,23.850468,56.614746
28,43,24.317476,60.231853
28,44,26.322052,59.833656
28,45,27.210583,63.29582
28,46,28.656448,64.90987
28,47,29.00497,66.8154
28,48,29.44443,70.592896
28,49,31.44585,73.16414
28,50,32.965797,75.29299
28,51,33.424095,77.41562
28,52,35.90747,81.785
28,53,36.25376,84.78933
28,54,38.89435,86.92951
28,55,39.021183,89.980255
28,56,41.541534,91.41046
28,57,42.282703,95.00887
28,58,44.61589,96.793365
28,59,44.905296,100.28582
28,60,45.884056,103.46335
28,61,48.13037,106.551865
28,62,49.173187,109.121925
28,63,50.11841,111.84531
28,64,54.073074,113.420204
28,65,54.418415,119.27809
28,66,55.710823,120.81732
28,67,58.163044,125.589966
28,68,59.16984,129.30602
28,69,61.54685,132.02162
28,70,63.25546,136.82904
28,71,64.1274,138.4248
28,72,65.3666,141.46954
28,73,68.031136,143.60233
28,73.62879,69.14751,148.3377
29,1,2.4553814,3.1332636
29,2,2.7604935,2.307804
29,3,3.1640978,0.92681324
29,4,2.201338,1.9088843
29,5,2.6394243,3.843359
29,6,2.262825,4.8316894
29,7,2.0964055,5.196398
29,8,2.481729,5.0178432
29,9,1.9592285,5.6262994
29,10,3.2123487,5.3134136
29,11,3.5573585,6.500531
29,12,2.0608277,7.559026
29,13,3.0164208,8.228791
29,14,3.672003,9.482596
29,15,4.2982907,12.092854
29,16,4.396534,12.274359
29,17,5.0909257,12.653417
29,18,6.1471076,14.636429
29,19,6.343207,15.296074
29,20,6.8515806,16.732061
29,21,5.9470096,17.146646
29,22,8.29947,19.922234
29,23,8.550102,20.000004
29,24,7.3236465,22.655867
29,25,8.339479,21.511381
29,26,8.579605,24.296001
29,27,9.838531,26.477701
29,28,9.7668085,28.52134
29,29,12.11336,29.405806
29,30,11.022949,30.643848
29,31,12.877678,32.73825
29,32,13.075291,34.245255
29,33,12.81684,36.587524
29,34,14.3396,39.19062
29,35,14.508825,39.239784
29,36,15.874055,43.18576
29,37,15.544132,45.2297
29,38,17.425495,44.88707
29,39,17.777187,48.384445
29,40,18.397217,49.97762
29,41,20.55395,51.201515
29,42,18.902185,55.62128
29,43,19.93689,55.17307
29,44,21.428871,59.543716
29,45,22.04783,60.91319
29,46,23.018566,63.158634
29,47,24.844296,65.21001
29,48,25.89166,68.68645
29,49,24.453997,70.862755
29,50,26.912426,72.91232
29,51,27.297895,74.309425
29,52,28.85897,77.60225
29,53,29.535519,79.279945
29,54,32.07715,83.638306
29,55,32.27899,85.24413
29,56,32.069386,87.59832
29,57,34.111855,90.07045
29,58,38.016403,91.80319
29,59,37.780025,95.65844
29,60,37.671474,98.65155
29,61,38.479706,100.36569
29,62,41.401737,104.45117
29,63,41.85764,107.64661
29,64,43.500896,110.8982
29,65,44.70614,112.613815
29,66,45.442265,116.75351
29,67,46.42133,119.3836
29,68,48.381996,123.425514
29,69,49.053905,125.99347
29,70,51.475964,129.45076
29,71,53.86269,132.23274
29,71.286835,53.11602,132.28323
30,1,3.1769297,2.8112
30,2,2.7128959,1.9691272
30,3,2.567804,3.1190076
30,4,2.2173061,3.5114834
30,5,2.9900804,2.061695
30,6,4.115353,4.2940564
30,7,4.545233,5.1238813
30,8,3.3333502,5.691477
30,9,6.0247297,5.778441
30,10,4.2857857,5.554686
30,11,4.211709,6.5726333
30,12,4.5453243,7.9760995
30,13,4.966861,9.39463
30,14,4.6989365,9.576862
30,15,5.54742,11.097047
30,16,6.299946,11.948988
30,17,6.713627,12.838787
30,18,4.843497,14.002284
30,19,6.8341475,17.199425
30,20,6.4461946,17.166914
30,21,7.5229626,18.168333
30,22,8.718673,18.155201
30,23,8.168573,22.052084
30,24,7.124888,23.21376
30,25,8.598431,24.40159
30,26,9.486859,25.910215
30,27,9.451575,25.935555
30,28,9.833403,28.071543
30,29,10.818239,28.503958
30,30,10.503018,32.035896
30,31,12.331317,34.294365
30,32,13.017324,35.77282
30,33,12.748438,37.812202
30,34,14.98621,38.440186
30,35,13.798346,39.789604
30,36,14.553042,43.578083
30,37,15.721571,44.54771
30,38,16.553959,46.632683
30,39,18.377058,49.135807
30,40,18.607529,51.42694
30,41,19.497103,53.371872
30,42,19.144388,56.004368
30,43,21.048307,58.868282
30,44,22.059563,61.926426
30,45,22.67873,62.750187
30,46,22.465992,65.660706
30,47,24.37128,65.99307
30,48,24.955135,70.25941
30,49,24.509348,72.93058
30,50,27.036161,74.22499
30,51,28.102388,78.051926
30,52,28.004547,79.29544
30,53,29.965319,82.45798
30,54,30.287123,85.9766
30,55,30.589323,86.409225
30,56,31.329397,90.63212
30,57,34.747158,93.38521
30,58,34.42561,95.64446
30,59,35.21364,99.122185
30,60,37.16193,101.89245
30,61,36.312107,103.01233
30,62,38.513374,108.19495
30,63,39.990932,111.82133
30,64,41.3852,113.550385
30,65,41.212406,118.02332
30,66,43.678387,119.61905
30,67,43.84246,122.38099
30,68,45.88061,125.28736
30,69,46.048813,129.53447
30,70,48.841293,133.04509
30,71,50.24393,135.85826
30,72,50.269737,138.30342
30,73,51.411766,141.80301
30,74,52.57613,145.54782
30,75,53.85752,149.24452
30,76,56.820244,152.14789
30,77,57.70266,154.5441
30,77.05214,57.53377,156.90636
31,1,0.6885838,1.0121007
31,2,0.32877916,0.95695686
31,3,1.4002802,2.1795313
31,4,0.27993438,4.048457
31,5,-0.10482848,4.43779
31,6,0.7397434,4.504408
31,7,0.74084103,4.7139497
31,8,1.7016011,5.3024907
31,9,1.900328,5.305524
31,10,1.623473,8.439445
31,11,1.5779982,8.306146
31,12,2.585669,9.541561
31,13,3.3408432,9.780798
31,14,2.8202538,10.123466
31,15,3.852506,11.629206
31,16,3.6137075,13.424864
31,17,4.1006784,14.567716
31,18,4.776741,16.037746
31,19,5.1341243,14.50407
31,20,5.3886437,17.35519
31,21,6.78905,17.083838
31,22,4.6403394,20.106968
31,23,7.7303104,20.502014
31,24,7.4154725,22.47788
31,25,9.126064,23.668812
31,26,8.880105,25.491428
31,27,9.403447,26.799236
31,28,10.450241,28.354647
31,29,10.487104,30.35401
31,30,11.453926,32.113434
31,31,13.083723,34.558323
31,32,13.106096,36.377823
31,33,13.155564,37.583748
31,34,15.392091,39.630653
31,35,14.982393,42.177055
31,36,16.796202,43.49336
31,37,16.779001,43.638435
31,38,18.582157,47.520447
31,39,18.454296,49.02451
31,40,19.293213,51.678215
31,41,19.954288,53.089535
31,42,20.378632,56.14384
31,43,20.68939,57.93197
31,44,24.144918,59.687584
31,45,24.319103,63.478962
31,46,25.694223,65.611374
31,47,26.541607,66.28108
31,48,27.464838,69.58394
31,49,28.100267,71.8559
31,50,30.63777,73.58884
31,51,31.51562,76.372444
31,52,32.20109,80.6413
31,53,32.95022,82.64928
31,54,35.41005,85.31112
31,55,34.53838,87.18671
31,56,37.631046,88.95057
31,57,37.408764,92.244
31,58,40.439793,96.27173
31,59,41.52062,99.28217
31,60,40.94309,101.1505
31,61,42.337982,102.79215
31,62,45.1431,106.48068
31,63,45.523308,109.059074
31,64,47.321503,112.56912
31,65,50.85224,115.88153
31,66,51.01184,118.07002
31,67,53.28188,122.0211
31,68,52.8246,126.79507
31,69,56.16303,128.2018
31,70,57.939484,129.78287
31,71,60.675507,133.33636
31,72,61.68032,138.10764
31,73,62.49242,142.86519
31,74,63.814323,146.43958
31,75,65.90086,147.47122
31,76,68.43232,150.99095
31,76.169525,67.69382,152.96136
32,1,4.1068974,2.8042946
32,2,4.344394,2.113294
32,3,4.4543104,3.0335472
32,4,2.8832815,3.1711593
32,5,4.0022945,4.57698
32,6,4.1220384,4.2232084
32,7,3.9191012,4.312518
32,8,3.6557033,5.356444
32,9,3.7783241,4.65889
32,10,3.0845752,7.4754295
32,11,3.4758365,6.983026
32,12,5.4429436,6.8317103
32,13,4.8721766,8.101795
32,14,5.172991,10.177281
32,15,4.118492,12.321082
32,16,4.0781345,11.47398
32,17,6.29192,12.867789
32,18,6.277039,13.97365
32,19,6.6739917,14.089224
32,20,6.5021377,16.768847
32,21,6.290416,18.122734
32,22,8.007502,18.699514
32,23,7.660174,20.049246
32,24,8.416471,22.691372
32,25,10.631537,23.508087
32,26,10.581905,25.565067
32,27,10.779333,26.476336
32,28,10.4364605,28.580442
32,29,10.654071,29.148418
32,30,11.364728,32.38968
32,31,12.637921,33.673706
32,32,12.995832,34.50713
32,33,14.387675,36.70594
32,34,14.88224,37.709568
32,35,14.453712,41.27817
32,36,15.792979,43.906906
32,37,16.23861,44.344913
32,38,17.110098,47.936947
32,39,18.501278,48.603504
32,40,18.809408,51.626987
32,41,19.283329,54.443443
32,42,20.748466,54.607494
32,43,21.45732,57.113014
32,44,23.7968,60.54503
32,45,24.606047,61.62488
32,46,23.7341,64.60987
32,47,25.274675,69.025246
32,48,26.664574,69.77331
32,49,27.89553,73.36606
32,50,27.745523,76.09077
32,51,29.289095,76.93128
32,52,30.975183,80.27354
32,53,31.482443,83.97802
32,54,32.93298,86.11297
32,55,33.14691,87.30071
32,56,34.86917,90.556625
32,57,36.13203,93.38613
32,58,37.228817,97.798386
32,59,38.18548,99.2818
32,60,39.00077,101.9361
32,61,40.50571,105.79619
32,62,41.055458,107.07161
32,63,44.189934,110.74726
32,64,43.994812,113.80499
32,65,46.19891,118.16074
32,66,47.80051,118.35061
32,67,49.28074,122.60287
32,68,49.651146,127.15953
32,69,51.676155,131.27055
32,70,54.38403,133.5699
32,71,55.527035,136.55818
32,72,55.647053,139.19325
32,73,55.823883,143.30453
32,74,59.161938,147.66997
32,75,59.6229,149.09045
32,75.190186,59.906807,149.95724
33,1,1.7249336,1.4501594
33,2,2.562596,-0.023565412
33,3,1.9227598,1.0989537
33,4,1.7753432,2.3356915
33,5,3.1243947,3.4916098
33,6,1.7753844,3.6230216
33,7,2.2144032,3.0819461
33,8,2.4666007,4.1803594
33,9,2.2789092,5.0914984
33,10,2.221813,6.812758
33,11,3.5312524,7.415691
33,12,2.7574394,8.728471
33,13,5.1008663,8.804671
33,14,3.8482573,9.366997
33,15,3.6851432,12.127806
33,16,4.3821807,14.276518
33,17,5.588701,13.427831
33,18,4.8505044,15.927779
33,19,6.1378374,17.213373
33,20,6.348826,17.914083
33,21,6.8788853,20.917599
33,22,7.327282,21.946264
33,23,7.7550387,22.744324
33,24,8.583951,25.1757
33,25,7.912647,26.543987
33,26,10.543635,27.831095
33,27,10.010757,29.3992
33,28,11.026307,31.360071
33,29,11.252854,33.72663
33,30,11.421723,35.114887
33,31,13.466578,35.782215
33,32,14.083106,39.611286
33,33,13.633694,41.235146
33,34,17.56854,44.248554
33,35,15.210116,44.268562
33,36,15.619309,46.929966
33,37,16.010012,50.74973
33,38,17.63396,52.500088
33,39,19.328785,54.789112
33,40,20.897738,57.27168
33,41,20.845524,59.183033
33,42,21.65976,62.009144
33,43,22.765472,63.638504
33,44,23.383997,66.93225
33,45,25.429186,68.20219
33,46,26.483826,72.06889
33,47,26.98475,73.53481
33,48,26.999987,77.85912
33,49,27.592012,80.08008
33,50,31.635658,82.28707
33,51,31.91894,85.88996
33,52,34.44258,88.318375
33,53,32.618576,91.53473
33,54,35.268322,94.30097
33,55,35.101746,98.814804
33,56,36.784966,99.579216
33,57,39.742973,103.21199
33,58,39.810844,106.73138
33,59,41.217865,110.36956
33,60,42.37333,112.89963
33,61,44.665825,114.91156
33,62,45.584934,119.03139
33,63,47.058937,123.29514
33,64,48.241398,126.02927
33,65,48.86838,129.25528
33,66,51.238365,133.88866
33,67,52.969574,137.06499
33,68,54.105114,141.39273
33,69,56.82824,143.96376
33,70,57.06147,146.6966
33,71,58.772507,153.02647
33,72,61.189564,155.47969
33,73,61.83694,160.02156
33,73.92462,62.688995,163.74634
34,1,3.770972,2.6921458
34,2,3.349401,2.5458305
34,3,2.678231,2.211665
34,4,2.774831,2.4015684
34,5,2.4582942,4.4026737
34,6,2.9908109,5.398157
34,7,2.8451164,5.5758014
34,8,4.347134,5.0115447
34,9,2.0504947,6.1974626
34,10,4.200727,5.254632
34,11,4.049187,7.4437313
34,12,4.183375,9.026172
34,13,4.76046,9.396554
34,14,5.03721,10.769403
34,15,5.386842,10.753838
34,16,5.848202,13.623567
34,17,5.063978,13.243446
34,18,6.2349086,13.807812
34,19,6.0107594,17.183603
34,20,6.910551,17.300411
34,21,7.0457754,19.27647
34,22,7.8632197,18.130243
34,23,8.577531,20.521248
34,24,6.6021285,22.129827
34,25,8.301146,24.799618
34,26,8.330262,24.57248
34,27,9.050532,27.079435
34,28,10.921265,29.870089
34,29,8.423531,30.307365
34,30,9.816531,32.735825
34,31,10.895497,34.29815
34,32,10.615228,34.537033
34,33,11.209374,36.50134
34,34,12.292028,37.82727
34,35,11.883991,40.645245
34,36,14.0651,41.578953
34,37,14.850452,43.553207
34,38,13.618429,45.937366
34,39,15.54598,47.22244
34,40,15.812148,50.179955
34,41,17.464928,53.318542
34,42,17.558592,55.968338
34,43,17.912302,57.30229
34,44,18.004368,58.636787
34,45,18.457855,61.95642
34,46,21.334372,63.420338
34,47,21.925459,64.37344
34,48,20.288382,67.78126
34,49,22.19594,70.570076
34,50,23.207926,72.37658
34,51,23.30366,76.430695
34,52,24.830303,77.646416
34,53,26.244637,79.05993
34,54,26.481646,81.77211
34,55,26.502861,84.53967
34,56,27.075281,87.62256
34,57,28.888288,89.50392
34,58,29.874578,92.3376
34,59,32.060577,95.05011
34,60,31.892086,98.00443
34,61,31.248106,100.6379
34,62,33.10472,104.027336
34,63,33.905327,107.29723
34,64,35.645218,109.001396
34,65,36.829517,113.15259
34,66,37.93906,116.8192
34,67,38.818207,118.40888
34,67.57675,39.05838,120.988716
35,1,2.4040236,2.5109978
35,2,3.910706,2.416772
35,3,3.255671,2.1667178
35,4,3.2332087,3.0489447
35,5,2.5769005,4.4260883
35,6,3.1995993,5.516011
35,7,2.8899946,5.011664
35,8,3.4585657,5.2183013
35,9,5.6129665,6.0395565
35,10,4.183278,6.102336
35,11,4.686769,6.1088943
35,12,4.364461,9.147189
35,13,5.2988844,9.342888
35,14,5.5694995,11.34093
35,15,6.408363,10.920968
35,16,5.9790797,12.926459
35,17,6.399007,13.7735195
35,18,8.176436,14.641295
35,19,7.906965,16.24624
35,20,7.6680055,15.801194
35,21,9.3315525,17.078255
35,22,9.873405,18.318583
35,23,8.798863,21.417011
35,24,11.011007,22.72025
35,25,11.221893,23.872347
35,26,13.045325,25.56349
35,27,12.599541,26.729862
35,28,13.213401,27.227324
35,29,13.487542,29.272322
35,30,16.210938,32.379696
35,31,15.427922,32.46059
35,32,17.683088,35.222176
35,33,18.831684,36.38917
35,34,19.180836,37.87969
35,35,19.461891,40.980335
35,36,19.67571,43.54371
35,37,20.883556,44.6722
35,38,22.898367,47.739227
35,39,23.581026,49.343403
35,40,26.15524,50.241024
35,41,25.711802,50.784218
35,42,26.858109,55.330544
35,43,28.490995,57.67209
35,44,30.483942,59.663357
35,45,31.736126,62.004883
35,46,32.42347,64.04575
35,47,33.65827,66.50191
35,48,34.493595,68.53996
35,49,34.818027,68.80634
35,50,37.17674,73.68541
35,51,39.256897,76.213394
35,52,40.409813,77.324135
35,53,41.588432,81.079094
35,54,42.46065,83.30201
35,55,43.31174,86.609764
35,56,45.647938,89.173256
35,57,47.981026,91.678734
35,58,49.62657,94.140526
35,59,51.077705,98.08557
35,60,51.973736,98.82431
35,61,52.885437,101.822815
35,62,56.569786,106.41439
35,63,57.842125,108.552444
35,64,60.1332,112.135666
35,65,61.227806,111.90232
35,66,62.292816,116.638855
35,67,64.83463,122.3182
35,68,64.92718,124.40054
35,69,69.39089,124.2374
35,70,71.289375,129.61305
35,71,73.23675,132.04213
35,72,73.106224,134.87405
35,73,76.66968,139.74858
35,74,77.63117,142.88852
35,75,80.0652,145.70644
35,76,83.1354,149.4398
35,77,84.23515,152.52834
35,78,87.41229,156.14868
35,79,89.11042,160.19034
35,80,90.762215,163.15599
35,81,93.474266,167.02174
35,82,96.121666,169.14539
35,83,98.018936,174.27765
35,84,100.78017,176.95323
35,85,102.79659,182.11143
35,85.040474,103.12785,181.18414
36,1,-0.19355166,0.76951873
36,2,1.43323,1.5561811
36,3,0.5138914,2.405087
36,4,1.1051978,3.6570208
36,5,3.5620332,0.57201886
36,6,1.4532948,4.3344703
36,7,2.3308713,2.9567924
36,8,1.9375091,5.5918007
36,9,2.018712,5.3976355
36,10,2.816972,7.7403016
36,11,2.608174,7.3918962
36,12,3.398551,9.840553
36,13,3.4744878,8.757865
36,14,3.1890628,9.876269
36,15,4.4500003,9.665192
36,16,2.7946434,12.763785
36,17,4.964201,12.860121
36,18,5.3034368,16.017405
36,19,5.617778,15.966372
36,20,7.6048937,17.362991
36,21,9.1296015,17.766258
36,22,7.5975676,19.131325
36,23,8.104881,20.098345
36,24,9.133014,20.818382
36,25,11.134101,24.309395
36,26,9.892464,24.466524
36,27,11.054285,26.861082
36,28,11.605114,29.23889
36,29,11.768169,29.850792
36,30,13.885069,30.320747
36,31,15.127381,31.353554
36,32,13.952194,34.534817
36,33,14.781185,36.900196
36,34,16.225216,39.2694
36,35,17.784672,40.839638
36,36,18.416965,42.301456
36,37,19.003174,44.066395
36,38,20.373781,45.53232
36,39,21.907433,48.574295
36,40,22.373268,49.4618
36,41,22.208206,50.90207
36,42,23.165823,54.68439
36,43,24.523474,56.83587
36,44,25.693378,58.478035
36,45,26.549494,61.897957
36,46,27.637157,64.02833
36,47,29.86002,65.08818
36,48,31.267197,67.24352
36,49,32.267643,70.47313
36,50,34.392838,72.56736
36,51,34.59751,75.29587
36,52,35.98788,77.165436
36,53,37.91689,79.91849
36,54,38.031113,83.10297
36,55,41.054817,84.332634
36,56,41.688942,87.863976
36,57,43.845566,89.76356
36,58,44.626957,90.70373
36,59,46.407997,95.94424
36,60,46.447247,98.5787
36,61,47.685017,101.35007
36,62,50.95783,103.997246
36,63,52.48561,107.748665
36,64,54.484077,110.067375
36,65,56.29439,112.32236
36,66,57.97586,114.84769
36,67,59.338917,119.161995
36,68,61.13001,121.56047
36,69,62.714283,124.82442
36,70,64.19172,127.45394
36,71,66.74283,131.2882
36,72,68.049446,134.13234
36,73,69.42966,136.46855
36,74,72.07068,139.2241
36,75,72.833984,144.05237
36,76,76.52521,146.19176
36,77,77.311874,152.77306
36,78,78.62149,153.7619
36,79,80.53844,156.7593
36,79.896736,83.718636,158.58781
37,1,2.6500428,2.208612
37,2,4.245695,3.0423062
37,3,2.2949996,3.032595
37,4,2.0235608,3.2376335
37,5,1.2238421,3.5289986
37,6,2.3707385,3.691853
37,7,2.7305532,4.0504427
37,8,1.5341833,6.001353
37,9,3.4123573,6.6307297
37,10,3.8885756,6.879946
37,11,3.3275278,7.2621694
37,12,4.0567026,9.030864
37,13,5.292107,9.614255
37,14,5.086773,10.208304
37,15,4.927826,12.115817
37,16,3.6625795,12.282362
37,17,3.9039328,15.247939
37,18,5.0453763,15.466917
37,19,5.8665876,16.598827
37,20,6.7348347,18.185154
37,21,5.9653363,21.065763
37,22,6.2655225,21.617079
37,23,6.489505,22.733397
37,24,8.377459,24.199837
37,25,7.252925,26.485842
37,26,6.990816,27.37842
37,27,8.476646,29.298653
37,28,8.5811,30.694836
37,29,8.639328,32.814323
37,30,9.808524,34.095596
37,31,9.590995,35.159393
37,32,10.939725,39.42878
37,33,10.682972,40.97239
37,34,12.809608,42.759594
37,35,12.639946,45.90861
37,36,14.540715,47.30601
37,37,13.774329,49.174168
37,38,14.242664,50.43008
37,39,15.456159,53.483654
37,40,17.380852,55.04142
37,41,17.177101,57.287872
37,42,17.62586,61.899334
37,43,17.095245,62.59313
37,44,18.49012,65.1738
37,45,18.878134,67.2698
37,46,20.499046,70.44092
37,47,21.99697,71.79808
37,48,23.053549,75.08286
37,49,21.744318,78.25736
37,50,24.189384,81.12475
37,51,24.742651,82.20829
37,52,25.715141,86.07245
37,53,27.63186,88.91969
37,54,27.203463,91.529175
37,55,27.856524,94.51843
37,56,29.27917,98.247734
37,57,30.815329,101.8349
37,58,32.229122,102.43317
37,59,31.99803,107.698875
37,60,33.747242,109.23667
37,60.223354,32.776787,112.206696
38,1,1.1133916,1.3179226
38,2,2.058526,2.2171311
38,3,0.90714955,1.6828951
38,4,1.7834936,2.9617648
38,5,2.2582972,3.6309328
38,6,2.1457348,3.3478
38,7,2.685098,3.9490094
38,8,2.6446052,4.6045775
38,9,3.9763627,6.613155
38,10,1.9742084,6.8961673
38,11,3.2845707,6.8258886
38,12,2.717865,7.4402432
38,13,2.975144,10.062703
38,14,4.570803,10.015357
38,15,3.9097607,10.66595
38,16,3.86055,12.33185
38,17,3.8228889,13.635307
38,18,4.899589,13.884522
38,19,5.3478203,14.885708
38,20,5.6457353,15.280461
38,21,7.491253,16.134363
38,22,6.181523,18.004688
38,23,6.3965063,20.27707
38,24,8.289533,21.256691
38,25,6.9728127,22.510754
38,26,8.173491,24.591318
38,27,8.183769,25.43554
38,28,8.957683,27.755026
38,29,9.253896,29.337347
38,30,9.485911,29.058361
38,31,9.927433,31.300535
38,32,10.2869425,32.704697
38,33,10.543805,34.476845
38,34,11.961065,36.488113
38,35,13.115412,37.75999
38,36,13.052212,40.23253
38,37,12.806737,41.304737
38,38,13.807699,42.343853
38,39,16.377432,45.612545
38,40,15.184861,46.746387
38,41,16.389053,50.584454
38,42,17.102137,52.259563
38,43,16.730589,53.74012
38,44,18.808058,55.75086
38,45,19.211685,57.504765
38,46,20.311897,60.629723
38,47,21.232601,61.069412
38,47.281803,21.180193,62.214226
39,1,2.9909182,1.6278944
39,2,3.980235,2.7846687
39,3,3.2177818,2.1873825
39,4,3.6072505,4.638913
39,5,4.2500687,3.320121
39,6,3.960019,3.480115
39,7,3.5437422,4.186474
39,8,4.2124195,4.847522
39,9,3.5695958,7.1533
39,10,4.1553383,5.5308857
39,11,4.4456077,7.1959386
39,12,5.589045,7.610851
39,13,4.213741,8.605052
39,14,4.8171587,9.589191
39,15,5.725711,11.584593
39,16,6.114742,11.210402
39,17,5.728552,12.681818
39,18,5.9021544,13.980546
39,19,6.673533,15.142927
39,20,7.79717,17.81054
39,21,8.266439,16.818926
39,22,7.8741527,18.351992
39,23,8.156479,20.724586
39,24,8.832891,22.481594
39,25,7.9629974,24.7926
39,26,11.865661,23.497452
39,27,10.127329,27.116991
39,28,11.72892,26.08656
39,29,10.300716,28.765131
39,30,11.871073,29.343773
39,31,11.911001,32.293106
39,32,13.8970785,33.98599
39,33,15.74854,34.580853
39,34,15.170398,38.103962
39,35,15.399709,40.518555
39,36,14.622039,40.060043
39,37,16.87044,43.10404
39,38,18.387127,46.274815
39,39,18.309063,48.065987
39,40,19.825956,50.442684
39,41,20.404945,51.995934
39,42,20.263287,54.313076
39,43,21.827564,55.719864
39,44,23.663984,57.20951
39,45,24.613228,59.768673
39,46,25.929844,61.240208
39,47,25.819849,62.523315
39,48,26.165348,67.39363
39,49,27.251556,68.14119
39,50,28.775335,70.05418
39,51,29.726677,72.90448
39,52,30.925241,75.08414
39,53,32.343845,77.1228
39,54,32.46776,81.76183
39,55,33.651455,83.8932
39,56,34.26428,85.3251
39,57,36.94863,88.48058
39,58,37.85346,90.27149
39,59,38.804264,93.20854
39,60,39.724583,95.89833
39,61,39.841816,98.74086
39,62,41.87089,103.16557
39,63,42.28791,104.115944
39,64,44.423214,107.49928
39,64.51982,46.338852,108.370415
40,1,2.837428,3.2261753
40,2,2.0060303,2.6910014
40,3,3.0329142,2.8885047
40,4,1.9018741,4.3271055
40,5,3.655069,4.146532
40,6,2.4584553,4.6288466
40,7,3.8349762,4.8749743
40,8,4.2005897,5.010858
40,9,4.0381474,4.929433
40,10,4.6582217,5.328076
40,11,3.1575873,9.062902
40,12,2.630094,7.8653326
40,13,4.11069,9.908414
40,14,4.24044,9.607553
40,15,4.843647,11.694833
40,16,4.4303484,12.585445
40,17,4.250234,13.123714
40,18,5.2068787,15.788724
40,19,6.3055916,16.684902
40,20,6.1164837,17.971895
40,21,6.221446,18.764261
40,22,5.1455474,18.561434
40,23,7.1997676,20.71571
40,24,6.9264045,22.560152
40,25,7.607761,23.353863
40,26,7.5442777,25.692003
40,27,7.927411,26.076324
40,28,8.69316,28.931082
40,29,8.199479,29.682493
40,30,8.995021,30.157705
40,31,8.567661,32.290394
40,32,9.07263,34.462578
40,33,11.798925,37.449272
40,34,11.988492,38.8306
40,35,10.193287,39.318066
40,36,12.925813,43.816704
40,37,12.921773,44.110817
40,38,13.173913,45.249172
40,39,13.261891,47.91205
40,40,13.964478,51.565647
40,41,15.456485,52.431984
40,42,15.117883,54.72654
40,43,14.398452,57.01231
40,44,15.458675,59.50762
40,45,18.836296,61.509262
40,46,17.735743,63.198498
40,47,18.925108,66.59204
40,48,18.058073,67.47252
40,49,19.98695,70.13193
40,50,20.996305,71.687836
40,51,21.551085,74.49306
40,52,23.00632,78.86955
40,53,23.007448,78.85085
40,54,21.917988,82.12112
40,55,24.176104,85.83351
40,56,24.969395,88.79436
40,57,26.93338,90.87687
40,58,27.311401,93.80038
40,59,28.461208,95.82943
40,60,27.988611,97.792984
40,61,29.136492,102.99508
40,62,30.077507,104.701294
40,63,31.717249,107.08194
40,64,34.404526,111.02724
40,65,33.933556,113.178764
40,66,34.725456,117.6056
40,67,34.29861,119.38386
40,68,34.819324,123.05022
40,68.93677,36.562187,126.042625
41,1,2.6335993,2.4719615
41,2,2.378855,1.3265436
41,3,1.7965696,3.347315
41,4,2.8610532,2.1515617
41,5,2.3314238,2.113555
41,6,2.7943552,2.840169
41,7,3.470756,3.4184303
41,8,3.9408803,4.275784
41,9,3.272701,6.4481115
41,10,3.8392358,8.118239
41,11,2.560461,7.5372047
41,12,3.864239,9.5669775
41,13,3.5512972,11.529179
41,14,4.357296,11.754343
41,15,4.4691906,12.40074
41,16,4.578323,11.790081
41,17,5.413005,14.861565
41,18,5.2663407,15.4078865
41,19,4.505483,17.696503
41,20,4.6067877,18.53447
41,21,7.890145,19.368174
41,22,6.8226485,21.19123
41,23,6.8778143,22.787466
41,24,7.389955,24.228125
41,25,8.435927,25.8809
41,26,9.0201435,27.986391
41,27,10.152718,29.508564
41,28,8.93726,29.663206
41,29,9.070576,34.050312
41,30,10.269956,35.96504
41,31,11.065281,37.344902
41,32,12.220359,38.57973
41,33,12.160897,42.469414
41,34,12.976543,43.64675
41,35,12.715876,44.860027
41,36,14.348076,47.71325
41,37,13.992728,50.411144
41,38,14.971366,52.99556
41,39,17.260445,52.676437
41,40,16.424408,57.760468
41,41,18.42207,58.6066
41,42,18.806444,61.45959
41,43,20.563168,65.895584
41,44,19.366297,68.59586
41,45,20.51957,68.78594
41,46,21.618038,71.90533
41,47,22.033833,74.82952
41,48,23.511448,77.36174
41,49,23.615284,80.91592
41,50,25.959959,82.70916
41,51,25.96501,86.66372
41,52,27.174732,88.13068
41,53,27.251549,91.740654
41,54,30.053793,95.38501
41,55,30.174795,98.1429
41,56,30.558043,101.731995
41,56.8385,31.426722,104.634735
42,1,2.2997053,1.9468815
42,2,2.274881,1.4903351
42,3,1.7631841,0.9712614
42,4,2.4466612,3.7569907
42,5,3.3670106,2.259233
42,6,2.3935363,3.528905
42,7,1.4407977,3.6500697
42,8,3.2489758,4.51053
42,9,1.5111475,5.671206
42,10,3.4092927,6.372469
42,11,2.311679,6.7576656
42,12,2.8122125,5.555662
42,13,3.009768,7.383778
42,14,4.118161,8.379874
42,15,4.2583466,10.142266
42,16,4.53329,10.288176
42,17,4.599037,13.441358
42,18,4.7841907,13.9104395
42,19,4.7347,15.353089
42,20,6.2691855,15.64304
42,21,6.832865,16.80057
42,22,6.7396383,19.561531
42,23,7.055032,20.869598
42,24,6.887894,20.598763
42,25,7.9642906,21.182558
42,26,8.200065,21.783583
42,27,9.0717125,24.582594
42,28,8.950711,27.278631
42,29,9.929949,29.286163
42,30,9.7988,28.841936
42,31,11.425726,30.64436
42,32,11.530953,32.888233
42,33,12.198157,32.970768
42,34,12.388513,35.979755
42,35,12.698805,38.026825
42,36,14.076436,40.588253
42,36.052143,13.684299,39.38702
43,1,3.124134,0.39988637
43,2,3.673739,1.3860493
43,3,1.6888454,2.1064346
43,4,3.2194057,2.754262
43,5,3.8759732,3.2688186
43,6,2.4037097,2.0591936
43,7,3.244788,3.4634295
43,8,2.3052082,5.0063157
43,9,4.188622,5.9964304
43,10,3.0262752,7.0724497
43,11,3.2161868,7.915024
43,12,4.3236017,9.539551
43,13,4.984893,8.543891
43,14,4.528354,11.171166
43,15,5.6583543,11.866465
43,16,6.4608335,12.684049
43,17,6.186645,13.811625
43,18,6.363719,14.510047
43,19,7.4582787,16.779528
43,20,8.228476,17.22249
43,21,8.859393,19.162636
43,22,8.984874,20.269135
43,23,9.371839,21.968924
43,24,8.938693,24.084839
43,25,10.327288,25.377708
43,26,10.987953,26.396635
43,27,10.243395,26.377953
43,28,12.904224,30.39071
43,29,13.125678,31.931257
43,30,13.41271,33.247234
43,31,14.28548,34.98836
43,32,14.799539,37.51171
43,33,15.978288,39.290493
43,34,15.930844,40.789703
43,35,17.87501,42.848415
43,36,17.507404,44.779346
43,37,19.550589,47.40947
43,38,20.663395,48.794617
43,39,21.935263,51.279434
43,40,22.212677,52.511692
43,41,21.934961,55.851624
43,42,24.800346,57.65652
43,43,26.221668,60.179638
43,44,26.926708,63.32652
43,45,27.123404,66.8306
43,46,29.039454,68.600586
43,47,29.209597,68.94811
43,48,30.192898,73.11286
43,49,33.20626,75.17638
43,50,34.561672,77.52966
43,51,35.16745,80.516045
43,52,37.14547,83.61437
43,53,37.584522,86.69298
43,54,37.46177,88.724846
43,55,40.60427,90.76032
43,56,43.67961,93.51782
43,57,43.565643,97.12602
43,58,44.58005,99.95212
43,59,45.536,103.22677
43,60,47.89225,104.966866
43,61,48.071995,108.30377
43,62,49.46663,111.284004
43,63,52.438805,116.31448
43,64,53.83382,118.609436
43,65,54.84662,122.60307
43,66,57.363533,125.27371
43,67,57.002148,129.42175
43,68,59.774963,130.35074
43,69,61.965363,134.85875
43,70,64.40225,138.01361
43,71,65.48491,142.71652
43,72,67.713615,144.92888
43,73,69.07117,149.4315
43,74,70.31373,152.78487
43,75,72.04823,156.63615
43,76,74.75605,158.81062
43,76.10618,74.88569,160.9658
44,1,0.9799099,1.279782
44,2,1.6746577,0.8135442
44,3,1.4023665,-0.23952043
44,4,0.56813407,2.075778
44,5,2.2852035,4.6419845
44,6,1.9116153,3.0600967
44,7,1.2940552,3.3657832
44,8,2.747715,4.31566
44,9,1.5074373,4.53586
44,10,3.0647748,6.8321166
44,11,2.6787689,7.017993
44,12,3.2371519,7.9542847
44,13,3.5487854,8.245331
44,14,3.0175943,9.293485
44,15,4.0677238,10.818228
44,16,3.1451774,13.38033
44,17,4.6199493,13.473276
44,18,3.662034,13.217707
44,19,4.5752964,14.88984
44,20,6.173104,15.922528
44,21,6.5129476,17.24285
44,22,5.959254,16.686071
44,23,6.8074613,20.094336
44,24,5.3926954,22.166603
44,25,7.7155094,22.67458
44,26,9.169179,24.472073
44,27,8.692438,25.572838
44,28,9.474291,27.494614
44,29,8.098166,28.83265
44,30,10.23072,30.082178
44,31,11.713088,32.390045
44,32,10.455326,32.926327
44,33,12.924177,34.613987
44,34,12.6364,37.501385
44,35,12.919605,37.96195
44,36,13.614468,39.82099
44,37,15.022222,41.759052
44,38,14.648971,43.724327
44,39,16.845467,46.901196
44,40,17.288385,47.802925
44,41,17.576027,49.77062
44,42,19.424223,51.91298
44,43,19.286882,52.75938
44,44,19.329012,56.31395
44,45,20.942955,56.816673
44,46,21.691418,61.495476
44,47,23.650368,62.533676
44,48,23.453821,65.08885
44,49,24.89672,66.007
44,50,26.57437,69.294785
44,51,26.25667,72.05121
44,52,29.054821,74.76482
44,53,29.338196,76.32995
44,54,30.625792,77.40979
44,55,30.843992,80.217896
44,56,31.46289,82.7226
44,57,32.568604,87.65222
44,58,33.578537,87.77933
44,59,35.143112,91.077576
44,60,36.457123,91.56745
44,61,37.210968,97.25488
44,62,38.374905,100.07592
44,63,40.29087,103.09744
44,64,40.80368,104.44116
44,64.42995,41.5656,107.07226
45,1,0.31191725,3.2921567
45,2,0.904218,2.4175937
45,3,1.7640831,2.2111857
45,4,1.2166975,3.6772532
45,5,0.42880112,2.0548186
45,6,0.79991657,3.5866246
45,7,1.6013684,4.9578867
45,8,1.5345496,4.9817395
45,9,1.7244825,7.113805
45,10,2.2308571,5.7957983
45,11,2.1021435,7.285057
45,12,0.74649274,10.0709
45,13,1.0518119,9.781747
45,14,2.8049858,10.713759
45,15,2.747176,13.434779
45,16,1.5645549,14.043219
45,17,2.1055167,14.425852
45,18,1.8698357,15.336667
45,19,2.4630659,17.206608
45,20,3.276534,17.958078
45,21,3.0610063,19.717491
45,22,3.916457,20.151337
45,23,4.815342,23.052576
45,24,4.290279,24.511677
45,25,4.218844,24.848206
45,26,5.0131545,27.511904
45,27,5.6976104,29.814507
45,28,4.2803187,31.09194
45,29,5.0697603,32.716576
45,30,5.536467,34.902695
45,31,6.439305,35.76972
45,32,5.8591194,36.79333
45,33,7.933179,39.73077
45,34,6.8976808,40.21557
45,35,8.589386,43.805374
45,36,7.455312,45.736313
45,37,9.414468,47.60548
45,38,9.375631,51.169937
45,39,10.552586,52.837154
45,40,10.27645,55.768753
45,41,11.305665,57.49855
45,42,10.818169,59.60004
45,43,12.769308,62.93102
45,44,11.717169,64.15221
45,45,12.508948,66.09322
45,46,13.5470495,69.455696
45,47,13.883231,72.33788
45,48,14.152151,75.16894
45,49,13.54949,75.525475
45,50,15.080952,79.408676
45,51,16.171804,82.87825
45,52,17.306782,84.31781
45,53,16.844175,87.256905
45,54,18.116497,90.36964
45,55,18.17937,93.513954
45,56,19.893377,95.895195
45,57,19.85734,98.44583
45,58,21.447344,102.77769
45,59,21.404343,103.966675
45,60,22.331203,109.09983
45,61,23.49588,112.2408
45,62,22.332289,113.757645
45,63,23.888962,119.17137
45,64,25.060738,121.30139
45,65,26.244925,124.21528
45,66,26.434599,128.00484
45,67,27.977646,129.45831
45,68,29.119766,134.97258
45,69,30.138613,138.49632
45,70,28.9776,142.09381
45,71,31.045813,143.99538
45,72,32.023605,147.85263
45,73,32.7588,153.39204
45,74,32.377266,155.29579
45,75,34.164375,159.63435
45,76,34.729286,162.6703
45,77,35.99397,166.47258
45,78,37.12112,171.71593
45,79,37.492943,174.43262
45,80,38.372646,179.00363
45,81,38.126984,183.06854
45,82,39.44528,187.38847
45,82.408356,41.984837,189.27158
46,1,1.7242632,4.240986
46,2,0.54446673,1.8075125
46,3,0.26425904,1.7804737
46,4,0.23416448,3.0372005
46,5,0.12030625,1.985159
46,6,1.4926889,4.38474
46,7,0.7678813,5.5265665
46,8,1.5737633,6.1553326
46,9,1.906291,6.752133
46,10,0.97313946,9.2717
46,11,1.2481024,9.264633
46,12,0.6648954,7.724954
46,13,1.6208947,9.259187
46,14,3.924849,10.013842
46,15,2.1145134,11.597286
46,16,1.7362313,13.939388
46,17,3.643274,14.80251
46,18,1.8286562,15.261499
46,19,2.8353643,17.067963
46,20,4.0124383,17.693136
46,21,4.86562,19.337893
46,22,4.2345467,20.462568
46,23,4.316032,21.255714
46,24,4.3264976,23.322954
46,25,5.5783267,26.619858
46,26,4.9507313,27.164183
46,27,4.7993937,27.989456
46,28,6.5773187,30.978086
46,29,7.2091737,31.544594
46,30,8.09606,33.468895
46,31,7.819752,36.940746
46,32,7.94778,37.68917
46,33,8.069017,39.412273
46,34,8.14805,41.156483
46,35,8.62445,43.246723
46,36,10.391074,46.038754
46,37,10.495007,48.549976
46,38,9.652658,50.776466
46,39,11.620195,51.10868
46,40,12.526489,53.94564
46,41,11.3361,56.80792
46,42,13.118628,60.18464
46,43,14.299714,61.57326
46,44,14.615072,64.29052
46,45,13.737279,65.970055
46,46,15.542277,67.761
46,47,15.535441,72.08544
46,48,17.392368,74.746445
46,49,18.593754,76.69274
46,50,17.562134,79.3775
46,51,18.886072,81.67652
46,52,20.14255,84.87643
46,53,20.229942,87.138565
46,54,20.682758,90.47972
46,55,22.358017,92.41606
46,56,22.176004,94.35737
46,57,24.034294,97.22681
46,58,25.285215,103.48479
46,59,26.122,106.118126
46,60,25.045055,108.53467
46,61,26.29603,109.75253
46,62,26.678055,114.35482
46,63,29.683273,116.46449
46,64,29.54203,121.23958
46,65,31.117147,123.161095
46,66,30.985334,127.328766
46,67,32.86253,129.3571
46,68,33.774147,132.96361
46,69,34.256832,136.03667
46,70,34.689255,139.51599
46,71,36.258224,144.88005
46,72,38.358562,146.06384
46,73,38.833,151.01823
46,74,39.17303,155.87773
46,75,40.38602,157.82433
46,76,41.3979,160.55957
46,77,42.760002,165.66699
46,78,42.645287,170.11047
46,79,45.525536,170.7646
46,80,43.898685,179.00644
46,81,46.635902,178.89542
46,82,47.910423,184.70233
46,83,49.284702,188.37697
46,84,51.255016,192.94751
46,85,52.318027,197.42346
46,86,51.33784,199.28227
46,87,53.55586,204.34265
46,88,54.26926,207.64325
46,89,55.623356,213.19179
46,90,57.279037,216.49734
46,91,58.027256,221.45772
46,92,59.79194,225.19403
46,93,61.18143,230.21765
46,94,61.94136,233.21594
46,94.21732,62.744373,235.51794
47,1,2.1995645,2.1110945
47,2,1.787426,2.0521755
47,3,1.9717911,2.4232366
47,4,1.6213413,2.853701
47,5,0.7707058,2.9875298
47,6,2.8577974,2.316873
47,7,1.7607841,4.069581
47,8,1.7645011,5.0797133
47,9,2.9806612,6.156006
47,10,2.3008747,6.1909857
47,11,2.6103022,6.9587655
47,12,2.9473534,6.517586
47,13,2.017527,8.457636
47,14,3.177836,9.27901
47,15,4.0238695,11.996
47,16,3.5886223,12.302691
47,17,3.0296125,12.768313
47,18,3.620565,13.796959
47,19,5.309078,15.145664
47,20,5.348978,16.792564
47,21,5.2740946,18.868742
47,22,7.161764,18.832794
47,23,6.628738,20.893932
47,24,6.369819,21.949045
47,25,7.445078,23.985273
47,26,7.906508,27.132124
47,27,7.5441594,25.345043
47,28,8.653598,27.920923
47,29,10.396809,29.09018
47,30,10.440727,32.828064
47,31,8.438741,32.131645
47,32,11.257786,35.541546
47,33,11.353631,37.728188
47,34,11.049796,38.61763
47,35,13.35203,41.012745
47,36,13.1909485,41.43847
47,37,13.183328,44.500484
47,38,15.391186,46.517216
47,39,15.681538,48.416557
47,40,16.866611,49.7725
47,41,16.333084,52.670124
47,42,16.807257,54.40534
47,43,16.756243,57.297787
47,44,18.16943,58.83764
47,45,19.136166,61.39432
47,46,20.890682,61.998215
47,47,20.263815,65.14233
47,48,21.674614,68.52899
47,49,21.910248,69.683464
47,50,23.314941,72.34276
47,51,25.696974,76.455315
47,52,26.07899,77.9453
47,53,26.727528,80.363655
47,54,27.91223,83.55735
47,55,28.976866,86.64238
47,56,30.970877,89.1726
47,57,30.078001,90.52938
47,58,31.403019,93.934326
47,59,31.48494,98.56662
47,60,32.489334,99.715355
47,61,34.909634,102.4002
47,62,35.407757,103.083534
47,63,36.63449,108.84006
47,64,38.7853,110.98441
47,65,40.379276,113.2953
47,66,40.666897,115.664986
47,67,40.24228,119.75267
47,68,42.232162,121.678215
47,69,43.843082,125.26489
47,70,44.909794,129.0211
47,71,46.912525,132.27539
47,72,47.992714,135.61719
47,73,47.73192,138.598
47,74,48.041317,141.40811
47,75,50.47607,145.15453
47,76,52.733162,149.12273
47,77,54.330135,151.75581
47,78,55.558537,154.40843
47,79,56.92838,158.04506
47,80,57.52916,161.39325
47,81,57.90735,164.73482
47,81.22654,58.933407,166.4134
48,1,2.38074,2.8894134
48,2,0.54008746,2.8206043
48,3,2.7950342,2.9818857
48,4,1.9878104,2.7901807
48,5,2.414731,4.838968
48,6,3.6133885,4.6313806
48,7,0.83999276,4.174386
48,8,2.7971892,5.9779563
48,9,2.2489429,5.329696
48,10,4.2039924,6.501441
48,11,2.906309,7.9724884
48,12,2.8695927,9.286465
48,13,4.2768407,11.176787
48,14,3.172341,10.823927
48,15,4.2488184,12.958324
48,16,4.271004,14.008597
48,17,3.592708,15.503572
48,18,5.2380238,15.279157
48,19,5.4758105,16.465982
48,20,7.5451455,18.279673
48,21,5.9560213,18.853567
48,22,6.2969275,20.895039
48,23,6.499601,23.146965
48,24,6.9743905,25.031292
48,25,7.8117847,24.695057
48,26,8.557298,28.435823
48,27,8.327338,29.824247
48,28,7.76158,31.301418
48,29,9.1900425,33.085697
48,30,8.689724,32.50806
48,31,10.075206,36.17187
48,32,10.327683,37.802345
48,33,11.595999,40.524117
48,34,11.384957,42.80887
48,35,10.803387,43.698765
48,36,13.270665,45.830227
48,37,12.338693,49.026836
48,38,15.392076,50.959373
48,39,15.040462,53.065937
48,40,14.394223,55.60967
48,41,15.679054,57.8497
48,42,14.915162,59.650284
48,43,16.37617,63.631393
48,44,18.807144,64.932045
48,45,17.784206,67.73629
48,46,19.779034,69.69823
48,47,18.600752,72.33107
48,48,21.41905,74.44905
48,49,21.834522,77.783455
48,50,20.970495,80.396324
48,51,23.41282,82.892914
48,52,21.90033,84.946434
48,53,25.567112,88.61561
48,54,24.713171,89.61837
48,55,25.840204,93.64632
48,56,27.032438,96.60247
48,57,29.135084,98.24161
48,58,30.520552,102.89559
48,59,30.81138,105.51527
48,60,32.507114,108.703354
48,61,32.93704,113.43617
48,62,33.291664,114.48188
48,63,34.73912,116.8621
48,64,34.720192,122.240974
48,65,35.935547,124.58766
48,66,36.87044,126.39424
48,67,37.34479,131.62202
48,68,39.29847,135.4537
48,69,40.508118,138.57845
48,70,40.980824,141.82675
48,70.76882,42.444187,143.18648
49,1,2.9932442,1.6896007
49,2,2.8728304,0.6712868
49,3,3.0979958,3.710313
49,4,2.6152923,2.992202
49,5,2.240084,2.631754
49,6,2.719519,4.878521
49,7,1.8493361,4.895761
49,8,3.3037143,5.222853
49,9,2.8050637,8.095469
49,10,3.5800235,7.5872617
49,11,2.4112544,8.443716
49,12,3.1235018,7.209755
49,13,3.8804755,8.705839
49,14,3.5099685,11.513761
49,15,4.334996,11.280655
49,16,4.2968698,13.769357
49,17,6.866469,12.706172
49,18,5.382015,15.850028
49,19,4.968681,17.02802
49,20,6.225804,17.46005
49,21,7.0335417,18.666182
49,22,7.909198,20.109688
49,23,6.5609684,21.825733
49,24,7.5087028,24.315351
49,25,9.265392,25.929493
49,26,10.139706,26.109657
49,27,10.591736,27.89317
49,28,11.119398,31.381323
49,29,11.140214,32.564804
49,30,13.007667,34.050415
49,31,12.12729,34.74999
49,32,13.393403,35.464043
49,33,14.203654,39.329193
49,34,14.845052,41.403717
49,35,15.794501,42.972042
49,36,16.227016,45.14304
49,37,18.232353,47.007313
49,38,18.032383,49.24747
49,39,19.19893,51.756443
49,40,21.390465,54.22664
49,41,22.21146,56.536846
49,42,20.801218,56.96833
49,43,23.488409,60.39841
49,44,24.240356,62.244244
49,45,23.990246,64.52447
49,46,27.224531,67.752205
49,47,27.274393,69.57077
49,48,29.196598,72.5764
49,49,29.488346,75.83041
49,50,30.75651,79.23931
49,51,31.85699,80.96945
49,52,34.209797,84.675766
49,53,34.535603,85.75253
49,54,35.185337,91.093445
49,55,35.80535,93.44892
49,56,38.54919,93.78491
49,57,39.858902,97.79819
49,58,39.647995,100.68091
49,59,41.361877,104.26534
49,60,43.073883,106.56663
49,61,43.13107,110.09123
49,62,47.606915,114.547905
49,63,48.51739,117.59719
49,64,48.980564,120.7183
49,65,50.25154,123.53553
49,66,52.803307,125.90458
49,67,53.328667,129.55045
49,68,54.804043,134.4873
49,69,55.6737,136.63701
49,70,58.137756,140.72704
49,71,59.646767,143.99745
49,72,61.295273,146.45969
49,73,63.100155,149.46152
49,74,64.14142,152.90977
49,75,66.7661,156.6374
49,76,68.25495,161.72466
49,77,69.62991,165.41853
49,78,72.69915,169.41843
49,79,73.676254,172.34822
49,80,76.73653,176.24211
49,81,77.056244,180.67781
49,82,78.10347,182.98308
49,83,80.98291,187.10876
49,84,83.822975,192.77068
49,85,85.17761,195.40146
49,85.236885,84.8934,198.28261
50,1,2.3122969,1.6404078
50,2,4.249349,0.77076936
50,3,2.2733357,3.078027
50,4,2.3071408,4.327161
50,5,2.7758932,4.5003433
50,6,2.3499537,3.623311
50,7,4.3171387,4.8085103
50,8,3.4645355,4.748293
50,9,4.0789037,6.1154966
50,10,3.8597682,6.6218047
50,11,4.707185,7.309318
50,12,4.2792563,8.359627
50,13,5.387937,8.175167
50,14,5.022328,9.052857
50,15,6.0247765,11.056743
50,16,5.1699724,12.061427
50,17,6.2352476,13.325093
50,18,5.950636,16.103888
50,19,7.9156733,16.069292
50,20,8.87081,17.1212
50,21,8.258588,18.876314
50,22,8.668402,20.30803
50,23,9.75429,23.03456
50,24,10.699132,22.974031
50,25,10.785075,25.381634
50,26,10.51826,26.269194
50,27,11.984045,28.447248
50,28,12.823553,30.774324
50,29,13.708291,30.602808
50,30,13.31033,32.289314
50,31,14.941229,34.940907
50,32,15.839686,36.594597
50,33,17.413544,37.525475
50,34,16.648113,41.13185
50,35,19.4505,42.479282
50,36,19.25188,42.977787
50,37,20.315668,46.085938
50,38,21.540714,49.31796
50,39,24.25445,50.513775
50,40,23.019554,51.493843
50,41,24.944046,54.247314
50,42,24.059687,58.2462
50,43,25.905285,58.681767
50,44,26.948378,61.376545
50,45,28.665617,64.002495
50,46,29.541813,67.95706
50,47,30.872631,68.86395
50,48,31.407677,71.7196
50,49,31.580542,73.236916
50,50,33.947975,76.35664
50,51,35.912067,78.52005
50,52,38.25059,81.74223
50,53,37.26984,84.20488
50,54,39.826694,87.51488
50,55,40.69777,90.384346
50,56,42.971764,92.30275
50,57,43.412113,95.34842
50,58,46.02362,96.92178
50,59,48.52498,100.25921
50,60,48.167236,103.06285
50,61,50.85166,108.03695
50,62,51.443287,110.46731
50,63,51.873123,111.94054
50,64,55.408657,116.46798
50,65,56.09768,117.28268
50,66,58.107887,122.32672
50,67,60.43729,125.498474
50,68,61.897404,128.68468
50,69,62.370857,130.98827
50,70,65.86006,133.80121
50,71,66.38095,137.90268
50,72,68.34676,140.68492
50,72.23346,69.16231,142.32349
