120.0,0.9254723452257364,0.9525029285918041,0.9304227680573246,0.9363362632948881,0.9262288124618447,0.9276236292770121,0.944107520713465,0.9368746585775181,0.9330607946716328,0.9418039321942319,0.9388298956846532,0.9391661213890934,0.9298401442691738,0.9319526230750087,0.9401909720035218,0.9411515561570706,0.9332031563708802,0.9437425305445729,0.9402875297615915,0.938338574560334,0.9378607235482197,0.9413176341695226,0.9395574467370165,0.9439498183794507,0.9457724298995228,0.9437822092815552,0.9388021924485724,0.9415420252348028,0.9400934115067135,0.9396406120550534,0.9543832324393225,0.9526224525551183,0.952704776077076,0.9540339850547326,0.9564173267628839,0.9526810307516097,0.9526394335398181,0.9472277143006356,0.9498989373854493,0.9552389856182503,0.9558337496698611,0.946140646524291,0.953743975972141,0.9513567367395019,0.9537319577235986,0.9542338176082635,0.9454374744655578,0.9494571318832168,0.9534391949297614,0.9533395465315946,0.9563650037618033,0.9508707866843762,0.9611543834466068,0.950013004292236,0.9603141915283697,0.9523381226169007,0.9510306762289963,0.9542125042839109,0.9553919371615358,0.953827881277301,0.9473733111797416,0.9512935692135992,0.95355079557551,0.9546053582354305,0.9499225716465525,0.9494324612287416,0.9536317099210699,0.9467588284549999,0.9508922430061629,0.9452353483283419,0.9534038571961673,0.9582336031825911,0.956682495757985,0.9535058284077377,0.949986558114823,0.951169831995178,0.9552342428103255,0.9459726168819348,0.9523127521916688,0.9518842056668754,0.9510552679113288,0.9534252562448385,0.9516293554703127,0.9515092495290717,0.9506546626622154,0.956177295943315,0.9573769743109014,0.9545203942247716,0.9481957898051222,0.9480600293237371,0.94622616460345,0.9548307725834039,0.9567798983531322,0.9583936599127215,0.956155177152083,0.9571653037974691,0.9503555016035126,0.9501987374301095,0.9522446677867931,0.943275370803001,0.937442683907099,0.9547448727153074,0.9475108497536426,0.9498687769411686,0.951081473474052,0.9486712285975434,0.9465102386265228,0.9389443158735551,0.9514912330249448,0.9533453487093007,0.9449634433275842,0.9477519352302487,0.9586091342701906,0.9541033429936308,0.945073020965095,0.9495249545636324,0.9480915702876017,0.9473413581450867,0.9488212546913367,0.9452107304249818,0.9496936046720865,0.9424459477269453,0.9565182488793657,0.9390052503789652,0.9286021930591732,0.9521597364481807,0.9410485256253582,0.9391495498587007,0.9513884915046628,0.9435277712987405,0.9504032656142919,0.9461186612443753,0.9503548242969582,0.9428073102625812,0.9356261660578954,0.9344851310863155,0.9287337041052802,0.9449591940436246,0.9450740555949708,0.9548503088130867,0.9464032024296255,0.9448766951333076,0.9472554584733982,0.9475661978708478,0.9548745184280256,0.9503473822083883,0.9469341969240485,0.9537014919496977,0.9394415568903267,0.9399183209002016
121.0,0.7863851531722799,0.8598608575800241,0.7995100705737123,0.8153819757608691,0.7883812300235786,0.7920707061422934,0.8365630167209175,0.8168375526039979,0.8065644514309924,0.8302460338281102,0.8221384370720505,0.8230523284395665,0.7979577265245853,0.8035959595589648,0.825842210686436,0.8284629568120586,0.8069463377226515,0.8355599635707444,0.826105393286084,0.8208042196334572,0.8195079895869377,0.8289166354659195,0.8241168521935267,0.8361295246482439,0.8411488138306384,0.8356689677723695,0.822063167893123,0.8295298764442376,0.8255763526887365,0.8243432072657966,0.8651384163320024,0.8601956813228674,0.8604263464552648,0.8641565079485091,0.8708722992553448,0.8603598093028278,0.8602432575020288,0.8451711519781747,0.852588174360373,0.867547560437359,0.8692246348699693,0.8421653186517495,0.863341722130946,0.8566545016430183,0.8633079678815008,0.8647182443144406,0.8402248529100667,0.8513584076115213,0.862485995478647,0.8622063397262222,0.8707244848317119,0.8552975549164126,0.8843252470260599,0.8529058753026564,0.8819289519858894,0.8593993297283846,0.8557438629181293,0.8646583200211668,0.8679786329513854,0.8635774020703716,0.8455742908003663,0.8564780328318103,0.8627992672833897,0.8657633158171267,0.8526539942877898,0.8512897722411803,0.8630264484429413,0.8438737532736436,0.8553574378970741,0.839667629089414,0.8623868157475698,0.8760138950660429,0.8716216730095845,0.8626730316266411,0.8528322098505,0.8561324240804142,0.8675341958168747,0.8417013500727532,0.8593282965038018,0.8581290344006214,0.8558125209612331,0.8624468739079283,0.8574163893001917,0.8570806726206888,0.8546945274562153,0.8701943431761259,0.8735863563189925,0.8655242531372036,0.8478540747991565,0.8474774809792698,0.8424015203230435,0.8663977795313024,0.8718970447151135,0.87646797458152,0.8701318876656585,0.8729872217485278,0.8538602862938015,0.8534233538181447,0.8591376904803966,0.8342773212262253,0.8183751435787477,0.8661559638563537,0.8459552369029866,0.8525041844251382,0.8558856889400676,0.8491738158843528,0.8431864574843096,0.822449364086396,0.857030321090428,0.8622226214174594,0.8389184331629619,0.8466232616012925,0.877079525290246,0.8643514475343191,0.8392203043863635,0.8515471140596348,0.8475649641646993,0.8454858058440252,0.8495905528062284,0.839599779264139,0.8520164805996877,0.8320033308636663,0.8711574560194163,0.8226149808755251,0.7946661102412798,0.8588999607086645,0.8281815908282507,0.8230072694241557,0.8567432230776925,0.8349701508108176,0.8539934440792789,0.8421046023726722,0.853858398181677,0.8329935445132423,0.8134648841065791,0.8103907658932654,0.7950153502493574,0.8389067284562324,0.8392231549992144,0.8664527821193339,0.8428906429915624,0.8386795060900255,0.8452479619364397,0.8461085696166409,0.8665209455080306,0.8538376522264602,0.8443588365549178,0.863222406231757,0.8238014994376853,0.8250993661241391
122.0,0.7186120259445284,0.8125239915294621,0.7351553652426418,0.7552975402406233,0.7211213571558125,0.7257657865365137,0.7824068443878982,0.7571521494018373,0.7440893611716333,0.7742945758531129,0.7639166893522102,0.7650845771348269,0.733193360937142,0.7403263386429065,0.7686528547820295,0.7720089270947461,0.7445738387008954,0.7811171843514128,0.7689897006999751,0.7622125291171239,0.7605578838015097,0.7725903031771609,0.7664455756291204,0.7818494174773788,0.7883103434684657,0.7812573067071682,0.7638205224192111,0.7733763434522055,0.7683126255102752,0.7667350566674647,0.8193892202327824,0.8129590733795166,0.8132588447891425,0.8181107278272887,0.8268658718060016,0.8131723702998317,0.8130209007089284,0.7934984255547503,0.8030893129336216,0.822528348173724,0.8247155167460133,0.7896205724736042,0.8170502506322563,0.8083607584833488,0.8170063261847302,0.81884206921069,0.7871199144553527,0.8014969400682341,0.8159368913086302,0.8155731296981188,0.8266728979036491,0.8066006142553181,0.8444801662582039,0.8035008305071242,0.8413352299243717,0.8119243700148615,0.8071794208604026,0.8187640434879659,0.8230903831870351,0.8173569591830221,0.7940189125285726,0.8081317952749345,0.8163444314590619,0.8202031531731591,0.8031745646685612,0.8014080924370939,0.8166400096716651,0.7918240040613983,0.8066782685405796,0.7864022258863173,0.8158078784267133,0.8335859368547265,0.8278443792312181,0.8161802028581528,0.8034054066325198,0.8076834291139972,0.8225109249723629,0.7890224642189809,0.8118320936743387,0.8102746135641232,0.8072684719505838,0.8158860013491905,0.8093494888376955,0.8089137760136872,0.8058187416903394,0.8259808912383385,0.8304112953670678,0.8198917474809319,0.7969640608220951,0.7964773515335583,0.7899251107640101,0.8210297689880389,0.8282040297762653,0.8341801311796339,0.825899376965332,0.8296282788598949,0.8047374234222903,0.8041712427663386,0.8115844993659244,0.7794688926604321,0.7591126026679968,0.8207146908365223,0.7945108323180538,0.8029805305017281,0.8073633754822123,0.7986703320428556,0.7909373718182561,0.7643139772134033,0.8088484323595444,0.8155943068595617,0.7854375641656289,0.7953736603600687,0.8349805698699486,0.81836450531256,0.7858262135148918,0.8017412320584182,0.7965904074400033,0.7939046628482931,0.7992093309640836,0.7863148494205455,0.8023489436821871,0.7765489803628217,0.8272381828591031,0.7645256175236271,0.7290378303676954,0.8112757208990706,0.7716484246983739,0.765026983533391,0.8084758786764491,0.7803591127408622,0.8049099919703079,0.7895422952565461,0.8047349765574385,0.7778200946063848,0.752856790641921,0.7489474725265828,0.7294784259578481,0.7854224957937718,0.7858298838358394,0.8211014402194439,0.7905558456374803,0.7851299905376008,0.793597586654014,0.794708855949039,0.8211902630258572,0.8047080913446143,0.7924499391439173,0.816894987587236,0.7660423269174174,0.7677023094350598
124.0,0.6532325778034742,0.7652582801271174,0.672676026821255,0.6965200834239708,0.6561735698302263,0.6616247371695647,0.7289020436144259,0.6987248652840057,0.6832290126529287,0.7191774680206711,0.7067798302209696,0.7081725986113603,0.670363412615072,0.6787795828288923,0.7124317599923895,0.7164428417263128,0.6838023358290399,0.7273541103283255,0.712834120763082,0.7047486311527699,0.7027777032010666,0.7171381980848635,0.7097964362848654,0.7282328933772102,0.7359971964477954,0.7275222585303873,0.7066651734065132,0.7180785837633633,0.7120254094898567,0.7101419299877086,0.7736008329971231,0.7657863850543614,0.7661502968465516,0.7720456882115184,0.7827093578509708,0.7660453159281894,0.7658614380552644,0.7422452009485105,0.7538265411371718,0.777422205852768,0.7800872150989937,0.7375739874271455,0.770756267007112,0.760209055219738,0.7707028702252976,0.7729351984123691,0.734565234158569,0.7519009156511866,0.769403066844422,0.7689610588689891,0.7824739650069193,0.7580765832296905,0.8042620337744819,0.754324360664521,0.8004043190919683,0.764530589755121,0.7587776781689347,0.7728402869613568,0.778106836144597,0.7711291405401511,0.7428726755503385,0.75993158293551,0.7698983378434139,0.7745912575650635,0.7539296655066359,0.7517935064473283,0.7702575896068315,0.740227403335062,0.7581706356212188,0.7337022314174864,0.7692462963396863,0.7909164812109504,0.7839032018675283,0.769698747292325,0.7542089182893226,0.7593882898324821,0.7774009843300375,0.7368541021548038,0.7644186185437737,0.7625292744235995,0.7588855565622458,0.7693412268578067,0.7614075224804562,0.7608793308624562,0.7571297498190742,0.7816299739686469,0.7870369453649548,0.7742122937452902,0.7464254431279909,0.7458380580751067,0.7379405913130989,0.7755974055702718,0.7843421018207514,0.7916430843463489,0.78153057027398,0.7860807260474246,0.7558207301138385,0.7551355269426047,0.764118197447796,0.7253767980654722,0.7010571714429165,0.775213861279988,0.7434658200508436,0.7536949575571554,0.7590005285096133,0.7484854740033103,0.7391594466233302,0.7072535482225669,0.7608001252863694,0.7689867897503163,0.7325426077360498,0.7445064524342744,0.792622127046741,0.7723543247185699,0.7330097552356121,0.752196261536919,0.7459744903472263,0.7427349313382442,0.7491364873077878,0.7335971789002469,0.7529310897913545,0.7218769963918221,0.7831635540110755,0.7075059328665374,0.6654711900930069,0.7637435749964209,0.7160117378243768,0.7081039007784615,0.7603485738166882,0.7264445679641287,0.7560296037060644,0.7374797637284832,0.755817768569484,0.7234000855916894,0.6936208720665138,0.6889828948037823,0.6659895137905532,0.7325244972462008,0.7330141671941874,0.7756846568147596,0.7387000011399129,0.7321729586677955,0.7423647357440818,0.7437046218941444,0.7757927911232277,0.7557852284268156,0.7409815558401186,0.7705675251030061,0.7093152244009352,0.7112966128310717
126.0,0.5903233412688905,0.7180868159949622,0.612149168028464,0.6391199949742342,0.5936148917922727,0.5997250976502164,0.6761003252919684,0.6416251239047827,0.624058440264723,0.6649529352507701,0.6507933300751747,0.6523811159739251,0.6095452387949677,0.6190317891725721,0.657241255566214,0.6618246335561618,0.6247067076572598,0.6743235321156359,0.6577007483890777,0.6484790533144071,0.6462349630819433,0.6626198242911914,0.6542332635840256,0.6753321318572496,0.6842559504263529,0.67451649730961,0.6506626519674169,0.6636955155992001,0.6567772691303776,0.6546274634494246,0.7277892637500196,0.7187002631558296,0.719123041978348,0.7259787239820589,0.7384109858338743,0.7190010742544852,0.7187874529561206,0.6914533126841714,0.7048324617564429,0.7322418794646424,0.7353501983588163,0.6860709624351861,0.7244782039161752,0.7122267216809403,0.724416078092113,0.7270142087041156,0.6826084487286932,0.7026045053927377,0.7229041051191235,0.722390085601255,0.7381361155789401,0.7097545650813463,0.7636609650554278,0.7054086612783017,0.7591295122417833,0.7172416951309607,0.7105671562272823,0.7269037081431121,0.733040152746029,0.7249120614990591,0.6921769278405849,0.7119049569920937,0.7234801486543299,0.7289427929788296,0.7049518152789124,0.7024802724323,0.7238980450594997,0.6891273381023614,0.709863564394108,0.6816159152342528,0.722721785666056,0.7480067744126297,0.7398053503847755,0.7232479967643765,0.7052750348371194,0.7112750198937089,0.7322171380143553,0.6852422025589524,0.7171116716250004,0.7149184058162124,0.710692206542761,0.7228321859913742,0.7136168188709462,0.7130041074348891,0.7086574389411721,0.7371507416358435,0.7434678454350327,0.7285013793540028,0.6962767830587113,0.6955986262577694,0.6864930850023444,0.7301149942058708,0.7403180958975234,0.74885746572296,0.7370347027746521,0.7423499164462323,0.7071411733043232,0.7063477366500274,0.7167628382247658,0.6720551846769864,0.6442771958802378,0.7296681076403286,0.6928610865508493,0.7046801759054259,0.7108254842071532,0.6986561641122793,0.6878968828290251,0.6513332953550165,0.7129122363121831,0.7224200066090115,0.6802826771853491,0.6940617108939962,0.7500040014987701,0.726337977661341,0.6808197038768816,0.7029461337561397,0.6957561308170385,0.6920180662466996,0.6994084229212488,0.6814951140062941,0.7037962524201725,0.6680438621482498,0.7389414101664712,0.6516210099508113,0.6040437970090267,0.716327891749332,0.6613317269343526,0.6523027815438892,0.7123885219350462,0.6732799343295964,0.7073830742287011,0.6859624775097019,0.7071377435914636,0.6697889945902181,0.6358287075349356,0.6305703153168073,0.6046262124002977,0.6802618592411642,0.6808247761951505,0.7302166623172901,0.6873676588791741,0.6798577911342959,0.6915911511781844,0.6931365676582928,0.7303426678574363,0.7071000596302959,0.6899964956161269,0.7242586120029275,0.6536842886288922,0.6559452591815685
127.0,0.4759651054761324,0.6272230960381001,0.5009377009911038,0.5323024876537644,0.4797074450824137,0.48667694349911167,0.5761915955461394,0.5352436377015486,0.5147190346963317,0.562855681625381,0.5460475341853717,0.5479249448264978,0.4979389423843659,0.5088889998586489,0.5536832084318957,0.5591295297299205,0.5154723121554581,0.574059910471626,0.554228515314237,0.5433144654053074,0.5406680864502565,0.5600760089096094,0.5501172985634856,0.5752696840234452,0.5860055258990713,0.5742913070704886,0.5458931026159288,0.5613570936235599,0.553132726730928,0.5505842334227203,0.6391928131962638,0.6279779478771439,0.6284983339841484,0.6369542097788992,0.6523715543824495,0.6283481946437327,0.6280852570230925,0.5947061491628177,0.6109780532873592,0.6447078306553168,0.6485659329858104,0.5881961176820834,0.6351006509911206,0.6200254962838102,0.6350239421373083,0.6382342340195419,0.5840191613228726,0.6082595527450949,0.6331578869440497,0.6325238543937247,0.6520295313988594,0.616996332650823,0.684010677320701,0.6116816905217668,0.6783006770435345,0.6261835991889194,0.617991535719448,0.6380976021847328,0.6456980248064231,0.6356364245111958,0.5955829556077048,0.6196309905773882,0.6338686437265225,0.6406202572063348,0.6111237848692307,0.6081080701066689,0.6343844138966039,0.5918902990965248,0.6171298001353084,0.5828234254164972,0.6329329785474366,0.664344184903743,0.6541073729226361,0.6335821730922376,0.6115184890786716,0.618858855135258,0.6446771479081254,0.5871955687363145,0.6260237149497284,0.6233285372584589,0.6181447296306619,0.6330691650875971,0.6217306879196796,0.6209789252909399,0.6156533900015996,0.6508038513428644,0.6586731094386977,0.6400739172901458,0.6005578271997637,0.5997341058594714,0.5887059295734917,0.6420717526636014,0.6547460166039761,0.6654086321945797,0.6506595577639877,0.6572785012332201,0.6137987953847265,0.6128289638469745,0.6255948282268933,0.5713418227179465,0.5383624222903034,0.6415182764094723,0.5964122970404773,0.610792125712715,0.6183080146457556,0.6034505276139441,0.5904022652773353,0.5466857836823402,0.6208662273121253,0.6325607562937067,0.5812183514023602,0.5978685100563711,0.6668440434200174,0.6373982201763556,0.5818647188772338,0.6086761714456861,0.5999253891134296,0.5953904304886011,0.6043659144183027,0.5826779409560704,0.6097132574004234,0.5665443563901515,0.6530317121218179,0.5470259562440682,0.49162053595775246,0.6250601858864632,0.5585430786692094,0.5478322777564795,0.6202239020730063,0.5728089361227489,0.614094563587548,0.5880651174132143,0.6137946022294679,0.5686300599926923,0.5284455015548809,0.5223002269855851,0.4922883316966204,0.5811932990370541,0.581870824933051,0.642197689595719,0.589762589942739,0.5807071045250742,0.594873139551035,0.5967463314527561,0.6423537833952407,0.6137485304940745,0.5929420569866526,0.6348295254758535,0.5494672220723548,0.5521460132884776
128.0,0.42060111704222064,0.5803361838422603,0.4464555243494265,0.4792323124281716,0.4244615063920618,0.4316642071951817,0.5256367900310207,0.4823227018293445,0.46081640537130714,0.5114720972168124,0.49369899952706464,0.4956797247142455,0.4433393052232543,0.4547332820574973,0.5017619065070493,0.5075243037078427,0.46160322378502144,0.5233689268931094,0.5023384364344436,0.490817556962121,0.48802981006787205,0.5085266680412219,0.49799415540091435,0.5246558123865256,0.5360956286465716,0.5236150379904241,0.4935361199682507,0.5098838441803462,0.5011800013823965,0.49848728930919833,0.5932762500416308,0.5811510227724149,0.5817128583067669,0.5908530773836531,0.6075700863687534,0.5815507522177651,0.5812668728861248,0.5453924468273034,0.562840022603159,0.5992519958843749,0.6034374757012111,0.5384341750224283,0.5888477686955238,0.5725748270260256,0.5887648007123523,0.5922384642151546,0.5339763614567495,0.5599196614895321,0.5867469976788071,0.5860616308022363,0.6071985112500977,0.5693128763762854,0.6420814662915074,0.5635962610380102,0.6358330555096136,0.5792143468860466,0.5703842658445314,0.5920905637281028,0.6003258155603727,0.5894273056816716,0.5463305976351966,0.5721498534710178,0.5875154366601669,0.5948221230350346,0.5629966366095358,0.5597569944493106,0.5880731545678287,0.542381149534468,0.5694565445777982,0.5327012004127343,0.5865038665269164,0.6205975483679489,0.6094563864304937,0.5872056999316737,0.5634208463729653,0.5713182161102467,0.599218726252392,0.5373658677717142,0.5790418254861699,0.576134728277163,0.5705492128411346,0.5866510855921288,0.5744122291458659,0.5736020756924143,0.567867582897996,0.6058671943267121,0.6144219125280912,0.5942303877662566,0.5516578759620631,0.5507752948880072,0.5389786284018389,0.5963946313490184,0.6101506053466299,0.621757681777064,0.6057104920735233,0.6129045782180712,0.5658725058668125,0.5648296107858632,0.5785790760490462,0.5204792345519879,0.48560283036918855,0.5957949412205055,0.5472181743525407,0.5626402200238612,0.5707250326309067,0.5547588728446139,0.5407907944715998,0.4943722450456048,0.573480638323783,0.5861015173225793,0.5309901966034652,0.5487771380677534,0.6233226155736521,0.5913335831120687,0.5316791277522104,0.5603670751505095,0.5509802284661853,0.5461245830805453,0.5557406908788542,0.5325460820588503,0.5614810402581556,0.5153844745015992,0.608287376090679,0.4947311231935323,0.43678365447709216,0.5780022950611321,0.5069033672299478,0.4955819315881859,0.5727885728051305,0.5220386894163344,0.5661906107987269,0.5382942860348203,0.565867996223529,0.5175985475034898,0.47518392639146495,0.4687438713370163,0.4374758647607998,0.5309634970932815,0.5316856365033812,0.5965310957261345,0.5401073383914741,0.5304453741948465,0.5455711026816545,0.5475757223253114,0.596700244059792,0.5658184474560188,0.5435056310234982,0.5885545279222943,0.49730772014663743,0.500137204322532
130.0,0.3680639399326515,0.5336687120055658,0.39429606772818476,0.4278883776985283,0.3719653277719472,0.37925911619324504,0.47605171633713317,0.4310743493597367,0.40896908802715864,0.46127781614899893,0.44282948402603084,0.4448804647034423,0.39112162701767267,0.40274501485897846,0.45118625442344445,0.45717137869560465,0.40977506600043334,0.47368214546796905,0.45178459364440055,0.43984810187271384,0.436966230246522,0.4582135589528152,0.4472785871135948,0.4750265507089415,0.486999905835184,0.4739392176144341,0.44266088353118394,0.4596251491805281,0.45058244406312903,0.4477897753624306,0.5474249055055043,0.5345335600946626,0.5351299860342199,0.5448453543353597,0.5626740425964822,0.5349578904823306,0.5346565354597684,0.4967593912391212,0.5151442583221543,0.5537932215166766,0.5582594974858305,0.4894523963947048,0.5427118656759099,0.5254404252641811,0.5426236184382994,0.5463199474588591,0.48477880167285886,0.5120608176538256,0.5404780129879518,0.5397494951466651,0.5622769281596081,0.5219873447947089,0.5997180895808474,0.5159431291913286,0.5929878732083893,0.532478330578022,0.5231211756638545,0.5461624981662263,0.5549386248272826,0.5433283320223148,0.49774566199293707,0.5249903788362679,0.5412949890940258,0.5490713894996854,0.5153096877685489,0.5118891396364581,0.5418880374126414,0.4935954050515835,0.522139367018541,0.4834430193507047,0.5402195591916377,0.5766204314215646,0.5646905696544687,0.5409656685615813,0.5157578109234583,0.5241098250014191,0.5537577390908924,0.4883318325220445,0.5322952995777223,0.529212374010607,0.5232957650613792,0.5403760543457797,0.5273868235194573,0.5265284927188196,0.520458339357718,0.5608544138831427,0.5700034990625761,0.5484410639913064,0.5033511258980988,0.502421878616796,0.4900236137234127,0.5507469188334447,0.565432958530746,0.577864600555151,0.5606870089277691,0.568379303050568,0.5183486917665617,0.5172463624498428,0.5318044020212336,0.47066514994276687,0.43445937041424093,0.5501078603298898,0.49867900483193556,0.5149332196128781,0.523481871411203,0.5066179013493958,0.4919255012692496,0.4435264673233405,0.5263998499302547,0.5397918893423383,0.4816514482494044,0.5003189178578096,0.5795434588949586,0.5453567399841661,0.48237271280796284,0.5125330555224376,0.5026376275602593,0.49752905809701375,0.5076527943993765,0.48328056023678967,0.5137090799338888,0.4653522347131595,0.5634407393120908,0.4438980588243203,0.38445473571989425,0.5311926212858774,0.4565259363800263,0.44477917322121435,0.5256668012129972,0.4722929857612453,0.5186849877155351,0.48930564518367675,0.5183439244460154,0.46766012386326805,0.4237195690955628,0.41709923357698603,0.38515796815292613,0.4816234985593319,0.4823795277193997,0.5508923556364705,0.4912080913479706,0.48108115791683287,0.4969471906362722,0.49905505497861696,0.5510726324547899,0.5182915448886461,0.49477658797742036,0.5423999745674711,0.44656715031451466,0.4495006622029322
131.0,0.31861803159867313,0.48742435109245674,0.34473474276894506,0.378545588710893,0.32248571466343506,0.32973216814147527,0.42768892709072215,0.3817727152784498,0.35945408313710303,0.4125344803923259,0.39370933021158616,0.3957966994231081,0.341560571034527,0.3532008897038288,0.4022230458679872,0.4083346025629433,0.3602648414673877,0.4252536919858266,0.4028335009142786,0.39067754148564393,0.3877497634520195,0.4093999836138081,0.39823913106415054,0.42663513739830633,0.4389631156175171,0.42551780310639725,0.3935378003772702,0.4108435560002671,0.40160712734107523,0.39876000913403614,0.501828533862858,0.48832837445941557,0.48895193990987085,0.4991234507501426,0.5178571123575865,0.4887720030941481,0.4884569374283441,0.44904411859288174,0.46811204244180993,0.5085146242043946,0.5132103968766386,0.44149368155652036,0.49688753333840163,0.47883396226892494,0.4967950766388307,0.5006695780876983,0.4366728887612781,0.46490708576891865,0.4945477927168571,0.49378504354734937,0.5174388967898208,0.4752346847652546,0.5570535130775925,0.46894284857707774,0.5499055982558424,0.48618039445512495,0.47641614210457583,0.5005044619940897,0.5097183639675789,0.49753346611854654,0.45006448193697185,0.47836466771995334,0.495403333120907,0.5035561055144868,0.46828406975648645,0.46472872374993157,0.4960244922936021,0.4457727381811012,0.475393071185775,0.43529626442936165,0.4942771777938455,0.5325713966920026,0.5199814468170934,0.49505844500167295,0.4687501055670607,0.4774466212920242,0.5084773403600574,0.4403372167490196,0.48598916140089826,0.48276951107939564,0.4765980979754306,0.49444103434385783,0.48086427394959413,0.4799688051110304,0.47364204017309264,0.5159411456302572,0.525583651030137,0.502894648661328,0.4558692395941324,0.45490630624634976,0.4420833468288709,0.5053149207376676,0.520763801229409,0.533886586374906,0.5157649226447063,0.5238702187068008,0.4714456951933292,0.47029857768936406,0.4854763124288667,0.4221556358148307,0.38520523590700145,0.5046440051806321,0.4510303565962722,0.46789259839165137,0.4767920663832725,0.4592564727887511,0.4440473720264028,0.3944185232010698,0.4798346143853934,0.4938294256759867,0.4334507774452269,0.45272806088028117,0.535661926315727,0.49965957598229205,0.4341936289366478,0.4653977539615973,0.45512985339183887,0.44984036562899943,0.4603301847388955,0.4351288754840874,0.46661995931590217,0.41670694792503804,0.5186646688911702,0.3947966899718171,0.3349063739697682,0.48483727039638025,0.4076749672529279,0.39569357816521344,0.4790700420686313,0.42382685344468635,0.4717957251492339,0.44134220692359116,0.4714407334155107,0.4190727186628574,0.3743281681011076,0.3676429529457207,0.3356074868836771,0.4334219944707139,0.4342006485784748,0.505467623263557,0.4433063942283145,0.43286353237347586,0.44923838716463044,0.4514195878097375,0.5056569144166381,0.4713862177488015,0.44699366063814,0.49656077450125685,0.39751435164729376,0.4005039505572543
133.0,0.27323361515331446,0.44256512184823976,0.2987759381473966,0.3322292488672598,0.27699904841051376,0.2840702252792195,0.3815659508891043,0.3354438806651342,0.31328787284040843,0.36626623074681464,0.34736581745704526,0.34945565530403505,0.2956572704988595,0.30711284145794343,0.3558988728822496,0.36203932244781506,0.31408955989374365,0.3791023882175752,0.3565116536677509,0.3443330953079248,0.3414074152008214,0.3631110098215815,0.35190285566969265,0.380499671175649,0.39299570878418355,0.3793694801459234,0.34719415083506094,0.3645637249124241,0.35528073442034347,0.35242501207213894,0.4574299593270568,0.4434963395605722,0.44413879778817456,0.45463394195831586,0.4740386034594914,0.44395339794383565,0.4436287887137164,0.40324930348520666,0.4227279050351492,0.4643494809005462,0.4692165186803758,0.39556665411876235,0.4523243976834404,0.4337279518619111,0.45222892647861224,0.45623179544483616,0.3906706531622329,0.4194463430218661,0.44990910604570217,0.4491220588536978,0.4736043653593596,0.43003158129438696,0.5149414655720553,0.4235790628283959,0.507452670590228,0.44128412452974514,0.4312444960195564,0.4560611236871988,0.46559655041878717,0.4529914573464503,0.40428887228879995,0.4332457855029095,0.45079209447791874,0.4592166656622308,0.42290412972969843,0.4192638068385888,0.45143331050302765,0.3999184912145303,0.4301941614070346,0.38927388133002916,0.4496298517750475,0.4893463724659782,0.47624505152751123,0.4504361167563759,0.42338158026988054,0.4323027426972394,0.4643108613160384,0.39439148965170495,0.44108723624317897,0.437773938561086,0.4314313325714831,0.4497989369723577,0.43581468178569654,0.43489418347842845,0.4283971722782555,0.4720496198988126,0.4820696008567805,0.4585324697270564,0.4102088952918488,0.4092261366330648,0.3961660133709874,0.4610365312282347,0.47705795236408666,0.4907174008625133,0.47186673088819164,0.48028727471178895,0.42614444325426026,0.4249684372116584,0.44055927245973536,0.37597103391559067,0.33886711967612165,0.46034222691913107,0.4052732186009165,0.42250311928929196,0.43163051443132316,0.4136680793312791,0.39816310077641065,0.3480756826146808,0.43475626182205734,0.44916785033974643,0.3874023160112909,0.407004076400833,0.49256883562708187,0.4551879282099847,0.388155536161856,0.4199485427413402,0.4094542613810199,0.4040605104615223,0.41476531571225655,0.3891040830014764,0.4211997811318285,0.3704712814820945,0.4748772321273585,0.34845427793540923,0.28913209702131304,0.4399015012806436,0.3613759707660281,0.3493523772519828,0.43397053086538817,0.37765983182460433,0.4265033648225914,0.3954127066288118,0.42613935569250033,0.3728580446204202,0.32803370834665596,0.3213962037059371,0.28981880078186506,0.38737313477447055,0.38816265460950905,0.4611945744178299,0.397409509737689,0.3868069969373182,0.4034472041773787,0.4056699736800068,0.4613904948004026,0.42608345849581036,0.40116121161837087,0.45198699572557977,0.3511764501812925,0.35417389993085385
139.0,0.2317175234809421,0.39903115900676683,0.25627159210377337,0.2888335656560451,0.2353195954444037,0.24210075813421042,0.33761190513877154,0.29198523997297265,0.2703428732333535,0.32239433754262103,0.3037069603022911,0.3057670214696752,0.2532587991996746,0.2643449960553765,0.3121282526678503,0.3182042020788987,0.2711226691738688,0.3351562491744867,0.31273400250506544,0.300720250564051,0.2978421234832023,0.31926598096840264,0.3081813427359943,0.33654879963463263,0.349031160599789,0.33542238615550884,0.3035378094753754,0.3207059001612736,0.3115173408410209,0.3086967604027323,0.41416818691535184,0.39997755541891994,0.4006306328094899,0.4113161358832761,0.43115494601316323,0.40044215617349294,0.40011218399020654,0.3593113345807169,0.3789314426192641,0.42123587969979087,0.42621517040380996,0.35160560511891775,0.40896198626681884,0.39006259953664724,0.40886470398674274,0.41294573924875255,0.34670478159862794,0.3756178439332492,0.40650167987640223,0.4057003261018233,0.43070984708812854,0.38631812475523875,0.47330751175866653,0.3797914447771834,0.46555703064349846,0.3977296949961416,0.3875463752933682,0.4127716415566409,0.4225110826321829,0.40964177270925195,0.36035546755805825,0.38957392764119547,0.4074009308330531,0.41599186066019217,0.3791094804203838,0.37543362214438675,0.40805409679237586,0.3559682048354204,0.38648273498174107,0.34530805948471766,0.4062173290512942,0.4468783794702215,0.4334173794039791,0.407038369913769,0.37959189060710696,0.38861836075278144,0.4211963958103901,0.3504285766302845,0.39752970350600586,0.39416588867795066,0.3877356132015966,0.4063894974742927,0.39217827903753216,0.391244851506179,0.3846637467409155,0.42911664089236695,0.4393961024011759,0.4152934018541871,0.3663079615488546,0.36531905270480375,0.3522060862093861,0.41785030648471017,0.4342512424055673,0.4482897169168732,0.42892927140925896,0.4375656191495364,0.3823848085121117,0.3811957276283419,0.3969934743431674,0.33203787090629816,0.29534565601481744,0.41714117312094573,0.3613444500085686,0.3787043578241519,0.3879373665532073,0.36979118358214835,0.35420774371781283,0.3044065349936916,0.39110501422097554,0.40574694508027187,0.3434375589045723,0.3630841996175226,0.4501963797842329,0.41188104776376694,0.3441902128360695,0.3761247336885452,0.36554857821796805,0.36012607385818457,0.3708968193386412,0.3451383105493625,0.37738799214458807,0.32656890529373034,0.4320146963794181,0.3047797161909888,0.24696824191450656,0.39632551982582176,0.31754718348041827,0.30566517811720945,0.3903084775884815,0.33371926249162437,0.3827478036560987,0.35145138812834315,0.38237966348819985,0.32894104998322293,0.2847260220387795,0.2782413809307497,0.24762941310864564,0.3434084033420323,0.3441973268181314,0.4180117441464626,0.3534522780009303,0.34284281883814005,0.3595100778234721,0.361743160079555,0.4182118822879162,0.3823231354669157,0.3572151088187227,0.4086181955242232,0.3074644735311418,0.3104237837399989
143.0,0.19435474133626995,0.3572957506343862,0.21756882064131122,0.24876570383075436,0.1977424613834154,0.2041369605528505,0.29628519787386737,0.2518085716208106,0.23099504071054927,0.28136557279860896,0.2631600090928632,0.26516050180795886,0.21470548474913714,0.22526158116729672,0.2713479841052432,0.27727215772902075,0.23174159076078288,0.2938720478221285,0.2719379846974339,0.260262561866798,0.2574737239011341,0.27830881799620766,0.2675070738012687,0.29524023408645783,0.3075343209511928,0.29413347569693177,0.26299582173799985,0.27971533509873947,0.27075309517112744,0.26800831510948653,0.3725136688349059,0.3582451982083249,0.3589005386914316,0.36964118539688995,0.3896709322103541,0.35871139573554833,0.35838028278322875,0.31769930495375465,0.3371960912748619,0.3796422200799576,0.38467304377591705,0.31007658144411,0.3672719734224895,0.34831179677606566,0.36717410392571126,0.371282171187909,0.30523896301799586,0.3338946179679795,0.3647976775798554,0.3639921554470352,0.3892203135240721,0.34456820647088743,0.43259288118340267,0.3380535152587999,0.42466513488589913,0.3559905330142537,0.34579568808253913,0.37110682025186364,0.3809299429280614,0.3679559413001805,0.31873371313633886,0.3478229941976549,0.3657018335008228,0.374351655747315,0.337373576152743,0.33371117276106604,0.3663587126628563,0.3143897479086577,0.34473268644710253,0.3038617541972957,0.3645118257856733,0.4056248822110683,0.39196228629658586,0.3653372660893662,0.33785453850412156,0.34686738487601537,0.37960235601272907,0.30891398865589315,0.3557900101981997,0.35241908074421247,0.3459848491519601,0.3646849001410006,0.3504288906350595,0.3494946693551841,0.34291560601017196,0.3876078089378556,0.39802434272226567,0.37364760034522276,0.3246376251107011,0.3236559830023733,0.31066987832151294,0.3762256847034018,0.3928071717842339,0.4070602509106749,0.38741821711762015,0.39616728567341764,0.3406405162895519,0.33945408998261173,0.355252416293768,0.2908107114903073,0.255057327262235,0.3755104867298512,0.3197138168853264,0.3369697262778207,0.34618653281050754,0.32809778503254,0.3126484653961751,0.2638391725639979,0.34935473622477853,0.364039011683157,0.3020184353747385,0.3214387301753429,0.409000241904323,0.37020995469005924,0.3027600071008485,0.3343994267696757,0.3238837934647633,0.31850642502182536,0.3291969219550416,0.3036944223807562,0.3356578549332734,0.28545014664816476,0.39054150286151795,0.26420154239742194,0.20874023208807502,0.35458288391445714,0.2766308905051699,0.26506156516789753,0.3485577684359518,0.2924609193018348,0.34100278952257224,0.3099242291752627,0.3406353817949985,0.2877739577592541,0.24480596132075952,0.23856866144896205,0.2093663610608109,0.30198971303251754,0.30276701726640276,0.37638852340887985,0.3119015485429474,0.30143259055132726,0.3178961693316002,0.32010903878682484,0.37659040895682644,0.3405789700061219,0.3156236949514037,0.3669261200240447,0.2668100894204932,0.26968857013711084
145.0,0.16099889129564715,0.3174320316758572,0.18258154188820816,0.21200192097662823,0.1641308875855345,0.1700594457764039,0.2576236846493029,0.2148951967135199,0.19518755402194377,0.24320222531539423,0.22572372711733318,0.2276377050086957,0.1799044951045537,0.18979375198442716,0.23356806105698694,0.23926064056261942,0.195891018748106,0.255285333776981,0.2341343614771717,0.22295455211412676,0.2202925225008189,0.24025822118979456,0.2298849108368058,0.25661084128163114,0.26855277631363517,0.25553855203889664,0.22556671441162468,0.24161239868399276,0.23299721193947792,0.2303652213997268,0.33254257980723095,0.3183726501483406,0.31902206370615177,0.3296848380637361,0.3496639789202745,0.3188346173628274,0.31850650184879314,0.2784682260746436,0.29758778910490674,0.3396454582396977,0.34466741649716376,0.27102914461148714,0.327329704329591,0.3085459359975331,0.3272324538659715,0.33131709091750083,0.26631893110887045,0.29434104132221606,0.3248719748407265,0.3240722587131985,0.3492131761726177,0.30485085378968324,0.3928697603629525,0.29843159968402794,0.38485090892768875,0.3161394205635834,0.30606192413450795,0.3311426335197435,0.34093018752992144,0.3280094291636397,0.27947930686796607,0.3080632069430522,0.3257698556214695,0.3343724646790861,0.29776243581702405,0.2941607447775127,0.3264223359118285,0.2752358513184059,0.3050131059574672,0.2649795553613053,0.32458816013789143,0.3656626197373533,0.3519571947449463,0.3254077876915529,0.29823576015910114,0.3071196966736553,0.3396056948279778,0.26989639401108506,0.31594088272733134,0.3126052526826201,0.30624860013605154,0.32475999804354855,0.3106376221406948,0.30971443307295643,0.30322113177470295,0.347600504774036,0.35803158928928563,0.333671390521395,0.2852572659481326,0.28429572265823244,0.2716074006350704,0.33623929626954596,0.35280315610609775,0.3671056020935949,0.34741094393895805,0.35616961502631217,0.30097901547989603,0.29981046629126107,0.31540867395611216,0.25232206473583096,0.21798867649112819,0.3355267186603426,0.2804376559437278,0.2973650592494222,0.3064476471359571,0.28864923986846125,0.27353674434872793,0.22637333210290395,0.3095761768174287,0.32411877165324005,0.26318796623270896,0.28212510226818716,0.3690568127059161,0.3302504863767024,0.2639085762960338,0.29483724432380565,0.28451883893969715,0.27925711205026305,0.28972758005388727,0.26481686776151914,0.2960745938941318,0.24714187257461298,0.3505350748354119,0.22672000958751998,0.17434057005938902,0.31474597779588115,0.23864376208348012,0.227543007935431,0.30878888084254186,0.2539189664702748,0.3013359232845569,0.2708806751836728,0.3009739573429495,0.2493861311624014,0.2082429392128618,0.20233607465517578,0.17492372538143983,0.2631600598593299,0.2639153892773318,0.33640156013478156,0.272808251483041,0.26261882497142375,0.27866062176202966,0.2808242009936735,0.33660274420594516,0.3009183850587764,0.2764405663722392,0.3269860518253852,0.22921720295806514,0.23197606495331904
147.0,0.13148914150458157,0.27951356115311127,0.15121006273079712,0.17850757633517608,0.13433369194251704,0.1397345563596672,0.22165965177901759,0.18121585773119198,0.16285099224008046,0.20791931596264437,0.19138753872361905,0.19319112506224587,0.1487492127643656,0.1578595963209727,0.19879006325650275,0.20417936464283268,0.16350311188331057,0.21942581520716697,0.19932554717296744,0.1887810830452183,0.18627885739229108,0.2051252725145551,0.19531086570391876,0.22069180102559696,0.23212979044366505,0.21966760655652157,0.19123965700041828,0.20641000277353577,0.19825042382385863,0.195764231080058,0.29433263391477765,0.28043379226767523,0.2810693061253919,0.2915241839696141,0.3112140814353114,0.2808858570462209,0.280564767330136,0.24166987099404985,0.26017116488057884,0.3013245500852724,0.3062778664266624,0.2345088088453482,0.2892116994898749,0.2708350938957512,0.2891162497001165,0.29312795385591034,0.2299858459792857,0.25701987004509813,0.28680044341442257,0.2860162844228895,0.31076840070371387,0.2672344530875431,0.35421446771574794,0.2609907937127197,0.3461922355243197,0.27824945987387145,0.2684140399431654,0.292956498870199,0.30259095120995905,0.28987892638284674,0.24264481581418562,0.2703644300128706,0.2876811124549222,0.2961323631195775,0.26034078548379497,0.2568449866636692,0.2883212540470885,0.23855565963278286,0.2673924571890844,0.2287013278375819,0.2865221253262298,0.32707166178269226,0.31348222651280294,0.2873259526922019,0.260800543593937,0.26944473769349114,0.3012853624067953,0.23342028805803414,0.2780553516885287,0.2747961721677875,0.2685959091212284,0.2866906320412745,0.27287544297373806,0.2719747237122236,0.265647918093039,0.30917457514706653,0.31949810777348026,0.295442712984561,0.2482237369362115,0.24729444063194997,0.23506468067743785,0.2979695556778912,0.31431935366648606,0.3285057578952573,0.3089872833027295,0.31765285774729124,0.26346676242322564,0.2623306977831699,0.27753508395278975,0.21659825112703743,0.1841160161286744,0.29726815762852565,0.24356927459995784,0.2599548609172098,0.2687898442890542,0.251504722090149,0.23692028768940415,0.19199948742702694,0.27183985812375205,0.2860618866612774,0.22698424351222357,0.24519789819752624,0.3304459461251014,0.2920798622210789,0.2276747310894281,0.25750123651412954,0.2475100433284536,0.24243052865354273,0.2525486760583087,0.22854535247737887,0.25870198013619167,0.2116641499950183,0.31207546038543055,0.19232614843704726,0.14364766630089457,0.27688739258636813,0.2035946579079208,0.1931018501311945,0.27107199754761324,0.21812156698116886,0.26381384611444597,0.2343661078439364,0.26346184384247595,0.21380039885851695,0.17499506471241733,0.16948973509234402,0.1441815231294694,0.226957507874962,0.22768126027716232,0.29812929685016654,0.236219465697336,0.22643904122466607,0.24185536028155633,0.24394224938024073,0.29832736500252927,0.2634078054252286,0.23971586344587792,0.2888744240795947,0.19468079039428635,0.19728547114942976
149.0,0.10573763383226076,0.24374082934713767,0.12343564377988019,0.14834054931963658,0.10827376652284335,0.1131048546621363,0.1885349197061749,0.1508349527034697,0.13400181732310168,0.17563628157008182,0.16023872753038343,0.1619118487344913,0.12121294399127495,0.12946096358262194,0.16711641359873236,0.17214101173059096,0.134596189290854,0.18643192520757843,0.1676150122656306,0.15782380883397892,0.15550882785514997,0.17302439001131753,0.16388039991334413,0.18762347778486774,0.19842182742584483,0.1866594435844928,0.16010161796218064,0.17422489338599298,0.16661409161164065,0.16430172811686136,0.25809175728694767,0.2446296548304637,0.24524366288987814,0.2553659410347124,0.274534590878038,0.24506640640212057,0.24475618547677774,0.2074723634831046,0.22513276182737152,0.2648900419869911,0.2697164729873139,0.20067509167137124,0.25312361302732395,0.2353741300403072,0.2530311002881445,0.2569221790188542,0.1963933347432933,0.2221148791520646,0.25078756067786656,0.2500283122195149,0.2740992336809387,0.23191123317700124,0.3168419094047886,0.22591833680950998,0.30890490281989336,0.2425203819290065,0.23304514569307203,0.2567557617879322,0.2661231972929994,0.2537704004811397,0.20839946914009674,0.23492118911857274,0.2516405192267487,0.2598400039456377,0.2252953132623782,0.22194751552542,0.2522606947228789,0.20451366025756829,0.23206308812541498,0.1951789597775599,0.25051805841255964,0.29006781945178256,0.27675123383256606,0.25129650086082306,0.22573596753029598,0.23403637261978336,0.26485189193992337,0.1996438034719936,0.24233302966492548,0.23918939110666668,0.23322002048082857,0.25068122426094813,0.23733862557981736,0.23647119686878096,0.23038697797529747,0.27254287615310685,0.2826388337324556,0.2591699464688734,0.2137122963961091,0.21282642551217193,0.20120193525191438,0.2616258199899719,0.27756978866463483,0.2914766361656202,0.2723600437135494,0.28083165446689545,0.22829304114081145,0.22720314125336866,0.24183093913338863,0.1837732787051711,0.15351052320629788,0.26094389631677734,0.20927893579458345,0.22492548914160007,0.2334065112355487,0.21684280549254725,0.20296160807941854,0.16080622094303246,0.23634134244554958,0.2500724596843455,0.19355678435474044,0.2108291683382341,0.29338367531155507,0.2559050464385239,0.19420894849312745,0.22257561066037843,0.21303192142097316,0.20819566237573336,0.21783980372370973,0.195031551504954,0.22372528443093548,0.17914288919534171,0.275376207026903,0.16110923111409758,0.11661774325972643,0.24120601822472798,0.17159517696766896,0.16182899202880743,0.23560214503401594,0.1852051320450678,0.2286261216550346,0.20053986430432827,0.22828832134001087,0.18114623653852488,0.14511148676093027,0.14006446414877152,0.11709780259157541,0.19353153688034808,0.194215116313119,0.26178115006119784,0.20229684368174117,0.19304199241380568,0.2076487201730475,0.20963386002415507,0.2619737611659228,0.22823646745940096,0.20561544721229238,0.2527967304848499,0.1632950235336142,0.16571623424315005
154.0,0.06551119437032782,0.1804250790694586,0.07904012583676233,0.09878126022090122,0.06742213711346744,0.07108861064833227,0.13212791419703887,0.10079982927660329,0.08732089878236361,0.1212436567706311,0.10847305243325671,0.1098485239995328,0.07731691580502693,0.08374447976847621,0.11414646806098046,0.11832295515386068,0.08779096504123124,0.13034220270052133,0.114559725527673,0.10649314654517904,0.10460122540020035,0.11905993691307543,0.11147074871624327,0.13135345941539564,0.14057951083142767,0.13053518878995873,0.10836046994450116,0.12006277390554088,0.11373039015050108,0.1118184942835832,0.19339125400475327,0.1812235184656272,0.18177544830901135,0.19091635616371727,0.20843714414050926,0.18161608276503668,0.18133723233013205,0.14839535524292338,0.1638545053344443,0.1995879344187404,0.2040079245701723,0.14251841601807885,0.18888465325591988,0.17293984544292582,0.18880091248610031,0.19232865276304462,0.13883802562632033,0.16119385699825267,0.18677210503516883,0.18608639889446515,0.20803624172876914,0.1698582168313502,0.2480183123369361,0.164548341470053,0.24050177452246094,0.17932975165184323,0.17086621214798056,0.1921775407409544,0.20071562465248102,0.18947029502125232,0.14920014800032438,0.17253622131872462,0.18754297203764728,0.19498150786181812,0.1639980318709595,0.1610465289789865,0.188103809578355,0.145832128953541,0.1699931480130056,0.1377973002592479,0.18652865658571083,0.2228284585706768,0.21048045635947876,0.18723199603449356,0.16438722324888236,0.17174822328072323,0.19955306494647113,0.14163042677111487,0.17916171051697186,0.17634624111462333,0.17102176083586548,0.18667604190524067,0.17469235685863693,0.173918147738699,0.1685048795976415,0.2066041670478068,0.21592456261884832,0.19437173461729623,0.15382669343782282,0.15305353431062835,0.14297242964785895,0.19660829132262134,0.21123588773821206,0.22414198340622007,0.20643604883692296,0.21425091771430618,0.16664885084878717,0.16568421513042392,0.17871150895114138,0.12809081204209957,0.10297292419456068,0.19598681497606127,0.14996429222099347,0.16367152371735696,0.1711876691495611,0.15656435729024804,0.14449068188131864,0.10893924697989854,0.17380230033732122,0.18612625801297947,0.13640924015651082,0.1513129117431347,0.22592218620499055,0.19140539097118872,0.13696698600507864,0.1615995550951164,0.15323282344182176,0.1490231638865118,0.15743801840514746,0.13767106434691964,0.16261268264500753,0.12418630451880627,0.20921253757020056,0.10918831282316412,0.07377577754481211,0.17815144920193537,0.11786798040117767,0.10978033601029863,0.1731430965232483,0.12930247569245223,0.16694384585294592,0.14240192317823877,0.16664467138398634,0.12587299075684388,0.09617891279275652,0.09213618573756335,0.07414434977331566,0.13638765597396232,0.1369722627746688,0.19674990087245234,0.14391678970534164,0.1359692608230786,0.14854838631501663,0.15027287005685194,0.19692552323605028,0.1665987550930719,0.14678572770656426,0.1885887946048729,0.11098792127138297,0.1129873527097815
162.0,0.03703671760829772,0.12608948924618615,0.04647559791196464,0.0608573056549238,0.03834708537098994,0.04088293293060872,0.08650971597441592,0.062364327465211485,0.05242637379777521,0.07796810198245176,0.06814992241567826,0.06919628978946762,0.04525314182210127,0.04984108139412468,0.07248344915301176,0.07570263710309261,0.05276784185734868,0.0850978935529368,0.07280090007873204,0.06664861690138474,0.06521947314054517,0.07627319063148606,0.07043389663503852,0.08589692162611938,0.09324527546343775,0.08525027854771432,0.06806439952419342,0.07705074992498065,0.07216407452081441,0.07069968698502438,0.13712780203610744,0.12676454545296723,0.1272315494246473,0.13500857582105752,0.1501316834783851,0.12709667507144873,0.12686073776662407,0.09955018530939513,0.11222400487021421,0.14245874928213023,0.14628250922638486,0.0948026768379523,0.1332731404327557,0.11979163956328949,0.13320169442592775,0.13621720944738153,0.09185027385852663,0.11002417836330014,0.13147278689402067,0.1308893282425033,0.14978257237347786,0.11721524312559489,0.18525971079691533,0.11279890398221497,0.17849203012089587,0.12516444018343978,0.11805691028985583,0.1360877998462965,0.14343265324443014,0.13377298381032562,0.10020341666853191,0.1194536388365106,0.1321292431670754,0.1384925203170398,0.11234288645088956,0.10990258813979842,0.13260719725517536,0.09747462787068417,0.11732784902454269,0.09101835310227174,0.13126558829291202,0.16275530050112258,0.15191320562197777,0.13186435360255183,0.11266535926107386,0.11879423477378635,0.14242865337207994,0.09408885660369284,0.12502262692661475,0.1226507517765882,0.11818688478109984,0.1313910209575658,0.12126112903785707,0.12061156864988291,0.11608686196256443,0.14853665371807395,0.15667742011866578,0.13796895096041006,0.10397289001638854,0.10334128763527821,0.09516800092484308,0.13989099930489757,0.15257276950618298,0.16391617513461768,0.14839050751509408,0.1552100832529973,0.11454243185669946,0.11374116141640889,0.12464283008004566,0.08332366053088656,0.0639937859694947,0.1393564546670599,0.10082433738096984,0.11207247464160632,0.11832554290739467,0.10621464363472176,0.09639142966344205,0.06850426301101754,0.12051442480487666,0.13092323156258953,0.08991083056758509,0.10192179970054917,0.16549176528606896,0.13542687738294015,0.09035556966561586,0.11035912227343687,0.1034876916127551,0.1000596994367589,0.10693178175558006,0.09091753355319135,0.11119632706466548,0.08026216765976846,0.1508073048651247,0.06869370071046949,0.042759003878174266,0.12417063462228285,0.07535077736889499,0.06914435200055545,0.11996190750554835,0.08427772160209744,0.11478766226696183,0.0947089795766578,0.11453895810470366,0.08158225048312787,0.058923951048508574,0.05594223798011821,0.043017454888648804,0.0898936272646904,0.09035977910356127,0.1400128501108624,0.09592866159027374,0.08956026521394964,0.09967434008468821,0.10107526639430203,0.14016399342450506,0.11450079609163909,0.09824591440638537,0.13302074922277307,0.07006514762135305,0.07159433946379755
163.0,0.026091430357575076,0.10117971897874131,0.03354049012231938,0.045196202857521704,0.027114566533989103,0.029105035645515625,0.0666944292774724,0.04643597892567975,0.0383226599836075,0.05944879218605721,0.051224631352108606,0.05209543004670986,0.03256587564191939,0.03623756328981981,0.05484006727611313,0.057540811942943665,0.03859889161803873,0.06549135186480956,0.055105836173657566,0.04997771322270052,0.0487934990051775,0.05802076900660782,0.05312718706141214,0.06617198129767914,0.07246234698886772,0.06562110448793294,0.05115352074797366,0.05867547615790717,0.0545728126707627,0.05334902141099889,0.11102323347784022,0.10177915848222308,0.10219404951007088,0.10912663813165634,0.12272774004950487,0.10207420912800853,0.10186460343695537,0.0779018515743831,0.08894529831478909,0.11580784153820088,0.11925150825385578,0.07380244639868688,0.1075758679465323,0.09560397992456529,0.10751207020497786,0.11020791672101367,0.07126400497858408,0.08701849298639897,0.10596935451279291,0.10544921550718254,0.12241205949664861,0.09333186779307522,0.1548660461311062,0.08944951173317502,0.14861965344655415,0.10035884381736543,0.09407355208430819,0.1100920942380154,0.11668401460305658,0.10802230488117645,0.07846755830845727,0.09530560013177097,0.10655486242431998,0.11224623729647774,0.08904954055507526,0.0869121119891464,0.106981354913028,0.07610702095929452,0.09343106436492296,0.07055028219048337,0.10578461391742865,0.13419372670290394,0.1243398769703886,0.10631856424976648,0.08933236235794065,0.09472375083465348,0.11578077585863093,0.07318793166765442,0.10023305765956318,0.0981315010343765,0.09418813692050723,0.1058964473882331,0.09690225115912694,0.09632816716808656,0.09233841712162151,0.12128608747706512,0.1286609366241837,0.11177688405126626,0.08173956052074718,0.08119042067964334,0.07411713773341527,0.11350082551977506,0.12493724135875361,0.1352530148816313,0.12115407661610672,0.12732857900999173,0.09098033286322084,0.09027650587566513,0.09989625848076258,0.06398245759526065,0.0477800651803114,0.1130211225400197,0.07900564713878638,0.08881244486804367,0.09431039197037912,0.08369147924349526,0.0751719358201252,0.05151935954262605,0.09624233926182288,0.10547943274855914,0.06960119110807654,0.07995756660110416,0.13669200247707086,0.10950074685502886,0.06998216169333915,0.08731160471276524,0.08131767835124351,0.0783430636189796,0.0843168284997175,0.07046383389185583,0.08804466144633513,0.061386873967682686,0.12333888605148739,0.05167699377132211,0.030586142928147757,0.09947767346727909,0.05724501437115846,0.05205217364000499,0.0957543227237482,0.06479341777972038,0.0911958452898538,0.07372175602464504,0.09097728042612245,0.06250479439419973,0.043610479775175306,0.04117578354166715,0.030790731839008274,0.0695864585020996,0.06998576851860869,0.11361020232737754,0.07477278482519534,0.06930103233330276,0.07800934091527092,0.07922320186527075,0.11374588699466716,0.09094374755040703,0.07677351847442315,0.10735051138391306,0.052819568577074136,0.05409636737469297
165.0,0.011895434216054874,0.061769057972129324,0.016141651700876926,0.023194466182639203,0.012464751250133976,0.013585529646210353,0.03721990477474151,0.023970041827341422,0.018980342783716443,0.03236452713007653,0.027006924433503054,0.02756594953837438,0.015573367195845287,0.017732640634258754,0.029340993349754287,0.031106443120495385,0.01914675473441739,0.03640546889096515,0.02951390872853285,0.02621000761772799,0.025457119318266986,0.03142208323692788,0.028230912945739768,0.036865835948870704,0.04116784396845054,0.03649315235917316,0.026961363567533668,0.031853553462338306,0.029167293278640982,0.028374249922850838,0.06914761272814932,0.062214125355076866,0.06252250159376509,0.06771456438748191,0.07810575458482864,0.06243340002980382,0.06227761196080184,0.04495368606496695,0.05281330687194536,0.0727861349045917,0.07542511555180033,0.042095034774292744,0.06654679445441324,0.05765678032753568,0.06649883037427505,0.0685309159933466,0.04034185330281182,0.051426026791023316,0.06534086739372966,0.06495126613658843,0.07786163985564616,0.0559956247345328,0.10362315251729652,0.05317741111995341,0.09856554712143946,0.06116050215391764,0.05653692756864997,0.0684433886558799,0.07345598856755642,0.06688260362510015,0.04535076246142851,0.057438143173512896,0.06577992516079799,0.070074508548435,0.05288854624778802,0.05134962482349407,0.06610006871667848,0.043697998434710464,0.05606796777895419,0.039851316622162514,0.06520244331847065,0.08706197757555192,0.0793545187778514,0.06560266834600222,0.05309277530426464,0.05701221866461229,0.07276545993052545,0.041669408752911384,0.06106734507289344,0.05951467883255788,0.05662063712578011,0.06528623268068802,0.05860979295187933,0.058188037806902855,0.05527202711605516,0.07699203552426892,0.08271875019669374,0.06971853435382169,0.04765942120021299,0.047270545532161534,0.04231329287440354,0.07102760480261047,0.07981812710928098,0.08789797522198757,0.07689019518743986,0.08167878610785705,0.05428555513172453,0.05377555980494833,0.06081803603856068,0.03538855986033842,0.024815923065563086,0.0706629105840947,0.04572902627534371,0.05271744419136978,0.056709974323338186,0.04904621917021161,0.04304631409635809,0.027195903152634582,0.05812503012193687,0.06497388854118699,0.0392006685942697,0.04639956179742874,0.08903589400102116,0.06799681547170039,0.039461614285784416,0.051636641299974056,0.047360613291501485,0.04526332504697894,0.049492000540312525,0.03979197364800081,0.0521640430753313,0.03365139560894225,0.07857873605233641,0.02729707340307776,0.014430349999245164,0.060508438957959,0.030912196087617586,0.027538132480244493,0.05776699942517719,0.035934466434001264,0.054441886483290035,0.042039103210482764,0.054283341485598324,0.03439769271266617,0.022209148266762138,0.020711349913382606,0.014547751259105568,0.0391905836673834,0.03946408624492808,0.07111080507290862,0.042768665851466624,0.0389952914457806,0.0450290864778913,0.045882119975805276,0.0712140410712536,0.05425902429164405,0.04416355253978849,0.06637739550460732,0.02803236040034492,0.028858086081656558
169.0,0.004129444910357468,0.03177434106066163,0.006027106891559475,0.009443480200523638,0.004375646800366161,0.004868133815605897,0.016965180800124893,0.009836187092439221,0.007366513064263018,0.014267878329603216,0.01140253713984162,0.011695629798079105,0.0057653716818473885,0.0067714410915151665,0.012635599023378068,0.013584060232120438,0.007446602783012336,0.016506533404249887,0.012727907303548662,0.010987223388267213,0.01059761379692167,0.013755013292429093,0.0120461158043955,0.016765490331809622,0.019221806036328136,0.01655579548954362,0.011378713292983955,0.013989364261044215,0.012543002518113786,0.012121925405344607,0.03654118560779167,0.032058188578320906,0.03225514425892236,0.035605422565755655,0.04249319159791652,0.032198212433059696,0.032098717591594064,0.021434978741128322,0.026170248668373308,0.038937785491151934,0.040694084574203,0.01975951303275931,0.03484636714775209,0.02917511948197641,0.034815257852662373,0.036137916928312724,0.018745215407920474,0.025321387689731016,0.034065840698935985,0.03381440558509925,0.04232873580671966,0.028137480403327624,0.06031209892423329,0.02639392906842803,0.05668713473693514,0.03138701679148869,0.028474808185150247,0.036080751282524665,0.03938217041842269,0.03506432131206376,0.02166976330401639,0.02903813528863797,0.03434962251254845,0.037148913889434906,0.026216440432847193,0.025274795505078662,0.03455683042801416,0.02069578297884798,0.028182518071783343,0.01846327693563839,0.033976465503747846,0.048609424871776004,0.043336375975124554,0.034234999247703526,0.026341901977411795,0.02877163560676317,0.03892408507075986,0.019512324259165128,0.031327806537439315,0.030344132135295118,0.028527043164568906,0.03403055972381685,0.0297736612555774,0.029508488072707145,0.027687766162337948,0.041743900665327946,0.045623644005644705,0.03691528752138174,0.023044464654855608,0.022811770435097058,0.019886501754872582,0.037775825061680215,0.04365022121004759,0.049188285993442694,0.04167551272746732,0.044914178890412694,0.02707693967736601,0.026762183642581282,0.03116945287816688,0.015937298585926785,0.010267962594873543,0.03753570408086801,0.021893881290085664,0.026111418382329173,0.028582810147157692,0.02387796743262522,0.020314135959242585,0.011501456726597942,0.02946891209338714,0.03382899547494731,0.018090591435661184,0.022292254713441928,0.04997831598490578,0.03578935848241092,0.01823988285869777,0.02544991218915464,0.022865624378981254,0.021618020742485956,0.024147099006331985,0.018429225201011097,0.025772300110345026,0.014973938098749957,0.042812179964850205,0.01155448114059577,0.005245874809198281,0.030973021721664797,0.01347905998395854,0.011681011709799651,0.029244222849084033,0.016242402012259814,0.02717356514179517,0.019726995733161837,0.027075571940878836,0.015386384556809973,0.008949086521951144,0.008207590882230907,0.0052987942899931865,0.018084826429656316,0.01824129823783736,0.03783064686129426,0.020151953712016918,0.017973258371444003,0.021479523789919276,0.021984714060580165,0.03789869176742252,0.027060548052276066,0.0209692607436066,0.03473651967613246,0.011941254995018677,0.012378495432693811
170.0,0.0008226863680608913,0.011530735106721337,0.0013418771263757766,0.002399112537719963,0.000886699168048814,0.0010179101575401117,0.005119759275431372,0.0025289809816193424,0.0017397183116190324,0.004092139624897437,0.003061824992646811,0.003164038311670576,0.0012669648574842862,0.001560082098626859,0.003496877194261804,0.003840184620010395,0.0017642304637961355,0.00494138741844918,0.003529966416757015,0.0029183089682787073,0.0027851160898836446,0.0039028309454537807,0.003287257956676901,0.005041921453037568,0.006017614770286813,0.004960476819407967,0.003053550268304356,0.0039890817741988814,0.003463755952132233,0.003314050133384674,0.013816682493879802,0.011664188697786987,0.011756993745027783,0.013360607872733021,0.016795806196799414,0.011730150444770732,0.011683272215609728,0.0069288724395394725,0.008970628113938147,0.015000312759786812,0.015881489288856146,0.006236311377148327,0.012993232336290704,0.010325248224247153,0.012978225502330321,0.013619710200233425,0.005825271345361025,0.008595951352734237,0.012617910274398257,0.01249754024898927,0.016711748091427763,0.009852602935880446,0.026422974704341053,0.009069958734427069,0.024386550036343182,0.011349195875733175,0.010005703340132196,0.013591840322373119,0.0152221887718005,0.013098481693665552,0.0070272286753006764,0.010262564550195379,0.01275407961610713,0.014114728107854767,0.008991120302012011,0.008575491701394232,0.012853715079071,0.006621283574753435,0.00987301279328074,0.005712158497173621,0.01257509349860548,0.01998781370884273,0.01722827906370614,0.01269903904199449,0.009046832701562183,0.010140863949365947,0.01499348408072255,0.006135554417053784,0.011321501746280788,0.010863678230254891,0.010029458690650151,0.012601004347428278,0.01060015125951153,0.010478158043602168,0.009649332800008719,0.016413600893101347,0.01841382166311153,0.013999980845433095,0.007609339721327636,0.00751007024531029,0.006288217934498833,0.014423686488887384,0.017389886812457598,0.0202963260679387,0.01637881669896601,0.01804417734573599,0.00937479265438512,0.00923402987169765,0.01124751136391614,0.0047220280824557355,0.002673537302809219,0.014305169072414036,0.00712140912288298,0.008944544449505602,0.01005483443317768,0.007967326051370257,0.006463727624218653,0.003096236960403264,0.010459978614884471,0.01250451772786134,0.005563416399800833,0.007289515600646019,0.020719107060209033,0.013449979972721501,0.005622892866880899,0.008652446608096715,0.007533018479210961,0.0070055255863585705,0.008083709944221043,0.005698531218377008,0.008794526578144576,0.004356039719304832,0.016959122860875586,0.003114718885649305,0.0011212515914304742,0.01115588280124004,0.003801821442899423,0.0031589223756317893,0.010356902640576475,0.004839320971934956,0.00941810157596317,0.006223035685639885,0.009374179940810835,0.0045119097399834215,0.0022378656629500346,0.00200092929913554,0.0011359083758171393,0.005561122552915239,0.00562345742896252,0.014450776200041664,0.006397035668869646,0.005516772948779417,0.006947509082386106,0.007159660437003039,0.014484416042076731,0.009367450193103732,0.0067347110880896675,0.012940260553109604,0.003250280321285762,0.003405089991299303
173.0,0.00016275650062115741,0.004166086777015762,0.00029681600925049543,0.0006058825464779856,0.00017844476685558596,0.00021140190543669565,0.0015370363426522493,0.0006464071827570361,0.00040829842006020496,0.0011673180291416473,0.0008174907574460544,0.0008511331798225642,0.00027659731993914897,0.000357148617123015,0.000962377323674377,0.0010796801762964687,0.00041537487578326973,0.001471534033179897,0.0009735732393472223,0.0007706863504788277,0.0007277154808679088,0.0011013513941704443,0.0008920199085954607,0.001508387356954763,0.0018744214414755955,0.0014785186976920199,0.0008147783011506085,0.001131317985381497,0.0009511947506811235,0.0009009569171561282,0.005202273323207114,0.00422538115682187,0.004266706532157415,0.004992179320565807,0.006612019572194366,0.004254745740432512,0.00423387279546175,0.0022288203597202448,0.0030607039848549386,0.005754833821499961,0.006172754368045971,0.00195842654216368,0.004824128397264633,0.0036377428393118186,0.00481728653682265,0.005111339411741782,0.001801111741294525,0.0029044614474850886,0.004653558492622198,0.004599097840955485,0.006571402811552047,0.0034343167415520205,0.011534654287135447,0.0031023783448757944,0.010452676782302567,0.004085678871912903,0.00349997243933462,0.005098497159294251,0.005859549776048433,0.004872163868557868,0.0022677387760489482,0.0036106393410944245,0.004715310426731263,0.005340430743972472,0.0030692929452115322,0.0028959736967237846,0.004760589950353979,0.002107929495544932,0.0034430559600264954,0.0017582559655071074,0.004634172673971511,0.008187217142706472,0.006821719431179772,0.004690331672722185,0.003092666429346527,0.0035581257141896446,0.005751616552795069,0.001919639126235237,0.004073438162186057,0.0038720811292844476,0.003510180345679095,0.0046459023318204725,0.0037570481271315273,0.0037040160144496295,0.0033475056953218845,0.006427715336433199,0.007402680627016283,0.005287160697116838,0.002500577911490219,0.0024605741375205077,0.001978464509194436,0.0054843508160691695,0.006900391060971532,0.008342686640413849,0.0064109901727083815,0.0072205977521074115,0.0032309191417438134,0.0031714426064464213,0.004040768196875056,0.0013917184106308782,0.000692076057482744,0.005429058630114837,0.0023051215487510687,0.0030497779236707155,0.0035210906443529353,0.0026458216057375994,0.0020464964873455798,0.0008287889112734081,0.003696125181212718,0.004602251501894799,0.0017021956043858058,0.0023721275653641126,0.008556615720046089,0.005033222150189453,0.001724571558916319,0.002927922594924739,0.0024698111951943365,0.0022591403676848996,0.0026933662781089404,0.0017531058918509887,0.0029870792323124853,0.0012604396810053375,0.0066910664444759125,0.0008348687603107951,0.00023805762501409166,0.004000378136552485,0.00106644889553178,0.0008494433558312386,0.0036514440275448113,0.0014342935568628255,0.003249259634923441,0.0019533076988103746,0.0032306598077815143,0.0013160539766865526,0.0005562612784487776,0.00048482993117864893,0.0002418850202436482,0.0017013337128614484,0.0017247842154853243,0.005497003627060144,0.0020205947227415664,0.0016846857359272324,0.0022361850420622945,0.0023203368512056664,0.005512723344604422,0.0032278116642651344,0.002152363664819226,0.004799985757730939,0.0008797126474596195,0.0009314475486405609
181.0,6.08985479239816e-06,0.0005286818233616753,1.392652786036517e-05,3.7193652473492005e-05,6.912346216423434e-06,8.728790292374143e-06,0.00013398101943547035,4.0660916019860665e-05,2.1602096340393234e-05,9.173611279155774e-05,5.617764750141519e-05,5.9384780109821745e-05,1.263755697528594e-05,1.796688859243922e-05,7.032610870749458e-05,8.239104331732987e-05,2.2119188927391566e-05,0.00012618435827161777,7.145487270500731e-05,5.179813495276401e-05,4.786448490917353e-05,8.4676242917052e-05,6.334717110586913e-05,0.00013055523985515752,0.00017607083303357104,0.00012700962164339573,5.5921201491856134e-05,8.786414146884946e-05,6.920361638516487e-05,6.422252962684048e-05,0.0007177825683378365,0.0005390681708407111,0.0005463395421148983,0.0006781827244720407,0.0009985245964125027,0.0005442322513366994,0.0005405601327018729,0.00022347163866419755,0.0003458207691501122,0.0008247926964488887,0.0009083613308200404,0.0001870246845336384,0.0006469550290189793,0.0004386464814957073,0.0006456922203704013,0.0007005673507767256,0.00016666129062687158,0.0003217543124694624,0.0006156756190231229,0.0006057783999309158,0.0009900902639427085,0.0004052377078724879,0.0021481018157856885,0.00035231955032789905,0.0018757101921206137,0.0005146859143701396,0.0004159410825287134,0.0006981453466779478,0.000845524121640372,0.0006558399465701247,0.0002288611245262091,0.00043415363689005334,0.0006269507733340293,0.0007441551698421449,0.0003471574379554566,0.0003204606043518063,0.000635253720510846,0.00020695756237517376,0.000406657988669578,0.00016122669331760343,0.0006121475755567003,0.0013400316797428228,0.0010423793184577764,0.000622383214899902,0.00035080209907848597,0.00042548480283781094,0.0008241579828978954,0.0001819445290502899,0.0005125643142053373,0.0004780122891250193,0.00041761204367705,0.0006142816043483943,0.00045857260003419315,0.00044968539931997635,0.00039120358548106783,0.0009604105659676653,0.0011665148348442306,0.0007339557341916263,0.0002618226859818975,0.00025607388615158397,0.00018966407543097392,0.0007719023690900721,0.0010589642694984356,0.0013751871073810213,0.0009569719645669258,0.0011271989872263669,0.0003725709131103585,0.00036316201829920524,0.000506913610970153,0.00011685962143764726,4.466750090952616e-05,0.0007612094088179502,0.00023407086700906636,0.0003441224268121209,0.00041940000594936915,0.00028298473596032183,0.00019870010654814997,5.7249260586470717e-05,0.0004483671164936625,0.0006063503213412701,0.00015419270483990708,0.00024348864286815458,0.0014239659023577384,0.0006858702885350094,0.00015698995291360706,0.00032533767883233554,0.0002573982073530334,0.00022766738177004442,0.00029000882928436526,0.00016057693378750102,0.0003344210047777945,0.00010195959430795364,0.0010149951332311124,5.782821125440877e-05,1.0279036400815228e-05,0.0004999513763465399,8.100427193317557e-05,5.9222531579068554e-05,0.0004409224840094363,0.00012180925067997192,0.00037548553016100613,0.0001863520584760591,0.0003725297451039654,0.00010820381492944518,3.3066011245391416e-05,2.7365933835270748e-05,1.0507231545291315e-05,0.00015408523423293935,0.0001570166033101989,0.0007743550264331612,0.00019524627266218801,0.00015201340274517976,0.0002244888132509823,0.00023620046220923591,0.000777405144667361,0.00037207769807348146,0.00021298703926762375,0.0006425020136260227,6.214710529085209e-05,6.723355232910832e-05
