failure mode,unit number,"time, in cycles",P26
1,1,1,0.88447
1,1,2,0.87466
1,1,3,0.80789
1,1,4,0.76798
1,1,5,0.83936
1,1,6,0.82127
1,1,7,0.88096
1,1,8,0.97012
1,1,9,0.7648
1,1,10,0.91845
1,1,11,0.77301
1,1,12,0.84975
1,1,13,0.74185
1,1,14,0.74172
1,1,15,0.7906
1,1,16,0.82898
1,1,17,0.83631
1,1,18,0.65349
1,1,19,0.7852
1,1,20,0.83867
1,1,21,0.83451
1,1,22,0.69924
1,1,23,0.7185
1,1,24,0.68757
1,1,25,0.75906
1,1,26,0.67745
1,1,27,0.74326
1,1,28,0.71508
1,1,29,0.8127
1,1,30,0.85015
1,1,31,0.52274
1,1,32,0.61529
1,1,33,0.53891
1,1,34,0.57929
1,1,35,0.52769
1,1,36,0.72207
1,1,37,0.50389
1,1,38,0.66617
1,1,39,0.62282
1,1,40,0.59745
1,1,41,0.49321
1,1,42,0.56647
1,1,43,0.65635
1,1,44,0.54933
1,1,45,0.67652
1,1,46,0.59396
1,1,47,0.46077
1,1,48,0.42015
1,1,49,0.56359
1,1,50,0.57499
1,1,51,0.49173
1,1,52,0.62507
1,1,53,0.55458
1,1,54,0.60918
1,1,55,0.51409
1,1,56,0.52377
1,1,57,0.42647
1,1,58,0.4994
1,1,59,0.43781
1,1,60,0.43264
1,1,61,0.49872
1,1,62,0.39405
1,1,63,0.40518
1,1,64,0.36924
1,1,65,0.4376
1,1,66,0.33702
1,1,67,0.39139
1,1,68,0.46208
1,1,69,0.54639
1,1,70,0.52878
1,1,71,0.34515
1,1,72,0.3568
1,1,73,0.28335
1,1,74,0.42742
1,1,75,0.40807
1,1,76,0.41874
1,1,77,0.39277
1,1,78,0.34397
1,1,79,0.25025
1,1,80,0.26412
1,1,81,0.37027
1,1,82,0.27054
1,1,83,0.23095
1,1,84,0.35833
1,1,85,0.20827
1,1,86,0.2827
1,1,87,0.33775
1,1,88,0.29252
1,1,89,0.19672
1,1,90,0.19086
1,1,91,0.34018
1,1,92,0.28189
1,1,93,0.2833
1,1,94,0.21938
1,1,95,0.1775
1,1,96,0.12652
1,1,97,0.20758
1,1,98,0.20339
1,1,99,0.27407
1,1,100,0.15021
1,1,101,0.21213
1,1,102,0.19615
1,1,103,0.19258
1,1,104,0.1789
1,1,105,0.072902
1,1,106,0.13837
1,1,107,0.11132
1,1,108,0.18491
1,1,109,0.049413
1,1,110,0.046514
1,1,111,0.17214
1,1,112,0.14806
1,1,113,0.14331
1,1,114,0.10625
1,1,115,0.060179
1,1,116,0.214
1,1,117,0.063838
1,1,118,0.048346
1,1,119,0.052204
1,1,120,0.12115
1,1,121,0.020726
1,2,1,0.85037
1,2,2,0.86555
1,2,3,0.95607
1,2,4,0.88662
1,2,5,0.90225
1,2,6,0.96217
1,2,7,0.82375
1,2,8,0.87302
1,2,9,0.8402
1,2,10,0.86035
1,2,11,0.85863
1,2,12,0.8138
1,2,13,0.80753
1,2,14,0.71237
1,2,15,0.85159
1,2,16,0.89718
1,2,17,0.80769
1,2,18,0.79421
1,2,19,0.76178
1,2,20,0.68548
1,2,21,0.80908
1,2,22,0.80516
1,2,23,0.64888
1,2,24,0.82377
1,2,25,0.56201
1,2,26,0.57963
1,2,27,0.80893
1,2,28,0.74059
1,2,29,0.6675
1,2,30,0.54062
1,2,31,0.62885
1,2,32,0.64598
1,2,33,0.59013
1,2,34,0.59804
1,2,35,0.65808
1,2,36,0.61795
1,2,37,0.66692
1,2,38,0.61192
1,2,39,0.62174
1,2,40,0.53429
1,2,41,0.61511
1,2,42,0.62012
1,2,43,0.68195
1,2,44,0.61914
1,2,45,0.49561
1,2,46,0.44054
1,2,47,0.60601
1,2,48,0.57683
1,2,49,0.54415
1,2,50,0.50712
1,2,51,0.60489
1,2,52,0.50654
1,2,53,0.39939
1,2,54,0.56358
1,2,55,0.47724
1,2,56,0.43397
1,2,57,0.52002
1,2,58,0.56102
1,2,59,0.50192
1,2,60,0.49898
1,2,61,0.42696
1,2,62,0.3198
1,2,63,0.40232
1,2,64,0.43468
1,2,65,0.39974
1,2,66,0.43463
1,2,67,0.45686
1,2,68,0.33984
1,2,69,0.43199
1,2,70,0.36614
1,2,71,0.39483
1,2,72,0.29984
1,2,73,0.31659
1,2,74,0.34185
1,2,75,0.32375
1,2,76,0.32898
1,2,77,0.28077
1,2,78,0.25676
1,2,79,0.29999
1,2,80,0.23564
1,2,81,0.31483
1,2,82,0.37444
1,2,83,0.23646
1,2,84,0.24947
1,2,85,0.32723
1,2,86,0.29868
1,2,87,0.31395
1,2,88,0.31776
1,2,89,0.2903
1,2,90,0.30368
1,2,91,0.25239
1,2,92,0.2896
1,2,93,0.34889
1,2,94,0.2127
1,2,95,0.24553
1,2,96,0.25897
1,2,97,0.14014
1,2,98,0.23157
1,2,99,0.26628
1,2,100,0.1817
1,2,101,0.24449
1,2,102,0.14484
1,2,103,0.19251
1,2,104,0.14474
1,2,105,0.15228
1,2,106,0.20703
1,2,107,0.25872
1,2,108,0.23255
1,2,109,0.1399
1,2,110,0.1473
1,2,111,0.21514
1,2,112,0.22836
1,2,113,0.17889
1,2,114,-0.031514
1,2,115,-0.004741
1,2,116,0.12454
1,2,117,-0.0041357
1,2,118,0.10678
1,2,119,0.06517
1,2,120,0.19656
1,2,121,0.043161
1,3,1,0.85486
1,3,2,0.99783
1,3,3,0.84969
1,3,4,0.83339
1,3,5,0.97727
1,3,6,0.80589
1,3,7,0.81396
1,3,8,0.76516
1,3,9,0.95111
1,3,10,0.90409
1,3,11,0.8927
1,3,12,0.8853
1,3,13,0.74376
1,3,14,0.70229
1,3,15,0.83261
1,3,16,0.81728
1,3,17,0.85206
1,3,18,0.87722
1,3,19,0.7453
1,3,20,0.74988
1,3,21,0.80768
1,3,22,0.69309
1,3,23,0.87473
1,3,24,0.78086
1,3,25,0.75116
1,3,26,0.83575
1,3,27,0.75494
1,3,28,0.8065
1,3,29,0.71509
1,3,30,0.68776
1,3,31,0.70132
1,3,32,0.58437
1,3,33,0.64295
1,3,34,0.61489
1,3,35,0.67125
1,3,36,0.54085
1,3,37,0.7738
1,3,38,0.58616
1,3,39,0.69524
1,3,40,0.61615
1,3,41,0.61291
1,3,42,0.61919
1,3,43,0.56688
1,3,44,0.62308
1,3,45,0.60817
1,3,46,0.54386
1,3,47,0.68347
1,3,48,0.62279
1,3,49,0.66062
1,3,50,0.52363
1,3,51,0.45967
1,3,52,0.58651
1,3,53,0.57697
1,3,54,0.49583
1,3,55,0.5339
1,3,56,0.46387
1,3,57,0.63565
1,3,58,0.38977
1,3,59,0.43959
1,3,60,0.4445
1,3,61,0.49686
1,3,62,0.5512
1,3,63,0.4083
1,3,64,0.43087
1,3,65,0.47928
1,3,66,0.52578
1,3,67,0.34579
1,3,68,0.49152
1,3,69,0.4944
1,3,70,0.51129
1,3,71,0.28658
1,3,72,0.37596
1,3,73,0.35317
1,3,74,0.41845
1,3,75,0.49414
1,3,76,0.46966
1,3,77,0.40573
1,3,78,0.269
1,3,79,0.32065
1,3,80,0.31387
1,3,81,0.32885
1,3,82,0.30696
1,3,83,0.31365
1,3,84,0.41707
1,3,85,0.24825
1,3,86,0.31176
1,3,87,0.24461
1,3,88,0.33068
1,3,89,0.20796
1,3,90,0.34822
1,3,91,0.19171
1,3,92,0.25987
1,3,93,0.29613
1,3,94,0.30664
1,3,95,0.24367
1,3,96,0.32701
1,3,97,0.20238
1,3,98,0.2049
1,3,99,0.22622
1,3,100,0.24251
1,3,101,0.29652
1,3,102,0.10917
1,3,103,0.18358
1,3,104,0.21653
1,3,105,0.11283
1,3,106,0.034207
1,3,107,0.20691
1,3,108,0.22451
1,3,109,0.10492
1,3,110,0.17467
1,3,111,0.2164
1,3,112,0.12377
1,3,113,0.19596
1,3,114,0.018167
1,3,115,0.12202
1,3,116,0.10415
1,3,117,0.15667
1,3,118,0.16641
1,3,119,0.20864
1,3,120,0.13464
1,3,121,0.060315
1,3,122,0.088953
1,3,123,0.026466
1,3,124,0.12661
1,4,1,0.91472
1,4,2,0.841
1,4,3,0.83298
1,4,4,0.83803
1,4,5,0.81382
1,4,6,0.75558
1,4,7,0.79139
1,4,8,0.84072
1,4,9,0.82131
1,4,10,0.81743
1,4,11,0.78995
1,4,12,0.93947
1,4,13,0.93191
1,4,14,0.78738
1,4,15,0.74666
1,4,16,0.79112
1,4,17,0.87592
1,4,18,0.87646
1,4,19,0.76634
1,4,20,0.85416
1,4,21,0.84204
1,4,22,0.74199
1,4,23,0.75132
1,4,24,0.77051
1,4,25,0.7144
1,4,26,0.70736
1,4,27,0.65721
1,4,28,0.755
1,4,29,0.61468
1,4,30,0.70283
1,4,31,0.74102
1,4,32,0.64098
1,4,33,0.61722
1,4,34,0.6425
1,4,35,0.69389
1,4,36,0.71594
1,4,37,0.58856
1,4,38,0.66105
1,4,39,0.61313
1,4,40,0.57244
1,4,41,0.60919
1,4,42,0.54507
1,4,43,0.69716
1,4,44,0.64385
1,4,45,0.6334
1,4,46,0.50716
1,4,47,0.47816
1,4,48,0.57812
1,4,49,0.64739
1,4,50,0.48385
1,4,51,0.54599
1,4,52,0.53721
1,4,53,0.58662
1,4,54,0.55543
1,4,55,0.5173
1,4,56,0.50761
1,4,57,0.54062
1,4,58,0.59197
1,4,59,0.51946
1,4,60,0.49654
1,4,61,0.40261
1,4,62,0.40553
1,4,63,0.57692
1,4,64,0.41253
1,4,65,0.40108
1,4,66,0.42007
1,4,67,0.42145
1,4,68,0.43617
1,4,69,0.44093
1,4,70,0.35114
1,4,71,0.43021
1,4,72,0.42827
1,4,73,0.34287
1,4,74,0.41667
1,4,75,0.43991
1,4,76,0.45078
1,4,77,0.34031
1,4,78,0.46816
1,4,79,0.33778
1,4,80,0.50361
1,4,81,0.27758
1,4,82,0.41432
1,4,83,0.26863
1,4,84,0.25901
1,4,85,0.27483
1,4,86,0.34506
1,4,87,0.37935
1,4,88,0.28977
1,4,89,0.24903
1,4,90,0.22431
1,4,91,0.32975
1,4,92,0.27071
1,4,93,0.31422
1,4,94,0.28385
1,4,95,0.2933
1,4,96,0.23374
1,4,97,0.21212
1,4,98,0.1937
1,4,99,0.25477
1,4,100,0.10481
1,4,101,0.30202
1,4,102,0.27231
1,4,103,0.14392
1,4,104,0.14661
1,4,105,0.22136
1,4,106,0.19931
1,4,107,0.2308
1,4,108,0.097422
1,4,109,0.11734
1,4,110,0.030864
1,4,111,0.16034
1,4,112,0.19565
1,4,113,0.13442
1,4,114,0.091493
1,4,115,0.20256
1,4,116,0.14626
1,4,117,0.12855
1,4,118,0.074647
1,4,119,0.076084
1,4,120,0.061763
1,4,121,0.15188
1,4,122,0.049662
1,4,123,0.11417
1,4,124,0.093658
1,4,125,0.083352
1,4,126,0.086792
1,4,127,0.14426
1,5,1,0.82985
1,5,2,0.89024
1,5,3,0.87013
1,5,4,0.79035
1,5,5,0.98436
1,5,6,0.8842
1,5,7,0.8397
1,5,8,0.88
1,5,9,0.7992
1,5,10,0.92452
1,5,11,0.87867
1,5,12,0.89916
1,5,13,0.73596
1,5,14,0.82986
1,5,15,0.88253
1,5,16,0.85583
1,5,17,0.73084
1,5,18,0.90311
1,5,19,0.79789
1,5,20,0.8054
1,5,21,0.78814
1,5,22,0.73253
1,5,23,0.82734
1,5,24,0.84497
1,5,25,0.6826
1,5,26,0.81244
1,5,27,0.72274
1,5,28,0.66985
1,5,29,0.62584
1,5,30,0.60838
1,5,31,0.61518
1,5,32,0.7269
1,5,33,0.65067
1,5,34,0.68373
1,5,35,0.6751
1,5,36,0.56246
1,5,37,0.62095
1,5,38,0.64912
1,5,39,0.68469
1,5,40,0.58663
1,5,41,0.67474
1,5,42,0.6246
1,5,43,0.60856
1,5,44,0.58174
1,5,45,0.60659
1,5,46,0.52687
1,5,47,0.57693
1,5,48,0.67846
1,5,49,0.57977
1,5,50,0.56567
1,5,51,0.55233
1,5,52,0.6223
1,5,53,0.60184
1,5,54,0.49898
1,5,55,0.51831
1,5,56,0.50133
1,5,57,0.50068
1,5,58,0.44839
1,5,59,0.46271
1,5,60,0.47351
1,5,61,0.4688
1,5,62,0.51404
1,5,63,0.3507
1,5,64,0.4886
1,5,65,0.39789
1,5,66,0.47088
1,5,67,0.43717
1,5,68,0.55406
1,5,69,0.45868
1,5,70,0.39368
1,5,71,0.41493
1,5,72,0.41461
1,5,73,0.50468
1,5,74,0.30872
1,5,75,0.44736
1,5,76,0.29422
1,5,77,0.30668
1,5,78,0.34258
1,5,79,0.2828
1,5,80,0.31638
1,5,81,0.37972
1,5,82,0.31197
1,5,83,0.28815
1,5,84,0.35948
1,5,85,0.33453
1,5,86,0.3175
1,5,87,0.40377
1,5,88,0.2471
1,5,89,0.38612
1,5,90,0.26385
1,5,91,0.27731
1,5,92,0.31013
1,5,93,0.26166
1,5,94,0.29299
1,5,95,0.24626
1,5,96,0.23011
1,5,97,0.2183
1,5,98,0.19506
1,5,99,0.28054
1,5,100,0.31702
1,5,101,0.32544
1,5,102,0.096061
1,5,103,0.23257
1,5,104,0.32735
1,5,105,0.26522
1,5,106,0.14631
1,5,107,0.17847
1,5,108,0.024713
1,5,109,0.20995
1,5,110,0.059751
1,5,111,0.095894
1,5,112,0.17705
1,5,113,0.063782
1,5,114,0.079632
1,5,115,0.1444
1,5,116,0.1486
1,5,117,0.16872
1,5,118,0.1117
1,5,119,0.046031
1,5,120,0.14254
1,5,121,0.15141
1,5,122,0.024547
1,5,123,0.22443
1,5,124,0.12984
1,5,125,0.13787
1,5,126,0.14756
1,5,127,0.15981
1,5,128,0.081656
1,6,1,0.84583
1,6,2,0.88683
1,6,3,0.99602
1,6,4,0.86008
1,6,5,0.90214
1,6,6,0.83583
1,6,7,0.74012
1,6,8,0.94066
1,6,9,0.73175
1,6,10,0.75327
1,6,11,0.85994
1,6,12,0.83758
1,6,13,0.80154
1,6,14,0.8118
1,6,15,0.6871
1,6,16,0.70735
1,6,17,0.86098
1,6,18,0.82328
1,6,19,0.82359
1,6,20,0.80132
1,6,21,0.71553
1,6,22,0.77163
1,6,23,0.84033
1,6,24,0.79051
1,6,25,0.68543
1,6,26,0.76672
1,6,27,0.71763
1,6,28,0.80141
1,6,29,0.77182
1,6,30,0.74585
1,6,31,0.55704
1,6,32,0.63338
1,6,33,0.62883
1,6,34,0.64931
1,6,35,0.6903
1,6,36,0.71441
1,6,37,0.60175
1,6,38,0.76492
1,6,39,0.63568
1,6,40,0.51872
1,6,41,0.42667
1,6,42,0.61911
1,6,43,0.49378
1,6,44,0.49584
1,6,45,0.54503
1,6,46,0.61067
1,6,47,0.49927
1,6,48,0.60679
1,6,49,0.46565
1,6,50,0.4782
1,6,51,0.62307
1,6,52,0.61436
1,6,53,0.56033
1,6,54,0.45907
1,6,55,0.46782
1,6,56,0.49478
1,6,57,0.34128
1,6,58,0.46131
1,6,59,0.39266
1,6,60,0.46007
1,6,61,0.52129
1,6,62,0.41697
1,6,63,0.39778
1,6,64,0.50139
1,6,65,0.29796
1,6,66,0.48951
1,6,67,0.45874
1,6,68,0.43051
1,6,69,0.41825
1,6,70,0.48236
1,6,71,0.37651
1,6,72,0.3507
1,6,73,0.43795
1,6,74,0.33394
1,6,75,0.4448
1,6,76,0.33852
1,6,77,0.37753
1,6,78,0.43102
1,6,79,0.35533
1,6,80,0.31326
1,6,81,0.20231
1,6,82,0.36898
1,6,83,0.33984
1,6,84,0.39502
1,6,85,0.30312
1,6,86,0.2034
1,6,87,0.19753
1,6,88,0.29462
1,6,89,0.26523
1,6,90,0.3443
1,6,91,0.22828
1,6,92,0.32619
1,6,93,0.29977
1,6,94,0.27955
1,6,95,0.22166
1,6,96,0.3132
1,6,97,0.25467
1,6,98,0.2301
1,6,99,0.13537
1,6,100,0.26507
1,6,101,0.24204
1,6,102,0.16781
1,6,103,0.13733
1,6,104,0.19521
1,6,105,0.11497
1,6,106,0.16897
1,6,107,0.17312
1,6,108,0.20925
1,6,109,0.19916
1,6,110,0.2201
1,6,111,0.12523
1,6,112,0.13966
1,6,113,0.17938
1,6,114,0.18524
1,6,115,0.13986
1,6,116,0.1308
1,6,117,0.058446
1,6,118,0.20988
1,6,119,0.085847
1,6,120,-0.030362
1,6,121,0.18948
1,6,122,0.010971
1,7,1,0.81974
1,7,2,1.0027
1,7,3,0.95936
1,7,4,1.015
1,7,5,0.99785
1,7,6,0.80203
1,7,7,0.86515
1,7,8,0.79942
1,7,9,0.8558
1,7,10,0.99678
1,7,11,0.78029
1,7,12,0.84375
1,7,13,0.86538
1,7,14,0.87409
1,7,15,0.72401
1,7,16,0.8003
1,7,17,0.86239
1,7,18,0.87678
1,7,19,0.91283
1,7,20,0.77106
1,7,21,0.62844
1,7,22,0.76823
1,7,23,0.73566
1,7,24,0.72691
1,7,25,0.63838
1,7,26,0.71148
1,7,27,0.76398
1,7,28,0.66217
1,7,29,0.69387
1,7,30,0.78899
1,7,31,0.64514
1,7,32,0.75783
1,7,33,0.63308
1,7,34,0.64708
1,7,35,0.6118
1,7,36,0.69103
1,7,37,0.58373
1,7,38,0.60207
1,7,39,0.61143
1,7,40,0.56082
1,7,41,0.53201
1,7,42,0.60409
1,7,43,0.63447
1,7,44,0.5695
1,7,45,0.47823
1,7,46,0.68984
1,7,47,0.5502
1,7,48,0.47171
1,7,49,0.61331
1,7,50,0.55622
1,7,51,0.53244
1,7,52,0.54743
1,7,53,0.49874
1,7,54,0.46344
1,7,55,0.52088
1,7,56,0.48325
1,7,57,0.58709
1,7,58,0.46311
1,7,59,0.5624
1,7,60,0.32869
1,7,61,0.39551
1,7,62,0.48123
1,7,63,0.35633
1,7,64,0.38064
1,7,65,0.52735
1,7,66,0.52735
1,7,67,0.33679
1,7,68,0.4355
1,7,69,0.41964
1,7,70,0.43967
1,7,71,0.26531
1,7,72,0.48427
1,7,73,0.33652
1,7,74,0.36357
1,7,75,0.40739
1,7,76,0.35993
1,7,77,0.39048
1,7,78,0.3282
1,7,79,0.33185
1,7,80,0.31872
1,7,81,0.32765
1,7,82,0.38203
1,7,83,0.25412
1,7,84,0.32538
1,7,85,0.27275
1,7,86,0.20836
1,7,87,0.35472
1,7,88,0.34543
1,7,89,0.18354
1,7,90,0.31088
1,7,91,0.36624
1,7,92,0.27729
1,7,93,0.11988
1,7,94,0.13052
1,7,95,0.22042
1,7,96,0.23713
1,7,97,0.15797
1,7,98,0.18938
1,7,99,0.26771
1,7,100,0.32437
1,7,101,0.2671
1,7,102,0.13555
1,7,103,0.26491
1,7,104,0.2275
1,7,105,0.14149
1,7,106,0.094158
1,7,107,0.20648
1,7,108,0.18252
1,7,109,0.10486
1,7,110,0.042705
1,7,111,0.13679
1,7,112,0.13609
1,7,113,-0.015805
1,7,114,0.1089
1,7,115,0.17882
1,7,116,-0.072645
1,7,117,0.071001
1,7,118,0.22221
1,7,119,0.13645
1,7,120,0.07204
1,8,1,0.97463
1,8,2,0.92754
1,8,3,0.93767
1,8,4,0.8233
1,8,5,0.96469
1,8,6,0.8395
1,8,7,0.86321
1,8,8,0.88807
1,8,9,0.77914
1,8,10,0.84052
1,8,11,0.85679
1,8,12,0.83825
1,8,13,0.74488
1,8,14,0.67996
1,8,15,0.81505
1,8,16,0.88701
1,8,17,0.7381
1,8,18,0.68225
1,8,19,0.85643
1,8,20,0.8588
1,8,21,0.72399
1,8,22,0.80068
1,8,23,0.69432
1,8,24,0.69307
1,8,25,0.71696
1,8,26,0.82339
1,8,27,0.67793
1,8,28,0.66338
1,8,29,0.73013
1,8,30,0.78791
1,8,31,0.75316
1,8,32,0.69982
1,8,33,0.59866
1,8,34,0.56783
1,8,35,0.70221
1,8,36,0.5343
1,8,37,0.59318
1,8,38,0.677
1,8,39,0.69403
1,8,40,0.61857
1,8,41,0.60122
1,8,42,0.55026
1,8,43,0.44495
1,8,44,0.5315
1,8,45,0.46383
1,8,46,0.55678
1,8,47,0.57901
1,8,48,0.54042
1,8,49,0.7004
1,8,50,0.53865
1,8,51,0.54445
1,8,52,0.37116
1,8,53,0.5109
1,8,54,0.60081
1,8,55,0.54363
1,8,56,0.49775
1,8,57,0.40114
1,8,58,0.3976
1,8,59,0.53635
1,8,60,0.45998
1,8,61,0.39409
1,8,62,0.46719
1,8,63,0.4148
1,8,64,0.55667
1,8,65,0.44561
1,8,66,0.42235
1,8,67,0.43657
1,8,68,0.44649
1,8,69,0.47394
1,8,70,0.48447
1,8,71,0.40781
1,8,72,0.40658
1,8,73,0.50121
1,8,74,0.34254
1,8,75,0.25158
1,8,76,0.30814
1,8,77,0.40715
1,8,78,0.40012
1,8,79,0.3425
1,8,80,0.32164
1,8,81,0.39479
1,8,82,0.25689
1,8,83,0.31264
1,8,84,0.33886
1,8,85,0.40631
1,8,86,0.33952
1,8,87,0.28698
1,8,88,0.24399
1,8,89,0.1782
1,8,90,0.24372
1,8,91,0.17151
1,8,92,0.212
1,8,93,0.24082
1,8,94,0.25889
1,8,95,0.12689
1,8,96,0.13161
1,8,97,0.27828
1,8,98,0.21313
1,8,99,0.19859
1,8,100,0.26521
1,8,101,0.23647
1,8,102,0.21528
1,8,103,0.1515
1,8,104,0.22873
1,8,105,0.15404
1,8,106,0.11571
1,8,107,0.1606
1,8,108,0.22644
1,8,109,0.16659
1,8,110,0.073296
1,8,111,0.24937
1,8,112,0.17987
1,8,113,0.225
1,8,114,0.063979
1,8,115,0.047319
1,8,116,0.14281
1,8,117,0.062996
1,8,118,0.13823
1,8,119,0.19862
1,8,120,0.11359
1,8,121,0.17811
1,8,122,0.046311
1,8,123,0.12022
1,8,124,-0.011848
1,8,125,0.070162
1,8,126,0.0034562
1,9,1,0.9666
1,9,2,0.98264
1,9,3,0.9645
1,9,4,0.9238
1,9,5,0.89454
1,9,6,0.89884
1,9,7,0.97622
1,9,8,0.8729
1,9,9,0.84717
1,9,10,0.8983
1,9,11,0.73663
1,9,12,0.87211
1,9,13,0.77643
1,9,14,0.76452
1,9,15,0.75654
1,9,16,0.79426
1,9,17,0.8654
1,9,18,0.80003
1,9,19,0.79139
1,9,20,0.81842
1,9,21,0.68568
1,9,22,0.74943
1,9,23,0.72358
1,9,24,0.68131
1,9,25,0.86977
1,9,26,0.69815
1,9,27,0.84676
1,9,28,0.73473
1,9,29,0.64524
1,9,30,0.68476
1,9,31,0.62626
1,9,32,0.69019
1,9,33,0.63463
1,9,34,0.78863
1,9,35,0.72656
1,9,36,0.51263
1,9,37,0.61783
1,9,38,0.53987
1,9,39,0.57428
1,9,40,0.58484
1,9,41,0.58627
1,9,42,0.62479
1,9,43,0.61045
1,9,44,0.58498
1,9,45,0.63648
1,9,46,0.63584
1,9,47,0.63097
1,9,48,0.61154
1,9,49,0.63888
1,9,50,0.69125
1,9,51,0.6102
1,9,52,0.60606
1,9,53,0.57874
1,9,54,0.6237
1,9,55,0.61142
1,9,56,0.62759
1,9,57,0.4687
1,9,58,0.55739
1,9,59,0.60122
1,9,60,0.44617
1,9,61,0.5056
1,9,62,0.60001
1,9,63,0.43862
1,9,64,0.44272
1,9,65,0.48326
1,9,66,0.46894
1,9,67,0.45213
1,9,68,0.46303
1,9,69,0.49534
1,9,70,0.34864
1,9,71,0.35346
1,9,72,0.30525
1,9,73,0.3808
1,9,74,0.3114
1,9,75,0.37983
1,9,76,0.29868
1,9,77,0.39142
1,9,78,0.42162
1,9,79,0.33888
1,9,80,0.32816
1,9,81,0.41415
1,9,82,0.39262
1,9,83,0.34779
1,9,84,0.35413
1,9,85,0.20109
1,9,86,0.45745
1,9,87,0.35885
1,9,88,0.24579
1,9,89,0.34807
1,9,90,0.33494
1,9,91,0.15271
1,9,92,0.15456
1,9,93,0.27453
1,9,94,0.22829
1,9,95,0.36703
1,9,96,0.27797
1,9,97,0.17041
1,9,98,0.21221
1,9,99,0.27701
1,9,100,0.19195
1,9,101,0.29507
1,9,102,0.28607
1,9,103,0.20993
1,9,104,0.2612
1,9,105,0.23231
1,9,106,0.19076
1,9,107,0.11414
1,9,108,0.18886
1,9,109,0.21169
1,9,110,0.079503
1,9,111,0.082956
1,9,112,0.18016
1,9,113,0.16472
1,9,114,0.19595
1,9,115,0.22027
1,9,116,0.11298
1,9,117,0.11371
1,9,118,0.13233
1,9,119,0.087929
1,9,120,0.1923
1,9,121,0.095946
1,9,122,0.02908
1,9,123,0.046185
1,9,124,0.15474
1,9,125,0.075092
1,9,126,0.061831
1,9,127,0.12024
1,9,128,0.035731
1,9,129,-0.019219
1,9,130,0.052701
1,10,1,0.87717
1,10,2,0.98544
1,10,3,0.9648
1,10,4,0.77437
1,10,5,0.93836
1,10,6,0.8575
1,10,7,0.81362
1,10,8,0.87764
1,10,9,0.83445
1,10,10,0.83085
1,10,11,0.8238
1,10,12,0.9481
1,10,13,0.90979
1,10,14,0.75587
1,10,15,0.71427
1,10,16,0.76083
1,10,17,0.75841
1,10,18,0.76426
1,10,19,0.82517
1,10,20,0.75359
1,10,21,0.76677
1,10,22,0.89351
1,10,23,0.65376
1,10,24,0.69456
1,10,25,0.73598
1,10,26,0.80622
1,10,27,0.70672
1,10,28,0.66341
1,10,29,0.7348
1,10,30,0.61482
1,10,31,0.75913
1,10,32,0.63946
1,10,33,0.86574
1,10,34,0.75582
1,10,35,0.78453
1,10,36,0.68572
1,10,37,0.59145
1,10,38,0.663
1,10,39,0.54327
1,10,40,0.65641
1,10,41,0.6105
1,10,42,0.65315
1,10,43,0.52462
1,10,44,0.59468
1,10,45,0.54816
1,10,46,0.56601
1,10,47,0.57892
1,10,48,0.60117
1,10,49,0.62395
1,10,50,0.61957
1,10,51,0.45241
1,10,52,0.57451
1,10,53,0.54124
1,10,54,0.62518
1,10,55,0.65872
1,10,56,0.58764
1,10,57,0.51902
1,10,58,0.42426
1,10,59,0.56279
1,10,60,0.43631
1,10,61,0.43334
1,10,62,0.5361
1,10,63,0.54202
1,10,64,0.56558
1,10,65,0.33284
1,10,66,0.43856
1,10,67,0.38283
1,10,68,0.53959
1,10,69,0.36631
1,10,70,0.44587
1,10,71,0.3963
1,10,72,0.36953
1,10,73,0.39674
1,10,74,0.39508
1,10,75,0.46409
1,10,76,0.38633
1,10,77,0.27693
1,10,78,0.49854
1,10,79,0.38884
1,10,80,0.29526
1,10,81,0.35861
1,10,82,0.28196
1,10,83,0.32682
1,10,84,0.28847
1,10,85,0.27494
1,10,86,0.38123
1,10,87,0.31767
1,10,88,0.306
1,10,89,0.25473
1,10,90,0.23399
1,10,91,0.2965
1,10,92,0.2571
1,10,93,0.28676
1,10,94,0.294
1,10,95,0.30556
1,10,96,0.21383
1,10,97,0.26068
1,10,98,0.23179
1,10,99,0.18524
1,10,100,0.20488
1,10,101,0.28168
1,10,102,0.21763
1,10,103,0.057512
1,10,104,0.14416
1,10,105,0.15637
1,10,106,0.13142
1,10,107,0.26234
1,10,108,0.2994
1,10,109,0.15415
1,10,110,0.10709
1,10,111,0.19316
1,10,112,0.17655
1,10,113,0.13187
1,10,114,0.04522
1,10,115,0.1729
1,10,116,0.055864
1,10,117,0.22162
1,10,118,0.16821
1,10,119,0.0056879
1,10,120,0.09183
1,10,121,0.085085
1,10,122,0.20323
1,10,123,0.071215
1,10,124,0.126
1,10,125,0.1795
1,10,126,0.033609
1,10,127,-0.0021296
2,31,1,0.90532
2,31,2,0.86571
2,31,3,1.0824
2,31,4,0.88948
2,31,5,0.92796
2,31,6,0.97713
2,31,7,1.0191
2,31,8,0.96208
2,31,9,0.95518
2,31,10,0.8662
2,31,11,0.93256
2,31,12,0.97613
2,31,13,0.98968
2,31,14,0.96773
2,31,15,1.0426
2,31,16,1.0038
2,31,17,0.97662
2,31,18,1.0191
2,31,19,1.0462
2,31,20,0.97401
2,31,21,1.0961
2,31,22,0.92691
2,31,23,0.99349
2,31,24,1.1052
2,31,25,1.0568
2,31,26,1.0102
2,31,27,1.0482
2,31,28,1.064
2,31,29,1.1042
2,31,30,1.0321
2,31,31,1.0551
2,31,32,1.0582
2,31,33,1.0636
2,31,34,0.99365
2,31,35,0.96558
2,31,36,1.1086
2,31,37,1.11
2,31,38,1.0523
2,31,39,1.0858
2,31,40,1.1752
2,31,41,1.0736
2,31,42,1.1011
2,31,43,0.99603
2,31,44,1.0421
2,31,45,1.1073
2,31,46,1.137
2,31,47,1.0711
2,31,48,1.0814
2,31,49,1.0791
2,31,50,1.055
2,31,51,1.0653
2,31,52,1.2104
2,31,53,1.1545
2,31,54,1.0579
2,31,55,1.1008
2,31,56,1.053
2,31,57,1.1773
2,31,58,1.1601
2,31,59,1.0034
2,31,60,1.1964
2,31,61,1.1012
2,31,62,1.1827
2,31,63,1.0552
2,31,64,1.1669
2,31,65,1.0824
2,31,66,1.2225
2,31,67,1.0568
2,31,68,1.0887
2,31,69,0.99531
2,31,70,1.1701
2,31,71,1.1773
2,31,72,1.1506
2,31,73,1.1265
2,31,74,1.2109
2,31,75,1.1448
2,31,76,1.1695
2,31,77,1.1952
2,31,78,1.2088
2,31,79,1.1292
2,31,80,1.1689
2,31,81,1.1728
2,31,82,1.1514
2,31,83,1.1262
2,31,84,1.1782
2,31,85,1.2132
2,31,86,1.1644
2,31,87,1.226
2,31,88,1.2924
2,31,89,1.0965
2,31,90,1.146
2,31,91,1.1443
2,31,92,1.1351
2,31,93,1.2617
2,31,94,1.2342
2,31,95,1.233
2,31,96,1.1948
2,31,97,1.2702
2,31,98,1.1442
2,31,99,1.1917
2,31,100,1.1635
2,31,101,1.2462
2,31,102,1.2365
2,31,103,1.2682
2,31,104,1.1974
2,31,105,1.2809
2,31,106,1.2744
2,31,107,1.2498
2,31,108,1.2553
2,31,109,1.1829
2,31,110,1.2179
2,31,111,1.1409
2,31,112,1.1894
2,31,113,1.2183
2,31,114,1.2083
2,31,115,1.2648
2,31,116,1.2101
2,31,117,1.2628
2,31,118,1.2931
2,31,119,1.3197
2,31,120,1.2072
2,31,121,1.194
2,31,122,1.3257
2,31,123,1.2251
2,31,124,1.1939
2,31,125,1.2367
2,31,126,1.3373
2,31,127,1.2286
2,31,128,1.2952
2,31,129,1.2456
2,31,130,1.2689
2,31,131,1.3901
2,31,132,1.2724
2,31,133,1.2352
2,31,134,1.2926
2,31,135,1.2792
2,31,136,1.2875
2,31,137,1.2976
2,31,138,1.2231
2,31,139,1.1852
2,31,140,1.2083
2,31,141,1.277
2,31,142,1.2604
2,31,143,1.3388
2,31,144,1.433
2,31,145,1.3604
2,31,146,1.2435
2,31,147,1.2054
2,31,148,1.456
2,31,149,1.3391
2,31,150,1.3705
2,31,151,1.3094
2,31,152,1.251
2,31,153,1.3657
2,31,154,1.3132
2,31,155,1.3161
2,31,156,1.3755
2,31,157,1.4158
2,31,158,1.3139
2,31,159,1.3103
2,31,160,1.3025
2,31,161,1.3393
2,31,162,1.296
2,31,163,1.3082
2,31,164,1.3822
2,31,165,1.3408
2,31,166,1.4309
2,31,167,1.2614
2,31,168,1.4057
2,31,169,1.3778
2,31,170,1.2998
2,32,1,0.97759
2,32,2,0.88827
2,32,3,0.91118
2,32,4,1.0384
2,32,5,1.0256
2,32,6,1.0029
2,32,7,1.0458
2,32,8,1.0503
2,32,9,0.91966
2,32,10,0.95733
2,32,11,1.0108
2,32,12,0.98817
2,32,13,0.8957
2,32,14,1.0371
2,32,15,1.0098
2,32,16,1.0538
2,32,17,1.006
2,32,18,0.99921
2,32,19,1.0628
2,32,20,0.9066
2,32,21,1.084
2,32,22,0.94815
2,32,23,1.0328
2,32,24,1.0089
2,32,25,1.025
2,32,26,1.0462
2,32,27,1.0353
2,32,28,0.96724
2,32,29,1.0828
2,32,30,1.0453
2,32,31,1.0052
2,32,32,1.0532
2,32,33,1.0403
2,32,34,0.97552
2,32,35,1.1109
2,32,36,1.08
2,32,37,1.0871
2,32,38,0.97066
2,32,39,1.104
2,32,40,1.0172
2,32,41,1.0899
2,32,42,1.0496
2,32,43,1.0965
2,32,44,1.1426
2,32,45,1.0506
2,32,46,1.0309
2,32,47,1.0639
2,32,48,1.0998
2,32,49,1.0835
2,32,50,1.1446
2,32,51,1.1382
2,32,52,1.0806
2,32,53,1.1592
2,32,54,1.162
2,32,55,1.074
2,32,56,1.1645
2,32,57,1.0583
2,32,58,1.0301
2,32,59,1.0966
2,32,60,1.1409
2,32,61,1.2112
2,32,62,1.1456
2,32,63,1.0638
2,32,64,1.0928
2,32,65,1.0605
2,32,66,1.2425
2,32,67,1.1384
2,32,68,1.0847
2,32,69,1.2277
2,32,70,1.0899
2,32,71,1.1346
2,32,72,1.0768
2,32,73,1.1485
2,32,74,1.1907
2,32,75,1.2141
2,32,76,1.1547
2,32,77,1.2544
2,32,78,1.1245
2,32,79,1.224
2,32,80,1.1595
2,32,81,1.2091
2,32,82,1.1198
2,32,83,1.1174
2,32,84,1.1543
2,32,85,1.1198
2,32,86,1.1926
2,32,87,1.1422
2,32,88,1.1213
2,32,89,1.1852
2,32,90,1.187
2,32,91,1.2358
2,32,92,1.146
2,32,93,1.1854
2,32,94,1.2151
2,32,95,1.2057
2,32,96,1.3062
2,32,97,1.2384
2,32,98,1.2104
2,32,99,1.1661
2,32,100,1.1402
2,32,101,1.2776
2,32,102,1.2489
2,32,103,1.1583
2,32,104,1.2787
2,32,105,1.2319
2,32,106,1.134
2,32,107,1.2077
2,32,108,1.2328
2,32,109,1.2493
2,32,110,1.247
2,32,111,1.2279
2,32,112,1.2112
2,32,113,1.2703
2,32,114,1.2556
2,32,115,1.2295
2,32,116,1.2296
2,32,117,1.3088
2,32,118,1.2441
2,32,119,1.2027
2,32,120,1.3125
2,32,121,1.3475
2,32,122,1.2698
2,32,123,1.2696
2,32,124,1.1889
2,32,125,1.2955
2,32,126,1.235
2,32,127,1.3609
2,32,128,1.2476
2,32,129,1.3099
2,32,130,1.3547
2,32,131,1.3534
2,32,132,1.364
2,32,133,1.2891
2,32,134,1.2104
2,32,135,1.334
2,32,136,1.2897
2,32,137,1.2481
2,32,138,1.3532
2,32,139,1.2915
2,32,140,1.2566
2,32,141,1.3383
2,32,142,1.2642
2,32,143,1.2944
2,32,144,1.2539
2,32,145,1.3498
2,32,146,1.3294
2,32,147,1.2956
2,32,148,1.363
2,32,149,1.3502
2,32,150,1.3986
2,32,151,1.3147
2,32,152,1.4127
2,32,153,1.2413
2,32,154,1.3084
2,32,155,1.2916
2,32,156,1.2781
2,32,157,1.4091
2,32,158,1.4072
2,32,159,1.4221
2,32,160,1.3217
2,32,161,1.3616
2,32,162,1.3756
2,32,163,1.4839
2,32,164,1.3759
2,32,165,1.4459
2,33,1,0.97405
2,33,2,0.97519
2,33,3,0.99774
2,33,4,0.88596
2,33,5,1.0698
2,33,6,0.97238
2,33,7,0.96572
2,33,8,1.027
2,33,9,1.0163
2,33,10,0.92712
2,33,11,0.92706
2,33,12,1.052
2,33,13,1.1006
2,33,14,1.0055
2,33,15,0.95347
2,33,16,0.96989
2,33,17,0.93578
2,33,18,1.0354
2,33,19,1.0557
2,33,20,0.98217
2,33,21,0.94472
2,33,22,0.91303
2,33,23,1.1
2,33,24,1.0339
2,33,25,0.97191
2,33,26,0.96146
2,33,27,1.0366
2,33,28,1.0422
2,33,29,1.0857
2,33,30,1.0302
2,33,31,1.0156
2,33,32,1.0761
2,33,33,1.0531
2,33,34,1.1067
2,33,35,1.0282
2,33,36,1.0095
2,33,37,0.97668
2,33,38,1.0615
2,33,39,1.0369
2,33,40,1.1146
2,33,41,1.0627
2,33,42,1.0343
2,33,43,1.0612
2,33,44,1.0104
2,33,45,1.0895
2,33,46,1.0479
2,33,47,1.0402
2,33,48,1.0865
2,33,49,1.0689
2,33,50,1.1037
2,33,51,1.098
2,33,52,1.145
2,33,53,1.0908
2,33,54,1.0816
2,33,55,1.0585
2,33,56,1.0276
2,33,57,1.2358
2,33,58,1.1896
2,33,59,1.0898
2,33,60,1.1209
2,33,61,1.0468
2,33,62,1.0757
2,33,63,1.1598
2,33,64,1.163
2,33,65,1.1625
2,33,66,1.1168
2,33,67,1.2128
2,33,68,1.0631
2,33,69,1.1438
2,33,70,1.1869
2,33,71,1.109
2,33,72,1.0668
2,33,73,1.1575
2,33,74,1.0912
2,33,75,1.1161
2,33,76,1.2297
2,33,77,1.0694
2,33,78,1.1049
2,33,79,1.0969
2,33,80,1.1767
2,33,81,1.1141
2,33,82,1.2386
2,33,83,1.1807
2,33,84,1.2269
2,33,85,1.0621
2,33,86,1.1047
2,33,87,1.2149
2,33,88,1.1263
2,33,89,1.1435
2,33,90,1.1507
2,33,91,1.1663
2,33,92,1.2428
2,33,93,1.2137
2,33,94,1.3175
2,33,95,1.2664
2,33,96,1.211
2,33,97,1.2212
2,33,98,1.247
2,33,99,1.2304
2,33,100,1.2874
2,33,101,1.2752
2,33,102,1.2028
2,33,103,1.0821
2,33,104,1.2142
2,33,105,1.2371
2,33,106,1.2321
2,33,107,1.1639
2,33,108,1.2515
2,33,109,1.2716
2,33,110,1.1942
2,33,111,1.1491
2,33,112,1.2711
2,33,113,1.3048
2,33,114,1.2218
2,33,115,1.2049
2,33,116,1.2565
2,33,117,1.1808
2,33,118,1.2583
2,33,119,1.2688
2,33,120,1.2027
2,33,121,1.301
2,33,122,1.2528
2,33,123,1.2672
2,33,124,1.2898
2,33,125,1.2877
2,33,126,1.315
2,33,127,1.2645
2,33,128,1.3416
2,33,129,1.2486
2,33,130,1.2355
2,33,131,1.2752
2,33,132,1.2835
2,33,133,1.2134
2,33,134,1.3845
2,33,135,1.2603
2,33,136,1.2735
2,33,137,1.3997
2,33,138,1.3011
2,33,139,1.3583
2,33,140,1.3135
2,33,141,1.2123
2,33,142,1.2875
2,33,143,1.3038
2,33,144,1.1959
2,33,145,1.3518
2,33,146,1.254
2,33,147,1.3043
2,33,148,1.3144
2,33,149,1.3672
2,33,150,1.3663
2,33,151,1.264
2,33,152,1.2968
2,33,153,1.3385
2,33,154,1.3175
2,33,155,1.3791
2,33,156,1.3926
2,33,157,1.3789
2,33,158,1.3618
2,33,159,1.3547
2,33,160,1.3005
2,33,161,1.2891
2,33,162,1.3355
2,33,163,1.4197
2,33,164,1.3259
2,33,165,1.4414
2,33,166,1.3184
2,33,167,1.384
2,33,168,1.3692
2,33,169,1.3917
2,33,170,1.3684
2,34,1,0.88453
2,34,2,0.87357
2,34,3,0.94732
2,34,4,1.0232
2,34,5,0.90175
2,34,6,1.0022
2,34,7,1.0076
2,34,8,0.969
2,34,9,0.9576
2,34,10,0.94489
2,34,11,1.0352
2,34,12,0.95302
2,34,13,1.032
2,34,14,1.0734
2,34,15,1.0527
2,34,16,1.0713
2,34,17,0.95479
2,34,18,1.0111
2,34,19,0.94816
2,34,20,0.97037
2,34,21,0.98868
2,34,22,0.99379
2,34,23,1.0002
2,34,24,1.0745
2,34,25,1.05
2,34,26,1.0286
2,34,27,1.0754
2,34,28,1.0455
2,34,29,1.0375
2,34,30,1.0716
2,34,31,1.0676
2,34,32,0.98677
2,34,33,1.0112
2,34,34,1.0408
2,34,35,1.0657
2,34,36,0.95259
2,34,37,1.0343
2,34,38,1.0917
2,34,39,1.0272
2,34,40,1.0606
2,34,41,1.1015
2,34,42,1.0865
2,34,43,1.0892
2,34,44,1.0866
2,34,45,1.0797
2,34,46,1.1181
2,34,47,1.091
2,34,48,1.1157
2,34,49,1.0103
2,34,50,1.0897
2,34,51,1.1299
2,34,52,1.0936
2,34,53,1.1275
2,34,54,1.2387
2,34,55,1.0488
2,34,56,1.083
2,34,57,1.1803
2,34,58,1.1809
2,34,59,1.0968
2,34,60,1.1119
2,34,61,1.1117
2,34,62,1.0371
2,34,63,1.2447
2,34,64,1.1143
2,34,65,1.1764
2,34,66,1.1319
2,34,67,1.19
2,34,68,1.1462
2,34,69,1.1256
2,34,70,1.1719
2,34,71,1.1822
2,34,72,1.1649
2,34,73,1.2304
2,34,74,1.106
2,34,75,1.0389
2,34,76,1.1726
2,34,77,1.2052
2,34,78,1.1914
2,34,79,1.1078
2,34,80,1.2717
2,34,81,1.1031
2,34,82,1.1723
2,34,83,1.1093
2,34,84,1.1632
2,34,85,1.201
2,34,86,1.1864
2,34,87,1.197
2,34,88,1.1267
2,34,89,1.2109
2,34,90,1.2198
2,34,91,1.1311
2,34,92,1.161
2,34,93,1.1493
2,34,94,1.2199
2,34,95,1.2077
2,34,96,1.2033
2,34,97,1.0828
2,34,98,1.3037
2,34,99,1.247
2,34,100,1.3099
2,34,101,1.2045
2,34,102,1.2835
2,34,103,1.2505
2,34,104,1.1764
2,34,105,1.3104
2,34,106,1.2817
2,34,107,1.221
2,34,108,1.2754
2,34,109,1.2212
2,34,110,1.2405
2,34,111,1.3321
2,34,112,1.3242
2,34,113,1.2278
2,34,114,1.3361
2,34,115,1.2154
2,34,116,1.2524
2,34,117,1.2722
2,34,118,1.2624
2,34,119,1.375
2,34,120,1.3025
2,34,121,1.1678
2,34,122,1.3031
2,34,123,1.2586
2,34,124,1.1672
2,34,125,1.2715
2,34,126,1.3202
2,34,127,1.2053
2,34,128,1.3201
2,34,129,1.2632
2,34,130,1.2898
2,34,131,1.2323
2,34,132,1.3638
2,34,133,1.3208
2,34,134,1.327
2,34,135,1.3169
2,34,136,1.2789
2,34,137,1.4108
2,34,138,1.3775
2,34,139,1.2417
2,34,140,1.2679
2,34,141,1.3974
2,34,142,1.4052
2,34,143,1.3803
2,34,144,1.2718
2,34,145,1.3662
2,34,146,1.4066
2,34,147,1.3008
2,34,148,1.3598
2,34,149,1.4273
2,34,150,1.2591
2,34,151,1.3689
2,34,152,1.3452
2,34,153,1.3395
2,34,154,1.3564
2,34,155,1.3983
2,34,156,1.3014
2,34,157,1.3785
2,34,158,1.3985
2,34,159,1.3138
2,34,160,1.3235
2,34,161,1.3054
2,34,162,1.3997
2,35,1,0.94201
2,35,2,0.98448
2,35,3,0.96987
2,35,4,0.97775
2,35,5,0.90679
2,35,6,0.99856
2,35,7,0.91569
2,35,8,1.0116
2,35,9,0.95898
2,35,10,0.97089
2,35,11,1.0123
2,35,12,1.0275
2,35,13,0.97539
2,35,14,1.0811
2,35,15,0.95671
2,35,16,0.9286
2,35,17,0.99025
2,35,18,1.0136
2,35,19,1.0345
2,35,20,0.95422
2,35,21,0.94674
2,35,22,0.99412
2,35,23,1.0208
2,35,24,1.0391
2,35,25,1.0202
2,35,26,0.90163
2,35,27,1.0922
2,35,28,1.1502
2,35,29,1.132
2,35,30,0.95868
2,35,31,1.0376
2,35,32,1.0752
2,35,33,1.1035
2,35,34,1.0699
2,35,35,1.092
2,35,36,1.0292
2,35,37,1.0234
2,35,38,1.1199
2,35,39,1.0304
2,35,40,1.1001
2,35,41,1.0614
2,35,42,1.0244
2,35,43,1.0338
2,35,44,1.0517
2,35,45,1.0853
2,35,46,1.0928
2,35,47,1.0684
2,35,48,0.99895
2,35,49,1.1341
2,35,50,1.1678
2,35,51,1.1315
2,35,52,0.96324
2,35,53,1.0576
2,35,54,1.1349
2,35,55,1.0569
2,35,56,1.0991
2,35,57,1.1106
2,35,58,1.1767
2,35,59,1.1661
2,35,60,1.1145
2,35,61,1.0983
2,35,62,1.1097
2,35,63,1.1723
2,35,64,1.2188
2,35,65,1.2426
2,35,66,1.1207
2,35,67,1.1672
2,35,68,1.0556
2,35,69,1.0849
2,35,70,1.191
2,35,71,1.1501
2,35,72,1.0903
2,35,73,1.1923
2,35,74,1.1493
2,35,75,1.2882
2,35,76,1.0568
2,35,77,1.1472
2,35,78,1.2236
2,35,79,1.1125
2,35,80,1.2433
2,35,81,1.0846
2,35,82,1.1881
2,35,83,1.1116
2,35,84,1.2039
2,35,85,1.1669
2,35,86,1.2019
2,35,87,1.1522
2,35,88,1.2174
2,35,89,1.2492
2,35,90,1.2198
2,35,91,1.1911
2,35,92,1.2453
2,35,93,1.211
2,35,94,1.2533
2,35,95,1.302
2,35,96,1.1667
2,35,97,1.1933
2,35,98,1.2311
2,35,99,1.2492
2,35,100,1.3035
2,35,101,1.2399
2,35,102,1.2174
2,35,103,1.3344
2,35,104,1.2482
2,35,105,1.2763
2,35,106,1.2924
2,35,107,1.3119
2,35,108,1.2044
2,35,109,1.2138
2,35,110,1.2288
2,35,111,1.1399
2,35,112,1.2379
2,35,113,1.3132
2,35,114,1.2587
2,35,115,1.2829
2,35,116,1.2511
2,35,117,1.3133
2,35,118,1.2639
2,35,119,1.2315
2,35,120,1.1584
2,35,121,1.3101
2,35,122,1.247
2,35,123,1.2542
2,35,124,1.2734
2,35,125,1.2623
2,35,126,1.2994
2,35,127,1.2981
2,35,128,1.2469
2,35,129,1.2056
2,35,130,1.2472
2,35,131,1.3013
2,35,132,1.2372
2,35,133,1.3922
2,35,134,1.2702
2,35,135,1.3831
2,35,136,1.229
2,35,137,1.3012
2,35,138,1.2671
2,35,139,1.2962
2,35,140,1.2748
2,35,141,1.3276
2,35,142,1.3949
2,35,143,1.4088
2,35,144,1.3181
2,35,145,1.3128
2,35,146,1.421
2,35,147,1.2799
2,35,148,1.2654
2,35,149,1.376
2,35,150,1.3601
2,35,151,1.3588
2,35,152,1.3565
2,35,153,1.3443
2,35,154,1.4101
2,35,155,1.4554
2,35,156,1.3073
2,35,157,1.4096
2,35,158,1.2805
2,35,159,1.4468
2,35,160,1.4365
2,35,161,1.3764
2,35,162,1.3929
2,35,163,1.4106
2,35,164,1.319
2,35,165,1.3761
2,36,1,0.97625
2,36,2,0.97037
2,36,3,0.88647
2,36,4,0.93403
2,36,5,0.89779
2,36,6,0.93747
2,36,7,0.96163
2,36,8,0.99643
2,36,9,0.87671
2,36,10,0.97452
2,36,11,0.97227
2,36,12,1.0091
2,36,13,0.94687
2,36,14,0.95872
2,36,15,0.97589
2,36,16,1.0071
2,36,17,1.0667
2,36,18,1.0778
2,36,19,1.0408
2,36,20,1.0186
2,36,21,0.95687
2,36,22,1.0368
2,36,23,1.0022
2,36,24,0.95831
2,36,25,1.0927
2,36,26,1.0154
2,36,27,1.0721
2,36,28,1.0981
2,36,29,0.99804
2,36,30,1.1263
2,36,31,1.0163
2,36,32,0.99407
2,36,33,0.99801
2,36,34,1.0938
2,36,35,1.0065
2,36,36,1.033
2,36,37,1.0482
2,36,38,1.0875
2,36,39,0.94302
2,36,40,1.0289
2,36,41,1.0255
2,36,42,1.074
2,36,43,1.0473
2,36,44,1.053
2,36,45,1.0826
2,36,46,1.0677
2,36,47,1.0562
2,36,48,1.0846
2,36,49,1.0827
2,36,50,1.094
2,36,51,1.1205
2,36,52,1.1356
2,36,53,1.1067
2,36,54,1.0965
2,36,55,1.0514
2,36,56,1.1687
2,36,57,1.0772
2,36,58,1.1265
2,36,59,1.0969
2,36,60,1.1185
2,36,61,1.0723
2,36,62,1.0947
2,36,63,1.0925
2,36,64,1.208
2,36,65,1.0516
2,36,66,1.0924
2,36,67,1.0313
2,36,68,1.095
2,36,69,1.1378
2,36,70,1.1621
2,36,71,1.2253
2,36,72,1.0457
2,36,73,1.1659
2,36,74,1.0576
2,36,75,1.0525
2,36,76,1.1627
2,36,77,1.0925
2,36,78,1.1582
2,36,79,1.1475
2,36,80,1.1492
2,36,81,1.2503
2,36,82,1.1766
2,36,83,1.1518
2,36,84,1.1637
2,36,85,1.1946
2,36,86,1.1998
2,36,87,1.2229
2,36,88,1.2263
2,36,89,1.1653
2,36,90,1.2544
2,36,91,1.2024
2,36,92,1.1359
2,36,93,1.1339
2,36,94,1.2175
2,36,95,1.2467
2,36,96,1.2357
2,36,97,1.1549
2,36,98,1.2229
2,36,99,1.1781
2,36,100,1.1873
2,36,101,1.1395
2,36,102,1.1335
2,36,103,1.3247
2,36,104,1.2397
2,36,105,1.239
2,36,106,1.2004
2,36,107,1.2144
2,36,108,1.2919
2,36,109,1.2753
2,36,110,1.2566
2,36,111,1.322
2,36,112,1.314
2,36,113,1.1919
2,36,114,1.205
2,36,115,1.3165
2,36,116,1.2478
2,36,117,1.2811
2,36,118,1.1723
2,36,119,1.2218
2,36,120,1.3437
2,36,121,1.3469
2,36,122,1.2462
2,36,123,1.3974
2,36,124,1.2226
2,36,125,1.2424
2,36,126,1.3181
2,36,127,1.2357
2,36,128,1.2998
2,36,129,1.317
2,36,130,1.2254
2,36,131,1.2831
2,36,132,1.2906
2,36,133,1.2183
2,36,134,1.2567
2,36,135,1.2943
2,36,136,1.3299
2,36,137,1.2922
2,36,138,1.3347
2,36,139,1.3952
2,36,140,1.2696
2,36,141,1.2411
2,36,142,1.2907
2,36,143,1.3432
2,36,144,1.3325
2,36,145,1.299
2,36,146,1.3272
2,36,147,1.3375
2,36,148,1.3254
2,36,149,1.3353
2,36,150,1.2197
2,36,151,1.3106
2,36,152,1.3625
2,36,153,1.3059
2,36,154,1.293
2,36,155,1.3486
2,36,156,1.3132
2,36,157,1.3598
2,36,158,1.2386
2,36,159,1.3566
2,36,160,1.4401
2,36,161,1.3355
2,36,162,1.4151
2,36,163,1.3975
2,36,164,1.3594
2,36,165,1.3492
2,36,166,1.2484
2,36,167,1.3319
2,36,168,1.312
2,36,169,1.4108
2,36,170,1.4118
2,36,171,1.3395
2,36,172,1.4332
2,36,173,1.334
2,37,1,0.97303
2,37,2,0.91686
2,37,3,0.9551
2,37,4,0.99541
2,37,5,0.96937
2,37,6,1.0075
2,37,7,0.90794
2,37,8,0.96719
2,37,9,1.0052
2,37,10,1.0112
2,37,11,1.0331
2,37,12,1.005
2,37,13,1.0504
2,37,14,1.0269
2,37,15,1.0495
2,37,16,0.98432
2,37,17,0.91638
2,37,18,0.95452
2,37,19,0.92635
2,37,20,1.0229
2,37,21,0.94689
2,37,22,0.94943
2,37,23,0.98821
2,37,24,0.97967
2,37,25,1.0509
2,37,26,1.0378
2,37,27,1.0402
2,37,28,0.96186
2,37,29,1.0289
2,37,30,1.0182
2,37,31,1.0016
2,37,32,1.0958
2,37,33,1.1267
2,37,34,1.0434
2,37,35,1.0244
2,37,36,1.0395
2,37,37,1.1496
2,37,38,1.0355
2,37,39,1.0638
2,37,40,1.1142
2,37,41,1.0389
2,37,42,1.0262
2,37,43,1.1177
2,37,44,0.99159
2,37,45,1.0212
2,37,46,1.048
2,37,47,1.1154
2,37,48,1.0451
2,37,49,0.96888
2,37,50,1.032
2,37,51,1.1035
2,37,52,1.0708
2,37,53,1.1271
2,37,54,0.98154
2,37,55,1.122
2,37,56,1.1474
2,37,57,1.2448
2,37,58,1.0491
2,37,59,1.1581
2,37,60,1.1435
2,37,61,1.1296
2,37,62,1.0807
2,37,63,1.0833
2,37,64,1.0161
2,37,65,1.1011
2,37,66,1.2227
2,37,67,1.0169
2,37,68,1.1146
2,37,69,1.1859
2,37,70,1.1764
2,37,71,1.1818
2,37,72,1.0775
2,37,73,1.2211
2,37,74,1.1302
2,37,75,1.0572
2,37,76,1.101
2,37,77,1.1051
2,37,78,1.1377
2,37,79,1.1466
2,37,80,1.1334
2,37,81,1.1167
2,37,82,1.1379
2,37,83,1.1208
2,37,84,1.1514
2,37,85,1.0693
2,37,86,1.1899
2,37,87,1.1838
2,37,88,1.2479
2,37,89,1.1537
2,37,90,1.2104
2,37,91,1.2847
2,37,92,1.1195
2,37,93,1.1128
2,37,94,1.165
2,37,95,1.1919
2,37,96,1.247
2,37,97,1.1301
2,37,98,1.2129
2,37,99,1.2405
2,37,100,1.2303
2,37,101,1.1841
2,37,102,1.2391
2,37,103,1.1543
2,37,104,1.2011
2,37,105,1.2805
2,37,106,1.2319
2,37,107,1.1244
2,37,108,1.1876
2,37,109,1.2551
2,37,110,1.27
2,37,111,1.231
2,37,112,1.1353
2,37,113,1.2308
2,37,114,1.2687
2,37,115,1.2938
2,37,116,1.2404
2,37,117,1.2519
2,37,118,1.2221
2,37,119,1.2678
2,37,120,1.232
2,37,121,1.2709
2,37,122,1.3467
2,37,123,1.23
2,37,124,1.2424
2,37,125,1.3094
2,37,126,1.2924
2,37,127,1.1938
2,37,128,1.2937
2,37,129,1.2215
2,37,130,1.3311
2,37,131,1.2693
2,37,132,1.223
2,37,133,1.2168
2,37,134,1.2804
2,37,135,1.3005
2,37,136,1.3385
2,37,137,1.2658
2,37,138,1.284
2,37,139,1.2534
2,37,140,1.2812
2,37,141,1.2709
2,37,142,1.343
2,37,143,1.3298
2,37,144,1.3086
2,37,145,1.2511
2,37,146,1.396
2,37,147,1.3208
2,37,148,1.3077
2,37,149,1.2881
2,37,150,1.3406
2,37,151,1.3048
2,37,152,1.3235
2,37,153,1.338
2,37,154,1.2567
2,37,155,1.2687
2,37,156,1.3674
2,37,157,1.3809
2,37,158,1.3471
2,37,159,1.3404
2,37,160,1.1984
2,37,161,1.3688
2,37,162,1.2871
2,37,163,1.3914
2,37,164,1.3323
2,37,165,1.3154
2,37,166,1.3196
2,37,167,1.3845
2,37,168,1.2743
2,37,169,1.2541
2,37,170,1.3506
2,37,171,1.3505
2,37,172,1.375
2,37,173,1.3511
2,37,174,1.2926
2,37,175,1.3567
2,37,176,1.3141
2,37,177,1.4123
2,37,178,1.4338
2,37,179,1.4462
2,37,180,1.4009
2,37,181,1.3732
2,38,1,0.94847
2,38,2,0.95277
2,38,3,1.0386
2,38,4,0.98324
2,38,5,0.96551
2,38,6,0.97254
2,38,7,0.87609
2,38,8,0.96019
2,38,9,1.0484
2,38,10,1.0456
2,38,11,1.0187
2,38,12,0.93521
2,38,13,0.99671
2,38,14,0.96501
2,38,15,1.012
2,38,16,1.0099
2,38,17,0.95693
2,38,18,1.0624
2,38,19,1.0694
2,38,20,1.0599
2,38,21,1.0342
2,38,22,1.0278
2,38,23,1.0293
2,38,24,1.0936
2,38,25,1.0087
2,38,26,1.002
2,38,27,1.0279
2,38,28,0.95071
2,38,29,1.0165
2,38,30,1.0061
2,38,31,1.1011
2,38,32,1.0484
2,38,33,0.99637
2,38,34,1.0051
2,38,35,1.0592
2,38,36,1.0953
2,38,37,1.1242
2,38,38,1.1072
2,38,39,1.0884
2,38,40,1.0082
2,38,41,1.0708
2,38,42,0.99737
2,38,43,1.0596
2,38,44,1.1133
2,38,45,1.071
2,38,46,1.1143
2,38,47,1.0806
2,38,48,1.1501
2,38,49,1.1937
2,38,50,1.1342
2,38,51,1.0919
2,38,52,1.1188
2,38,53,1.0699
2,38,54,1.005
2,38,55,1.1208
2,38,56,1.1821
2,38,57,1.1465
2,38,58,1.1468
2,38,59,1.1144
2,38,60,1.0938
2,38,61,1.1047
2,38,62,1.081
2,38,63,1.0943
2,38,64,1.1573
2,38,65,1.2388
2,38,66,1.0817
2,38,67,1.1721
2,38,68,1.1498
2,38,69,1.0473
2,38,70,1.1968
2,38,71,1.1685
2,38,72,1.0937
2,38,73,1.1081
2,38,74,1.1162
2,38,75,1.1775
2,38,76,1.1287
2,38,77,1.2044
2,38,78,1.1336
2,38,79,1.2019
2,38,80,1.2563
2,38,81,1.1502
2,38,82,1.1714
2,38,83,1.2627
2,38,84,1.11
2,38,85,1.1809
2,38,86,1.1606
2,38,87,1.1607
2,38,88,1.1527
2,38,89,1.2187
2,38,90,1.2599
2,38,91,1.1838
2,38,92,1.1653
2,38,93,1.2035
2,38,94,1.114
2,38,95,1.1987
2,38,96,1.1604
2,38,97,1.2502
2,38,98,1.2016
2,38,99,1.2104
2,38,100,1.2848
2,38,101,1.2062
2,38,102,1.1211
2,38,103,1.1751
2,38,104,1.3054
2,38,105,1.2128
2,38,106,1.1787
2,38,107,1.2324
2,38,108,1.2411
2,38,109,1.3475
2,38,110,1.2855
2,38,111,1.2114
2,38,112,1.2921
2,38,113,1.2467
2,38,114,1.239
2,38,115,1.271
2,38,116,1.2622
2,38,117,1.3353
2,38,118,1.3302
2,38,119,1.3032
2,38,120,1.355
2,38,121,1.3897
2,38,122,1.3093
2,38,123,1.2844
2,38,124,1.284
2,38,125,1.2392
2,38,126,1.2778
2,38,127,1.2195
2,38,128,1.3066
2,38,129,1.2825
2,38,130,1.2993
2,38,131,1.2742
2,38,132,1.2117
2,38,133,1.3505
2,38,134,1.3326
2,38,135,1.3517
2,38,136,1.3556
2,38,137,1.2211
2,38,138,1.2692
2,38,139,1.2388
2,38,140,1.4337
2,38,141,1.284
2,38,142,1.2951
2,38,143,1.3949
2,38,144,1.3449
2,38,145,1.3357
2,38,146,1.2472
2,38,147,1.3513
2,38,148,1.3213
2,38,149,1.2974
2,38,150,1.3482
2,38,151,1.3014
2,38,152,1.3429
2,38,153,1.3567
2,38,154,1.358
2,38,155,1.4427
2,38,156,1.243
2,38,157,1.4585
2,38,158,1.3878
2,38,159,1.3415
2,38,160,1.3829
2,38,161,1.4582
2,38,162,1.4487
2,39,1,0.99403
2,39,2,0.90489
2,39,3,0.94599
2,39,4,1.0101
2,39,5,1.0517
2,39,6,0.93944
2,39,7,1.0306
2,39,8,1.0014
2,39,9,0.94603
2,39,10,0.96586
2,39,11,1.0078
2,39,12,0.90278
2,39,13,1.006
2,39,14,1.0653
2,39,15,1.0054
2,39,16,1.0479
2,39,17,1.0083
2,39,18,0.95284
2,39,19,0.9592
2,39,20,0.93439
2,39,21,0.99807
2,39,22,1.0544
2,39,23,0.95213
2,39,24,1.1352
2,39,25,0.99024
2,39,26,1.0234
2,39,27,1.0352
2,39,28,1.058
2,39,29,0.94333
2,39,30,0.95501
2,39,31,1.0402
2,39,32,1.0236
2,39,33,0.94591
2,39,34,1.0402
2,39,35,1.1023
2,39,36,1.0581
2,39,37,1.1001
2,39,38,1.0403
2,39,39,1.0166
2,39,40,0.98872
2,39,41,1.0927
2,39,42,0.98766
2,39,43,1.021
2,39,44,1.116
2,39,45,1.089
2,39,46,1.1089
2,39,47,1.1215
2,39,48,1.1229
2,39,49,1.0892
2,39,50,1.0138
2,39,51,1.1387
2,39,52,0.96647
2,39,53,1.1189
2,39,54,1.0993
2,39,55,1.0294
2,39,56,1.0868
2,39,57,1.1429
2,39,58,1.0984
2,39,59,1.1422
2,39,60,1.1854
2,39,61,1.0759
2,39,62,1.1287
2,39,63,1.1843
2,39,64,1.0833
2,39,65,1.0118
2,39,66,1.1105
2,39,67,1.1611
2,39,68,1.1196
2,39,69,1.1701
2,39,70,1.143
2,39,71,1.1189
2,39,72,1.1296
2,39,73,1.2291
2,39,74,1.1952
2,39,75,1.2171
2,39,76,1.1596
2,39,77,1.2039
2,39,78,1.2172
2,39,79,1.0755
2,39,80,1.0816
2,39,81,1.2131
2,39,82,1.2401
2,39,83,1.1067
2,39,84,1.1873
2,39,85,1.2716
2,39,86,1.2086
2,39,87,1.1123
2,39,88,1.1706
2,39,89,1.1328
2,39,90,1.2307
2,39,91,1.1399
2,39,92,1.1992
2,39,93,1.1633
2,39,94,1.2023
2,39,95,1.1484
2,39,96,1.2169
2,39,97,1.1655
2,39,98,1.2719
2,39,99,1.2611
2,39,100,1.2002
2,39,101,1.1389
2,39,102,1.2881
2,39,103,1.2769
2,39,104,1.1906
2,39,105,1.2686
2,39,106,1.2756
2,39,107,1.2498
2,39,108,1.2615
2,39,109,1.2615
2,39,110,1.2849
2,39,111,1.2118
2,39,112,1.2374
2,39,113,1.3285
2,39,114,1.2465
2,39,115,1.1973
2,39,116,1.2174
2,39,117,1.2461
2,39,118,1.2066
2,39,119,1.2726
2,39,120,1.1479
2,39,121,1.2447
2,39,122,1.331
2,39,123,1.2965
2,39,124,1.1995
2,39,125,1.1926
2,39,126,1.3997
2,39,127,1.2852
2,39,128,1.1963
2,39,129,1.3467
2,39,130,1.2653
2,39,131,1.315
2,39,132,1.3903
2,39,133,1.3093
2,39,134,1.267
2,39,135,1.2376
2,39,136,1.3159
2,39,137,1.3725
2,39,138,1.3175
2,39,139,1.2931
2,39,140,1.2247
2,39,141,1.3414
2,39,142,1.2159
2,39,143,1.3173
2,39,144,1.2656
2,39,145,1.3404
2,39,146,1.2702
2,39,147,1.2944
2,39,148,1.2817
2,39,149,1.3304
2,39,150,1.3348
2,39,151,1.3076
2,39,152,1.4
2,39,153,1.3087
2,39,154,1.3256
2,39,155,1.2989
2,39,156,1.2958
2,39,157,1.3515
2,39,158,1.3726
2,39,159,1.4141
2,39,160,1.3722
2,39,161,1.4062
2,39,162,1.3559
2,39,163,1.39
2,39,164,1.4421
2,39,165,1.416
2,39,166,1.3135
2,39,167,1.4151
2,39,168,1.276
2,39,169,1.3873
2,40,1,1.045
2,40,2,0.88536
2,40,3,0.97276
2,40,4,0.92288
2,40,5,1.034
2,40,6,0.98394
2,40,7,0.98627
2,40,8,1.0752
2,40,9,0.99912
2,40,10,0.9944
2,40,11,0.94812
2,40,12,1.0207
2,40,13,0.9766
2,40,14,0.85491
2,40,15,1.0409
2,40,16,0.95195
2,40,17,0.93114
2,40,18,0.95545
2,40,19,0.99765
2,40,20,0.96923
2,40,21,0.92915
2,40,22,1.0939
2,40,23,1.0175
2,40,24,0.99496
2,40,25,1.0399
2,40,26,0.98805
2,40,27,0.97285
2,40,28,1.0384
2,40,29,1.1337
2,40,30,1.0361
2,40,31,1.0031
2,40,32,0.96825
2,40,33,0.96106
2,40,34,1.1217
2,40,35,1.0798
2,40,36,1.0583
2,40,37,1.0457
2,40,38,1.0558
2,40,39,1.0824
2,40,40,1.0561
2,40,41,1.0429
2,40,42,1.0286
2,40,43,1.0298
2,40,44,0.98648
2,40,45,0.9541
2,40,46,1.0862
2,40,47,0.99421
2,40,48,1.1119
2,40,49,1.1002
2,40,50,1.1294
2,40,51,1.0376
2,40,52,1.0861
2,40,53,1.0459
2,40,54,1.0658
2,40,55,1.0913
2,40,56,1.0814
2,40,57,1.0756
2,40,58,1.1107
2,40,59,1.0848
2,40,60,1.1194
2,40,61,1.0344
2,40,62,1.0387
2,40,63,1.1025
2,40,64,1.1245
2,40,65,1.2238
2,40,66,1.1902
2,40,67,1.1657
2,40,68,1.0656
2,40,69,1.0674
2,40,70,1.2143
2,40,71,1.1333
2,40,72,1.2383
2,40,73,1.2169
2,40,74,1.1388
2,40,75,1.1626
2,40,76,1.2071
2,40,77,1.1662
2,40,78,1.0722
2,40,79,1.2866
2,40,80,1.1644
2,40,81,1.1562
2,40,82,1.1734
2,40,83,1.1185
2,40,84,1.1581
2,40,85,1.1774
2,40,86,1.1639
2,40,87,1.2426
2,40,88,1.2453
2,40,89,1.2653
2,40,90,1.1478
2,40,91,1.1798
2,40,92,1.2294
2,40,93,1.1973
2,40,94,1.2386
2,40,95,1.184
2,40,96,1.1524
2,40,97,1.2078
2,40,98,1.1722
2,40,99,1.3086
2,40,100,1.2455
2,40,101,1.2385
2,40,102,1.2502
2,40,103,1.2389
2,40,104,1.3043
2,40,105,1.1345
2,40,106,1.3161
2,40,107,1.2919
2,40,108,1.2842
2,40,109,1.2565
2,40,110,1.2773
2,40,111,1.2515
2,40,112,1.2612
2,40,113,1.2525
2,40,114,1.1861
2,40,115,1.2755
2,40,116,1.3133
2,40,117,1.2569
2,40,118,1.296
2,40,119,1.2416
2,40,120,1.1917
2,40,121,1.263
2,40,122,1.281
2,40,123,1.2212
2,40,124,1.2399
2,40,125,1.3017
2,40,126,1.3486
2,40,127,1.3317
2,40,128,1.3218
2,40,129,1.2496
2,40,130,1.2951
2,40,131,1.375
2,40,132,1.2395
2,40,133,1.2271
2,40,134,1.2458
2,40,135,1.3236
2,40,136,1.3337
2,40,137,1.3589
2,40,138,1.3822
2,40,139,1.3327
2,40,140,1.3801
2,40,141,1.3128
2,40,142,1.2747
2,40,143,1.3606
2,40,144,1.281
2,40,145,1.3747
2,40,146,1.3894
2,40,147,1.2988
2,40,148,1.4447
2,40,149,1.3179
2,40,150,1.3718
2,40,151,1.4292
2,40,152,1.3442
2,40,153,1.322
2,40,154,1.3394
2,40,155,1.3253
2,40,156,1.3196
2,40,157,1.3033
2,40,158,1.3558
2,40,159,1.4792
2,40,160,1.3067
2,40,161,1.3925
2,40,162,1.3091
2,40,163,1.3201
3,101,1,0.90255
3,101,2,0.95316
3,101,3,1.0321
3,101,4,0.95487
3,101,5,0.9521
3,101,6,1.0021
3,101,7,1.0511
3,101,8,0.96898
3,101,9,1.0028
3,101,10,0.98417
3,101,11,0.80172
3,101,12,0.90492
3,101,13,1.0949
3,101,14,0.90612
3,101,15,0.92717
3,101,16,0.85855
3,101,17,0.99865
3,101,18,0.98912
3,101,19,1.0258
3,101,20,1.0148
3,101,21,0.99843
3,101,22,1.0399
3,101,23,1.0541
3,101,24,1.0051
3,101,25,1.0237
3,101,26,1.0913
3,101,27,0.93479
3,101,28,1.0005
3,101,29,0.86994
3,101,30,0.9646
3,101,31,1.076
3,101,32,0.94255
3,101,33,0.92977
3,101,34,0.90998
3,101,35,0.97772
3,101,36,0.98222
3,101,37,0.96673
3,101,38,0.92441
3,101,39,0.90513
3,101,40,1.1044
3,101,41,0.95275
3,101,42,0.99904
3,101,43,1.0763
3,101,44,0.98608
3,101,45,1.1013
3,101,46,1.0174
3,101,47,0.88167
3,101,48,0.96861
3,101,49,1.016
3,101,50,1.077
3,101,51,1.0856
3,101,52,1.0646
3,101,53,1.0078
3,101,54,1.1076
3,101,55,0.94444
3,101,56,0.93645
3,101,57,0.97492
3,101,58,1.1195
3,101,59,0.94022
3,101,60,0.99009
3,101,61,1.0036
3,101,62,1.0207
3,101,63,1.0679
3,101,64,1.0739
3,101,65,1.1453
3,101,66,1.0906
3,101,67,1.0296
3,101,68,1.0105
3,101,69,1.021
3,101,70,1.0796
3,101,71,1.034
3,101,72,0.95607
3,101,73,1.0443
3,101,74,1.0007
3,101,75,1.0538
3,101,76,0.98002
3,101,77,1.0652
3,101,78,1.0394
3,101,79,1.0044
3,101,80,1.0245
3,101,81,1.1905
3,101,82,1.0495
3,101,83,1.138
3,101,84,1.0554
3,101,85,1.0532
3,101,86,1.0325
3,101,87,0.99759
3,101,88,1.0723
3,101,89,1.0422
3,101,90,1.1689
3,101,91,1.0654
3,101,92,1.1432
3,101,93,1.0905
3,101,94,1.1281
3,101,95,1.1102
3,101,96,1.0225
3,101,97,1.0493
3,101,98,1.1176
3,101,99,1.0799
3,101,100,1.0639
3,101,101,1.1083
3,101,102,1.1888
3,101,103,1.236
3,101,104,1.1265
3,101,105,1.1304
3,101,106,1.1558
3,101,107,1.1104
3,101,108,1.2085
3,101,109,1.0893
3,101,110,1.1294
3,101,111,1.0211
3,101,112,1.1204
3,101,113,1.0587
3,101,114,1.1626
3,101,115,1.1787
3,101,116,1.1079
3,101,117,1.167
3,101,118,1.1982
3,101,119,1.0448
3,101,120,1.0863
3,101,121,1.3038
3,101,122,1.0543
3,101,123,1.0957
3,101,124,1.2563
3,101,125,1.1672
3,101,126,1.1107
3,101,127,1.253
3,101,128,1.1402
3,101,129,1.1786
3,101,130,1.279
3,101,131,1.1474
3,101,132,1.1365
3,101,133,1.1546
3,101,134,1.0713
3,101,135,1.1204
3,101,136,1.1972
3,101,137,1.2176
3,101,138,1.2179
3,101,139,1.3481
3,102,1,0.84584
3,102,2,0.96794
3,102,3,0.90555
3,102,4,0.98385
3,102,5,0.96072
3,102,6,1.028
3,102,7,0.98252
3,102,8,0.92557
3,102,9,0.90938
3,102,10,0.94958
3,102,11,0.90021
3,102,12,0.9303
3,102,13,0.99193
3,102,14,0.98921
3,102,15,1.1195
3,102,16,0.99502
3,102,17,0.93213
3,102,18,0.8626
3,102,19,0.91033
3,102,20,0.96967
3,102,21,0.97578
3,102,22,0.97971
3,102,23,0.98952
3,102,24,1.0059
3,102,25,1.0135
3,102,26,0.89547
3,102,27,0.88408
3,102,28,0.91492
3,102,29,0.95319
3,102,30,1.0569
3,102,31,1.0952
3,102,32,0.89352
3,102,33,0.9398
3,102,34,0.9365
3,102,35,1.0452
3,102,36,1.0397
3,102,37,0.99909
3,102,38,0.91164
3,102,39,0.96871
3,102,40,1.0389
3,102,41,1.0295
3,102,42,0.98205
3,102,43,0.9709
3,102,44,0.86703
3,102,45,0.97629
3,102,46,1.0656
3,102,47,1.0883
3,102,48,0.98144
3,102,49,1.0974
3,102,50,1.0047
3,102,51,1.0226
3,102,52,1.0642
3,102,53,0.99624
3,102,54,0.92443
3,102,55,0.94649
3,102,56,1.0584
3,102,57,1.0897
3,102,58,0.93889
3,102,59,0.91493
3,102,60,0.94689
3,102,61,1.1102
3,102,62,0.9883
3,102,63,1.1497
3,102,64,1.0765
3,102,65,0.98986
3,102,66,0.90575
3,102,67,0.947
3,102,68,0.99655
3,102,69,1.0994
3,102,70,1.049
3,102,71,1.1415
3,102,72,1.0479
3,102,73,0.99588
3,102,74,1.0006
3,102,75,1.04
3,102,76,1.0469
3,102,77,1.0114
3,102,78,0.87921
3,102,79,1.0515
3,102,80,1.0836
3,102,81,1.0628
3,102,82,1.073
3,102,83,1.0669
3,102,84,1.088
3,102,85,1.017
3,102,86,1.0741
3,102,87,1.1608
3,102,88,1.084
3,102,89,1.1247
3,102,90,1.109
3,102,91,1.0765
3,102,92,1.139
3,102,93,1.0829
3,102,94,1.1337
3,102,95,1.0742
3,102,96,1.1226
3,102,97,1.0771
3,102,98,0.96188
3,102,99,1.059
3,102,100,1.0565
3,102,101,1.0282
3,102,102,1.1027
3,102,103,1.0666
3,102,104,1.147
3,102,105,1.0471
3,102,106,1.0957
3,102,107,1.0026
3,102,108,1.0349
3,102,109,1.1076
3,102,110,1.1391
3,102,111,1.0089
3,102,112,1.1368
3,102,113,1.1455
3,102,114,1.0237
3,102,115,1.1474
3,102,116,1.0951
3,102,117,1.2121
3,102,118,1.0471
3,102,119,1.1098
3,102,120,1.0767
3,102,121,1.0548
3,102,122,1.0258
3,102,123,1.1672
3,102,124,1.2152
3,102,125,1.1799
3,102,126,1.235
3,102,127,1.1107
3,102,128,1.2078
3,102,129,1.1291
3,102,130,1.301
3,102,131,1.0869
3,102,132,1.2322
3,102,133,1.188
3,102,134,1.0792
3,102,135,1.31
3,102,136,1.1992
3,102,137,1.2252
3,102,138,1.151
3,102,139,1.2123
3,102,140,1.2209
3,102,141,1.1581
3,102,142,1.257
3,102,143,1.159
3,102,144,1.1454
3,102,145,1.2716
3,102,146,1.3252
3,102,147,1.2117
3,102,148,1.2391
3,102,149,1.2303
3,102,150,1.1079
3,102,151,1.2652
3,102,152,1.1881
3,102,153,1.2666
3,102,154,1.2743
3,103,1,0.973
3,103,2,1.0318
3,103,3,1.0909
3,103,4,0.93362
3,103,5,0.8991
3,103,6,0.9837
3,103,7,0.88226
3,103,8,1.0231
3,103,9,0.89875
3,103,10,0.93261
3,103,11,0.89793
3,103,12,0.92647
3,103,13,0.96582
3,103,14,0.98588
3,103,15,0.91484
3,103,16,0.95211
3,103,17,0.90772
3,103,18,0.98738
3,103,19,1.0506
3,103,20,1.0618
3,103,21,1.0626
3,103,22,0.89437
3,103,23,1.0068
3,103,24,1.0157
3,103,25,0.92724
3,103,26,0.95579
3,103,27,0.90753
3,103,28,1.0572
3,103,29,1.0916
3,103,30,0.91354
3,103,31,1.0212
3,103,32,1.0038
3,103,33,0.91384
3,103,34,0.99074
3,103,35,1.0518
3,103,36,1.0131
3,103,37,1.0184
3,103,38,0.92494
3,103,39,1.1045
3,103,40,1.1211
3,103,41,1.1345
3,103,42,1.034
3,103,43,1.0618
3,103,44,1.0499
3,103,45,1.0292
3,103,46,1.0338
3,103,47,0.95128
3,103,48,0.99036
3,103,49,0.89223
3,103,50,1.0129
3,103,51,1.1427
3,103,52,1.031
3,103,53,0.9765
3,103,54,1.0896
3,103,55,1.0046
3,103,56,0.91275
3,103,57,0.99596
3,103,58,0.9438
3,103,59,1.0463
3,103,60,1.0458
3,103,61,0.96889
3,103,62,1.0834
3,103,63,1.0801
3,103,64,1.0378
3,103,65,0.99555
3,103,66,1.0724
3,103,67,0.99899
3,103,68,1.0043
3,103,69,1.0358
3,103,70,0.96867
3,103,71,1.1582
3,103,72,0.99954
3,103,73,1.1144
3,103,74,0.96905
3,103,75,1.1446
3,103,76,1.0579
3,103,77,1.0289
3,103,78,0.98658
3,103,79,1.0259
3,103,80,1.0449
3,103,81,1.0318
3,103,82,1.1042
3,103,83,1.0523
3,103,84,0.98039
3,103,85,1.0167
3,103,86,1.049
3,103,87,0.94396
3,103,88,1.1462
3,103,89,1.1297
3,103,90,1.034
3,103,91,1.0559
3,103,92,1.1197
3,103,93,1.0411
3,103,94,1.1863
3,103,95,1.1059
3,103,96,1.0915
3,103,97,1.0997
3,103,98,1.1571
3,103,99,1.0465
3,103,100,1.0216
3,103,101,1.0832
3,103,102,1.0708
3,103,103,1.1696
3,103,104,0.95924
3,103,105,1.1493
3,103,106,0.9893
3,103,107,1.2308
3,103,108,1.1963
3,103,109,1.0632
3,103,110,1.0831
3,103,111,1.2132
3,103,112,1.1863
3,103,113,1.0604
3,103,114,1.065
3,103,115,1.1827
3,103,116,1.1024
3,103,117,1.1613
3,103,118,1.17
3,103,119,1.2005
3,103,120,1.1647
3,103,121,1.1401
3,103,122,1.184
3,103,123,1.2005
3,103,124,1.2187
3,103,125,1.2009
3,103,126,1.1103
3,103,127,1.1606
3,103,128,1.1603
3,103,129,1.1308
3,103,130,1.1468
3,103,131,1.2436
3,103,132,1.1327
3,103,133,1.1574
3,103,134,1.2625
3,103,135,1.2056
3,103,136,1.196
3,103,137,1.264
3,103,138,1.2736
3,103,139,1.1158
3,103,140,1.077
3,103,141,1.1784
3,103,142,1.2677
3,103,143,1.2113
3,103,144,1.1592
3,103,145,1.1814
3,104,1,0.86219
3,104,2,0.99117
3,104,3,0.91232
3,104,4,0.81262
3,104,5,1.0594
3,104,6,0.89139
3,104,7,0.92975
3,104,8,1.0882
3,104,9,1.0383
3,104,10,1.0595
3,104,11,1.1022
3,104,12,1.0476
3,104,13,0.99109
3,104,14,0.93478
3,104,15,1.0049
3,104,16,0.97318
3,104,17,0.99672
3,104,18,0.91548
3,104,19,0.90204
3,104,20,0.90291
3,104,21,0.91799
3,104,22,1.0417
3,104,23,1.0218
3,104,24,1.0518
3,104,25,0.99266
3,104,26,0.9937
3,104,27,0.92718
3,104,28,1.0124
3,104,29,0.98635
3,104,30,0.91281
3,104,31,0.99822
3,104,32,1.0269
3,104,33,0.97166
3,104,34,0.93248
3,104,35,0.99748
3,104,36,1.0163
3,104,37,0.98888
3,104,38,1.08
3,104,39,1.1711
3,104,40,0.95566
3,104,41,1.0459
3,104,42,1.1061
3,104,43,0.86225
3,104,44,1.0776
3,104,45,1.0053
3,104,46,1.0039
3,104,47,1.0088
3,104,48,1.0396
3,104,49,0.91753
3,104,50,1.0691
3,104,51,1.0699
3,104,52,0.97223
3,104,53,1.0102
3,104,54,1.0592
3,104,55,1.0151
3,104,56,1.0675
3,104,57,0.98446
3,104,58,1.0682
3,104,59,1.0585
3,104,60,0.95559
3,104,61,1.0115
3,104,62,1.007
3,104,63,1.1919
3,104,64,0.9867
3,104,65,1.123
3,104,66,1.0865
3,104,67,0.97015
3,104,68,1.0444
3,104,69,1.169
3,104,70,1.0805
3,104,71,1.012
3,104,72,1.0459
3,104,73,1.0571
3,104,74,1.0909
3,104,75,1.0348
3,104,76,1.0003
3,104,77,1.0432
3,104,78,1.1777
3,104,79,1.0107
3,104,80,1.1082
3,104,81,1.1391
3,104,82,1.0658
3,104,83,1.0871
3,104,84,0.99653
3,104,85,1.0136
3,104,86,1.0909
3,104,87,0.96017
3,104,88,1.1795
3,104,89,1.0925
3,104,90,1.1358
3,104,91,1.1269
3,104,92,1.2165
3,104,93,1.2632
3,104,94,1.2117
3,104,95,1.042
3,104,96,1.0472
3,104,97,1.0934
3,104,98,1.1382
3,104,99,1.1581
3,104,100,1.0551
3,104,101,1.2432
3,104,102,1.0865
3,104,103,1.2027
3,104,104,1.1225
3,104,105,1.1356
3,104,106,1.0937
3,104,107,0.98678
3,104,108,1.1773
3,104,109,1.1266
3,104,110,1.1306
3,104,111,1.1267
3,104,112,1.0236
3,104,113,1.1047
3,104,114,1.1232
3,104,115,1.1796
3,104,116,1.2741
3,104,117,1.1227
3,104,118,1.2307
3,104,119,1.1435
3,104,120,1.2046
3,104,121,1.2554
3,104,122,1.162
3,104,123,1.155
3,104,124,1.168
3,104,125,1.1276
3,104,126,1.2631
3,104,127,1.0917
3,104,128,1.1821
3,104,129,1.252
3,104,130,1.2309
3,104,131,1.2022
3,105,1,0.98233
3,105,2,0.90813
3,105,3,0.99033
3,105,4,1.0042
3,105,5,0.95752
3,105,6,0.97938
3,105,7,1.0819
3,105,8,0.8773
3,105,9,0.9399
3,105,10,0.97477
3,105,11,0.99387
3,105,12,1.0096
3,105,13,0.97271
3,105,14,1.1083
3,105,15,0.89535
3,105,16,0.99133
3,105,17,0.89608
3,105,18,0.92719
3,105,19,0.84181
3,105,20,0.98133
3,105,21,1.0946
3,105,22,1.1084
3,105,23,1.0248
3,105,24,1.0282
3,105,25,0.8582
3,105,26,0.93178
3,105,27,0.95723
3,105,28,1.001
3,105,29,1.006
3,105,30,0.97642
3,105,31,1.0927
3,105,32,0.92888
3,105,33,0.98985
3,105,34,0.93306
3,105,35,0.95884
3,105,36,1.0233
3,105,37,0.92974
3,105,38,0.90664
3,105,39,0.94912
3,105,40,0.93003
3,105,41,1.0309
3,105,42,1.0306
3,105,43,0.85546
3,105,44,1.0128
3,105,45,1.0558
3,105,46,0.99865
3,105,47,1.0458
3,105,48,0.97079
3,105,49,0.89833
3,105,50,0.9902
3,105,51,0.87305
3,105,52,0.89442
3,105,53,0.95279
3,105,54,1.0603
3,105,55,1.0141
3,105,56,0.98025
3,105,57,0.96997
3,105,58,1.099
3,105,59,1.0446
3,105,60,0.98663
3,105,61,1.1128
3,105,62,1.1427
3,105,63,1.0598
3,105,64,1.0108
3,105,65,0.98859
3,105,66,1.0084
3,105,67,0.99227
3,105,68,0.99081
3,105,69,1.0899
3,105,70,1.0203
3,105,71,1.0739
3,105,72,1.0231
3,105,73,1.1702
3,105,74,1.0217
3,105,75,1.0561
3,105,76,1.0992
3,105,77,0.98964
3,105,78,1.2246
3,105,79,1.022
3,105,80,0.94539
3,105,81,1.1574
3,105,82,1.0191
3,105,83,0.97177
3,105,84,1.0637
3,105,85,1.0168
3,105,86,1.1039
3,105,87,0.98897
3,105,88,1.1247
3,105,89,1.0543
3,105,90,1.0773
3,105,91,1.0689
3,105,92,1.1809
3,105,93,1.1887
3,105,94,1.0188
3,105,95,0.93346
3,105,96,1.1648
3,105,97,1.0474
3,105,98,1.1114
3,105,99,1.0004
3,105,100,1.1306
3,105,101,1.1244
3,105,102,0.99915
3,105,103,1.0113
3,105,104,1.0938
3,105,105,1.0385
3,105,106,1.0711
3,105,107,1.0628
3,105,108,1.0273
3,105,109,1.1007
3,105,110,1.1375
3,105,111,1.0623
3,105,112,1.0882
3,105,113,1.1293
3,105,114,1.0696
3,105,115,1.0248
3,105,116,1.0285
3,105,117,1.0629
3,105,118,1.2118
3,105,119,1.1199
3,105,120,1.2132
3,105,121,1.0984
3,105,122,1.1942
3,105,123,1.2134
3,105,124,1.0643
3,105,125,1.1311
3,105,126,1.1589
3,105,127,1.1094
3,105,128,1.1378
3,105,129,1.1511
3,105,130,1.1276
3,105,131,1.2309
3,105,132,1.0814
3,105,133,1.2239
3,105,134,1.2293
3,105,135,1.0459
3,105,136,1.2254
3,105,137,1.1946
3,105,138,1.3148
3,105,139,1.1612
3,105,140,1.284
3,105,141,1.0986
3,105,142,1.1791
3,105,143,1.2626
3,105,144,1.195
3,105,145,1.1864
3,105,146,1.1797
3,105,147,1.2287
3,105,148,1.063
3,105,149,1.2652
3,106,1,1.0602
3,106,2,0.93674
3,106,3,0.94195
3,106,4,1.0462
3,106,5,0.90384
3,106,6,0.96881
3,106,7,0.85469
3,106,8,0.9156
3,106,9,0.87268
3,106,10,0.87415
3,106,11,1.0154
3,106,12,0.97303
3,106,13,1.0628
3,106,14,0.97285
3,106,15,0.88907
3,106,16,0.97271
3,106,17,1.0353
3,106,18,0.97068
3,106,19,1.0502
3,106,20,0.90478
3,106,21,1.0205
3,106,22,1.0936
3,106,23,1.0384
3,106,24,1.0318
3,106,25,1.0074
3,106,26,0.99568
3,106,27,0.84839
3,106,28,1.0212
3,106,29,0.97936
3,106,30,0.97212
3,106,31,1.0471
3,106,32,0.95741
3,106,33,0.92743
3,106,34,1.0775
3,106,35,1.0912
3,106,36,0.96887
3,106,37,1.1359
3,106,38,0.91312
3,106,39,0.98197
3,106,40,1.1024
3,106,41,0.97238
3,106,42,1.0382
3,106,43,0.88769
3,106,44,1.0009
3,106,45,0.9965
3,106,46,0.9549
3,106,47,0.89173
3,106,48,0.92636
3,106,49,1.0689
3,106,50,1.0198
3,106,51,1.0466
3,106,52,1.0367
3,106,53,1.0138
3,106,54,1.0136
3,106,55,0.95243
3,106,56,1.0737
3,106,57,1.0803
3,106,58,0.97962
3,106,59,0.92481
3,106,60,1.0314
3,106,61,0.9842
3,106,62,0.9609
3,106,63,0.99891
3,106,64,0.95822
3,106,65,1.0041
3,106,66,1.0272
3,106,67,1.0809
3,106,68,1.0054
3,106,69,1.0448
3,106,70,1.0343
3,106,71,1.0312
3,106,72,1.086
3,106,73,1.1175
3,106,74,1.072
3,106,75,1.0728
3,106,76,1.0
3,106,77,1.1096
3,106,78,0.99163
3,106,79,1.0509
3,106,80,1.0966
3,106,81,1.0545
3,106,82,0.93951
3,106,83,1.0922
3,106,84,0.98566
3,106,85,1.1671
3,106,86,1.0421
3,106,87,1.192
3,106,88,1.0115
3,106,89,1.0921
3,106,90,1.1567
3,106,91,1.0572
3,106,92,0.95622
3,106,93,0.96999
3,106,94,0.996
3,106,95,1.1159
3,106,96,1.0319
3,106,97,1.0449
3,106,98,1.0794
3,106,99,1.1893
3,106,100,1.1129
3,106,101,1.0915
3,106,102,1.2228
3,106,103,1.2242
3,106,104,1.0507
3,106,105,1.0648
3,106,106,1.1942
3,106,107,1.1872
3,106,108,1.2205
3,106,109,1.1276
3,106,110,1.1653
3,106,111,1.0699
3,106,112,1.1173
3,106,113,1.0538
3,106,114,1.1404
3,106,115,1.1613
3,106,116,1.214
3,106,117,1.0908
3,106,118,1.1671
3,106,119,1.1344
3,106,120,1.2557
3,106,121,1.2073
3,106,122,1.2168
3,106,123,1.1772
3,106,124,1.1819
3,106,125,1.1992
3,106,126,1.1586
3,106,127,1.3022
3,106,128,1.1163
3,106,129,1.1414
3,106,130,1.2095
3,106,131,1.2376
3,106,132,1.1681
3,106,133,1.2313
3,107,1,0.94474
3,107,2,1.0989
3,107,3,0.81015
3,107,4,0.98427
3,107,5,0.94855
3,107,6,0.83588
3,107,7,1.055
3,107,8,1.0058
3,107,9,0.84772
3,107,10,1.1082
3,107,11,0.99843
3,107,12,0.95515
3,107,13,0.99684
3,107,14,1.0693
3,107,15,1.0161
3,107,16,1.0143
3,107,17,1.0289
3,107,18,1.0337
3,107,19,1.0595
3,107,20,0.88705
3,107,21,1.1071
3,107,22,1.0151
3,107,23,0.8766
3,107,24,1.0044
3,107,25,1.0298
3,107,26,0.97452
3,107,27,1.0404
3,107,28,0.99133
3,107,29,0.99666
3,107,30,0.8943
3,107,31,1.0384
3,107,32,0.95165
3,107,33,1.0167
3,107,34,0.95719
3,107,35,0.96892
3,107,36,1.0806
3,107,37,0.94628
3,107,38,0.97571
3,107,39,0.99075
3,107,40,1.0759
3,107,41,0.98768
3,107,42,0.94723
3,107,43,0.93547
3,107,44,0.92222
3,107,45,1.0651
3,107,46,1.0725
3,107,47,1.073
3,107,48,0.94696
3,107,49,1.0247
3,107,50,0.97704
3,107,51,1.0939
3,107,52,0.89961
3,107,53,0.97394
3,107,54,1.0344
3,107,55,0.94075
3,107,56,0.89089
3,107,57,0.95692
3,107,58,0.95422
3,107,59,1.029
3,107,60,1.0711
3,107,61,0.86602
3,107,62,0.94173
3,107,63,1.0336
3,107,64,1.0929
3,107,65,1.0831
3,107,66,0.99133
3,107,67,1.1007
3,107,68,0.96961
3,107,69,0.96866
3,107,70,1.0928
3,107,71,1.0833
3,107,72,0.98861
3,107,73,0.93925
3,107,74,1.0469
3,107,75,1.1001
3,107,76,1.06
3,107,77,1.1817
3,107,78,0.97165
3,107,79,1.0278
3,107,80,1.1859
3,107,81,1.0735
3,107,82,1.0404
3,107,83,1.0932
3,107,84,0.98577
3,107,85,1.0886
3,107,86,1.131
3,107,87,1.0127
3,107,88,1.0477
3,107,89,1.0552
3,107,90,1.1061
3,107,91,1.0197
3,107,92,0.99886
3,107,93,1.1232
3,107,94,1.0748
3,107,95,1.0501
3,107,96,1.0753
3,107,97,1.0537
3,107,98,1.1067
3,107,99,1.0059
3,107,100,0.96518
3,107,101,1.1211
3,107,102,1.0904
3,107,103,1.0838
3,107,104,1.014
3,107,105,1.0339
3,107,106,1.134
3,107,107,1.1276
3,107,108,1.1411
3,107,109,1.105
3,107,110,1.2333
3,107,111,1.1708
3,107,112,1.1161
3,107,113,1.1782
3,107,114,1.1503
3,107,115,1.0581
3,107,116,1.1013
3,107,117,1.0607
3,107,118,1.187
3,107,119,1.1537
3,107,120,1.0459
3,107,121,1.0616
3,107,122,1.2406
3,107,123,1.162
3,107,124,1.1118
3,107,125,1.2111
3,107,126,1.0358
3,107,127,1.0696
3,107,128,1.1265
3,107,129,1.2514
3,107,130,1.0563
3,107,131,1.1723
3,107,132,1.262
3,107,133,1.0696
3,107,134,1.2807
3,107,135,1.1795
3,107,136,1.259
3,107,137,1.2582
3,107,138,1.2043
3,107,139,1.23
3,107,140,1.291
3,107,141,1.2044
3,107,142,1.2433
3,107,143,1.1363
3,108,1,0.98911
3,108,2,0.98387
3,108,3,0.91553
3,108,4,0.85806
3,108,5,0.86592
3,108,6,0.88759
3,108,7,0.92418
3,108,8,1.0302
3,108,9,1.0631
3,108,10,0.9322
3,108,11,0.94092
3,108,12,1.064
3,108,13,0.93558
3,108,14,0.90929
3,108,15,0.95806
3,108,16,0.95696
3,108,17,1.0354
3,108,18,0.98945
3,108,19,0.92733
3,108,20,0.94605
3,108,21,1.0451
3,108,22,1.0022
3,108,23,0.96855
3,108,24,0.89477
3,108,25,1.0931
3,108,26,0.9804
3,108,27,0.94618
3,108,28,1.007
3,108,29,1.008
3,108,30,0.93706
3,108,31,0.85495
3,108,32,1.0224
3,108,33,0.93003
3,108,34,1.0204
3,108,35,0.96855
3,108,36,0.97848
3,108,37,0.93556
3,108,38,0.89598
3,108,39,0.96957
3,108,40,0.93992
3,108,41,1.1191
3,108,42,1.0515
3,108,43,0.90687
3,108,44,0.99991
3,108,45,1.0377
3,108,46,0.94867
3,108,47,0.99179
3,108,48,0.93882
3,108,49,0.95873
3,108,50,0.97708
3,108,51,0.91978
3,108,52,0.97021
3,108,53,0.95858
3,108,54,1.0513
3,108,55,1.018
3,108,56,0.90929
3,108,57,1.1381
3,108,58,1.0048
3,108,59,1.0949
3,108,60,0.99608
3,108,61,0.98414
3,108,62,1.0048
3,108,63,0.99322
3,108,64,1.0522
3,108,65,0.93866
3,108,66,1.0516
3,108,67,0.95364
3,108,68,0.9627
3,108,69,0.9253
3,108,70,1.097
3,108,71,1.0041
3,108,72,1.0233
3,108,73,0.97837
3,108,74,1.061
3,108,75,0.96321
3,108,76,1.0255
3,108,77,0.89781
3,108,78,1.0393
3,108,79,1.1246
3,108,80,1.1057
3,108,81,0.97379
3,108,82,1.0941
3,108,83,1.0913
3,108,84,1.0206
3,108,85,1.0264
3,108,86,0.99506
3,108,87,1.0423
3,108,88,1.0034
3,108,89,1.0348
3,108,90,1.1456
3,108,91,1.0323
3,108,92,0.99771
3,108,93,1.1377
3,108,94,1.0206
3,108,95,1.0518
3,108,96,1.1281
3,108,97,1.0716
3,108,98,1.0245
3,108,99,1.0604
3,108,100,0.99466
3,108,101,1.1142
3,108,102,1.1263
3,108,103,1.1975
3,108,104,1.0955
3,108,105,1.1254
3,108,106,1.1474
3,108,107,1.0865
3,108,108,1.0375
3,108,109,1.2125
3,108,110,1.192
3,108,111,1.0993
3,108,112,1.1558
3,108,113,1.0591
3,108,114,1.1749
3,108,115,1.0845
3,108,116,1.08
3,108,117,1.0329
3,108,118,1.0658
3,108,119,1.1575
3,108,120,1.0982
3,108,121,1.0966
3,108,122,1.0868
3,108,123,1.0139
3,108,124,1.1109
3,108,125,1.064
3,108,126,1.2326
3,108,127,1.1028
3,108,128,1.18
3,108,129,1.0747
3,108,130,1.1175
3,108,131,1.1288
3,108,132,1.0982
3,108,133,1.117
3,108,134,1.1607
3,108,135,1.0587
3,108,136,1.0712
3,108,137,1.2118
3,108,138,1.2038
3,108,139,1.1448
3,108,140,1.075
3,108,141,1.1964
3,108,142,1.1919
3,108,143,1.2173
3,108,144,1.2116
3,108,145,1.2952
3,108,146,1.2293
3,108,147,1.2948
3,108,148,1.1053
3,108,149,1.297
3,108,150,1.1375
3,108,151,1.1182
3,108,152,1.262
3,108,153,1.3339
3,108,154,1.0823
3,109,1,1.0619
3,109,2,0.89078
3,109,3,0.92179
3,109,4,0.91625
3,109,5,1.0089
3,109,6,0.94618
3,109,7,0.97464
3,109,8,0.90943
3,109,9,0.91701
3,109,10,0.97499
3,109,11,0.95665
3,109,12,1.1205
3,109,13,1.0874
3,109,14,1.0214
3,109,15,1.0255
3,109,16,0.89204
3,109,17,0.9964
3,109,18,0.82594
3,109,19,0.94392
3,109,20,0.9735
3,109,21,0.96116
3,109,22,0.96078
3,109,23,1.0184
3,109,24,1.0531
3,109,25,0.90364
3,109,26,0.95413
3,109,27,1.0549
3,109,28,1.0068
3,109,29,1.1231
3,109,30,0.94305
3,109,31,0.8578
3,109,32,1.0305
3,109,33,0.96799
3,109,34,1.0747
3,109,35,1.0419
3,109,36,0.97454
3,109,37,0.95904
3,109,38,1.116
3,109,39,1.0586
3,109,40,0.97746
3,109,41,1.0204
3,109,42,0.88769
3,109,43,0.95905
3,109,44,0.89978
3,109,45,0.96138
3,109,46,0.96566
3,109,47,0.94687
3,109,48,1.0173
3,109,49,1.1403
3,109,50,0.98626
3,109,51,0.96562
3,109,52,0.94469
3,109,53,0.97038
3,109,54,1.0234
3,109,55,1.0486
3,109,56,1.0045
3,109,57,0.96273
3,109,58,1.0105
3,109,59,0.95748
3,109,60,0.91619
3,109,61,1.0849
3,109,62,0.95026
3,109,63,1.0922
3,109,64,0.95263
3,109,65,0.95914
3,109,66,1.0096
3,109,67,0.99649
3,109,68,1.0893
3,109,69,1.0667
3,109,70,0.97675
3,109,71,0.9354
3,109,72,1.0106
3,109,73,1.0788
3,109,74,1.0535
3,109,75,1.075
3,109,76,0.90927
3,109,77,1.0413
3,109,78,0.94245
3,109,79,1.0407
3,109,80,1.0809
3,109,81,1.1623
3,109,82,0.95253
3,109,83,1.0786
3,109,84,1.0381
3,109,85,0.978
3,109,86,1.0577
3,109,87,1.1374
3,109,88,1.1364
3,109,89,0.95204
3,109,90,1.0424
3,109,91,0.97381
3,109,92,0.99813
3,109,93,0.99853
3,109,94,1.1049
3,109,95,0.98415
3,109,96,0.98343
3,109,97,1.0818
3,109,98,1.1842
3,109,99,1.1803
3,109,100,0.90708
3,109,101,0.9321
3,109,102,1.1471
3,109,103,0.9806
3,109,104,1.082
3,109,105,1.1619
3,109,106,1.1441
3,109,107,0.99766
3,109,108,1.0231
3,109,109,1.0387
3,109,110,1.0589
3,109,111,1.1402
3,109,112,1.0564
3,109,113,1.2188
3,109,114,1.0662
3,109,115,1.1133
3,109,116,0.98203
3,109,117,1.1034
3,109,118,1.076
3,109,119,1.0488
3,109,120,1.1535
3,109,121,1.1864
3,109,122,1.0861
3,109,123,1.0924
3,109,124,1.0787
3,109,125,1.0736
3,109,126,1.1326
3,109,127,1.1455
3,109,128,1.1244
3,109,129,1.0953
3,109,130,1.0668
3,109,131,1.0891
3,109,132,1.0759
3,109,133,1.0637
3,109,134,1.0803
3,109,135,1.1968
3,109,136,1.014
3,109,137,1.166
3,109,138,1.0711
3,109,139,1.2116
3,109,140,1.167
3,109,141,0.99806
3,109,142,1.3153
3,109,143,1.1233
3,109,144,1.0917
3,109,145,1.1838
3,109,146,1.2382
3,109,147,1.1104
3,109,148,1.1422
3,109,149,1.2013
3,109,150,1.0541
3,109,151,1.1895
3,109,152,1.2081
3,109,153,1.1185
3,109,154,1.1568
3,109,155,1.1119
3,109,156,1.1606
3,109,157,1.254
3,109,158,1.1325
3,109,159,1.1084
3,109,160,1.2317
3,109,161,1.2095
3,109,162,1.0927
3,109,163,1.3082
3,109,164,1.1914
3,109,165,1.2997
3,109,166,1.2131
3,109,167,1.1398
3,109,168,1.1759
3,109,169,1.1278
3,110,1,0.97683
3,110,2,0.99753
3,110,3,0.92138
3,110,4,0.961
3,110,5,0.94566
3,110,6,0.99517
3,110,7,0.94208
3,110,8,1.0153
3,110,9,0.95481
3,110,10,0.9294
3,110,11,0.97765
3,110,12,0.89863
3,110,13,1.0529
3,110,14,0.91961
3,110,15,0.92589
3,110,16,0.95438
3,110,17,1.0544
3,110,18,0.93801
3,110,19,0.88003
3,110,20,0.9014
3,110,21,0.97164
3,110,22,0.89293
3,110,23,0.94399
3,110,24,1.0199
3,110,25,0.87612
3,110,26,1.0177
3,110,27,0.91752
3,110,28,0.94777
3,110,29,0.92078
3,110,30,1.0236
3,110,31,0.99957
3,110,32,0.88818
3,110,33,0.953
3,110,34,0.87259
3,110,35,0.94318
3,110,36,1.0114
3,110,37,0.93261
3,110,38,0.86171
3,110,39,1.0377
3,110,40,1.0621
3,110,41,0.92817
3,110,42,0.96318
3,110,43,1.0786
3,110,44,0.93881
3,110,45,1.0795
3,110,46,1.0901
3,110,47,0.93377
3,110,48,0.90678
3,110,49,0.96071
3,110,50,1.1455
3,110,51,1.0465
3,110,52,1.0238
3,110,53,1.1194
3,110,54,1.005
3,110,55,1.0402
3,110,56,1.0522
3,110,57,1.0921
3,110,58,1.0526
3,110,59,0.97042
3,110,60,0.98206
3,110,61,0.95566
3,110,62,1.0908
3,110,63,1.0467
3,110,64,1.0886
3,110,65,0.99293
3,110,66,1.0351
3,110,67,1.0612
3,110,68,0.87473
3,110,69,1.0061
3,110,70,1.0188
3,110,71,0.96386
3,110,72,1.1143
3,110,73,0.9026
3,110,74,1.02
3,110,75,0.93286
3,110,76,0.95932
3,110,77,1.0293
3,110,78,1.0245
3,110,79,0.98454
3,110,80,0.92755
3,110,81,1.1454
3,110,82,1.0436
3,110,83,1.0476
3,110,84,0.9848
3,110,85,1.0745
3,110,86,1.194
3,110,87,1.0587
3,110,88,1.1744
3,110,89,1.0522
3,110,90,1.0867
3,110,91,0.95867
3,110,92,1.0056
3,110,93,1.0172
3,110,94,1.0601
3,110,95,1.1002
3,110,96,1.1389
3,110,97,1.0935
3,110,98,1.1247
3,110,99,1.1823
3,110,100,1.2026
3,110,101,1.0949
3,110,102,1.0249
3,110,103,1.1205
3,110,104,1.1822
3,110,105,1.0268
3,110,106,0.98737
3,110,107,1.2894
3,110,108,1.2176
3,110,109,1.0276
3,110,110,1.1438
3,110,111,1.1222
3,110,112,1.1117
3,110,113,1.1493
3,110,114,1.0668
3,110,115,1.1559
3,110,116,1.0137
3,110,117,1.1363
3,110,118,1.1105
3,110,119,1.0951
3,110,120,1.2766
3,110,121,1.1001
3,110,122,1.1972
3,110,123,1.1624
3,110,124,1.0946
3,110,125,1.2193
3,110,126,1.1768
3,110,127,1.2382
3,110,128,1.2006
3,110,129,1.1101
3,110,130,1.1148
3,110,131,1.2599
3,110,132,1.2533
3,110,133,1.2268
3,110,134,1.1139
3,110,135,1.206
3,110,136,1.1911
3,110,137,1.2019
3,110,138,1.2617
3,110,139,1.1603
3,110,140,1.1715
3,110,141,1.2116
3,110,142,1.1284
3,110,143,1.1973
3,110,144,1.2904
3,110,145,1.2103
3,110,146,1.1812
3,110,147,1.2675
