Iteration	Total_Loss	fm1_Loss	fm2_Loss	fm3_Loss	Lambda_hyp_1	Lambda_hyp_2	Lambda_hyp_3	('T42', 1)_alpha	('T42', 1)_xi	('T42', 1)_sigma	('T42', 2)_alpha	('T42', 2)_xi	('T42', 2)_sigma	('T42', 3)_alpha	('T42', 3)_xi	('T42', 3)_sigma
100.0	-11398.8984375	-1833.9527587890625	-5567.7373046875	-3997.208984375	0.12312368303537369	0.9445532560348511	0.7046045660972595	1.6586278676986694	1.0964775085449219	0.005555558484047651	1.091468095779419	1.8834694623947144	0.00592343183234334	1.2320075035095215	1.520991563796997	0.006012583151459694
200.0	-11870.1875	-2273.800537109375	-5570.33837890625	-4026.04833984375	0.23998954892158508	0.9446285367012024	0.6873034238815308	1.5602848529815674	1.149023413658142	0.0043205213733017445	1.0914208889007568	1.8835368156433105	0.005898663774132729	1.236595869064331	1.5227254629135132	0.006010891869664192
300.0	-12529.10546875	-2914.74169921875	-5573.841796875	-4040.52197265625	0.38519760966300964	0.944728434085846	0.6735464930534363	1.4656838178634644	1.1976896524429321	0.003767328104004264	1.0913573503494263	1.8836265802383423	0.005865391343832016	1.2392232418060303	1.525224208831787	0.006007929798215628
400.0	-13253.880859375	-3629.277587890625	-5578.09912109375	-4046.50390625	0.5315088629722595	0.9448497295379639	0.664696455001831	1.3873082399368286	1.231553316116333	0.003589167259633541	1.0912806987762451	1.8837363719940186	0.005824940279126167	1.2393441200256348	1.5284268856048584	0.006004123017191887
500.0	-13448.3798828125	-3815.69384765625	-5583.072265625	-4049.614501953125	0.6040361523628235	0.9449902772903442	0.659609854221344	1.3473142385482788	1.247867465019226	0.0036805944982916117	1.0911917686462402	1.8838629722595215	0.005777810234576464	1.237422227859497	1.5322576761245728	0.005999580956995487
600.0	-13479.9375	-3839.07177734375	-5588.72265625	-4052.14306640625	0.6296977400779724	0.9451491832733154	0.656782329082489	1.3268632888793945	1.259110689163208	0.0038798789028078318	1.0910910367965698	1.8840082883834839	0.005724254529923201	1.2341042757034302	1.536648154258728	0.005994366016238928
700.0	-13496.8671875	-3847.095703125	-5595.0380859375	-4054.73388671875	0.6433635950088501	0.9453258514404297	0.6550882458686829	1.3103039264678955	1.2699408531188965	0.0040010144002735615	1.0909788608551025	1.8841699361801147	0.005664396565407515	1.2298955917358398	1.541547179222107	0.005988510325551033
800.0	-13511.51953125	-3852.0009765625	-5602.0126953125	-4057.50537109375	0.6525917649269104	0.945519745349884	0.6538646221160889	1.2945419549942017	1.2810419797897339	0.004082384053617716	1.090855598449707	1.88434898853302	0.005598278250545263	1.2251135110855103	1.5469218492507935	0.005982025992125273
900.0	-13525.986328125	-3855.868408203125	-5609.6455078125	-4060.47216796875	0.6595709919929504	0.9457303881645203	0.6527858376502991	1.278712511062622	1.292580485343933	0.004142221063375473	1.0907212495803833	1.8845453262329102	0.00552588514983654	1.2199331521987915	1.5527522563934326	0.005974914878606796
1000.0	-13540.8525390625	-3859.2880859375	-5617.94384765625	-4063.6201171875	0.6652024984359741	0.9459574818611145	0.6517170667648315	1.2624738216400146	1.3046070337295532	0.004188985098153353	1.0905760526657104	1.8847588300704956	0.005447172559797764	1.2144495248794556	1.5590254068374634	0.005967168137431145
1100.0	-13556.34765625	-3862.4970703125	-5626.9052734375	-4066.945068359375	0.6699417233467102	0.9462012052536011	0.6506125926971436	1.2456625699996948	1.3171343803405762	0.004227004013955593	1.0904200077056885	1.8849906921386719	0.005362073890864849	1.2087208032608032	1.5657339096069336	0.005958774127066135
1200.0	-13572.55078125	-3865.593505859375	-5636.5263671875	-4070.430908203125	0.6740521192550659	0.9464606642723083	0.6494618058204651	1.2281922101974487	1.3301588296890259	0.004258889704942703	1.0902531147003174	1.8852405548095703	0.0052705141715705395	1.2027907371520996	1.572872281074524	0.005949716083705425
1300.0	-13589.5048828125	-3868.629150390625	-5646.80322265625	-4074.072509765625	0.6777008175849915	0.9467353820800781	0.648265540599823	1.2100186347961426	1.3436678647994995	0.00428612157702446	1.0900744199752808	1.8855091333389282	0.005172422621399164	1.1967006921768188	1.5804367065429688	0.0059399777092039585
1400.0	-13607.2109375	-3871.6298828125	-5657.7236328125	-4077.857666015625	0.6810000538825989	0.9470251202583313	0.6470282673835754	1.1911261081695557	1.3576430082321167	0.004309751559048891	1.0898852348327637	1.8857978582382202	0.005067748483270407	1.190492868423462	1.5884246826171875	0.0059295352548360825
1500.0	-13625.658203125	-3874.60009765625	-5669.28125	-4081.77783203125	0.6840315461158752	0.9473288059234619	0.6457553505897522	1.171518087387085	1.3720608949661255	0.0043305582366883755	1.0896857976913452	1.8861061334609985	0.004956476390361786	1.1842111349105835	1.5968343019485474	0.005918366834521294
1600.0	-13644.7998046875	-3877.5478515625	-5681.42431640625	-4085.8271484375	0.6868570446968079	0.9476453065872192	0.6444533467292786	1.1512140035629272	1.3868976831436157	0.004348978865891695	1.0894767045974731	1.8864351511001587	0.004838647786527872	1.1779049634933472	1.6056643724441528	0.005906444508582354
1700.0	-13664.5625	-3880.465087890625	-5694.09716796875	-4089.99951171875	0.6895250678062439	0.9479732513427734	0.6431286931037903	1.1302480697631836	1.4021283388137817	0.004365503787994385	1.0892590284347534	1.8867865800857544	0.004714390262961388	1.1716172695159912	1.6149150133132935	0.005893743131309748
1800.0	-13684.873046875	-3883.347900390625	-5707.240234375	-4094.284912109375	0.692077100276947	0.9483104944229126	0.6417879462242126	1.1086715459823608	1.417730689048767	0.004380353260785341	1.089032530784607	1.8871605396270752	0.004583950154483318	1.1654025316238403	1.6245864629745483	0.005880232900381088
1900.0	-13705.59375	-3886.191650390625	-5720.72265625	-4098.67919921875	0.6945479512214661	0.9486548900604248	0.6404393911361694	1.086550235748291	1.4336873292922974	0.004393813665956259	1.0887967348098755	1.8875577449798584	0.004447734449058771	1.159313678741455	1.6346789598464966	0.0058658835478127
2000.0	-13726.57421875	-3888.986083984375	-5734.4111328125	-4103.1767578125	0.6969689726829529	0.9490005970001221	0.6390910744667053	1.0639699697494507	1.4499861001968384	0.004406056832522154	1.088558316230774	1.8879791498184204	0.004306368064135313	1.1534055471420288	1.645194411277771	0.005850660149008036
2100.0	-13747.6220703125	-3891.73095703125	-5748.119140625	-4107.7724609375	0.6993681788444519	0.9493463039398193	0.6377496123313904	1.0410363674163818	1.466621994972229	0.0044172839261591434	1.0883148908615112	1.8884259462356567	0.004160752985626459	1.1477335691452026	1.6561344861984253	0.0058345310389995575
2200.0	-13768.46875	-3894.408447265625	-5761.591796875	-4112.46875	0.7017735838890076	0.9496865272521973	0.6364246606826782	1.0178834199905396	1.483594536781311	0.004427469335496426	1.0880645513534546	1.888899326324463	0.004012145567685366	1.1423535346984863	1.6675024032592773	0.005817457102239132
2300.0	-13788.8203125	-3897.0166015625	-5774.548828125	-4117.25439453125	0.7042078971862793	0.9500133991241455	0.6351248621940613	0.994673490524292	1.5009064674377441	0.004436836112290621	1.0878241062164307	1.8893994092941284	0.0038622296415269375	1.1373202800750732	1.679301142692566	0.0057994043454527855
2400.0	-13808.3291015625	-3899.54345703125	-5786.65185546875	-4122.1337890625	0.7066929340362549	0.9503185153007507	0.6338585019111633	0.9716054797172546	1.5185636281967163	0.0044453442096710205	1.0875860452651978	1.889926791191101	0.003713166108354926	1.1326879262924194	1.6915349960327148	0.005780332256108522
2500.0	-13826.6474609375	-3901.97998046875	-5797.5634765625	-4127.1044921875	0.7092480659484863	0.9505923986434937	0.6326334476470947	0.9489144086837769	1.53657066822052	0.004453068599104881	1.087361216545105	1.8904837369918823	0.003567605512216687	1.1285078525543213	1.7042087316513062	0.0057602026499807835
2600.0	-13843.46875	-3904.3125	-5806.9873046875	-4132.1689453125	0.7118894457817078	0.9508241415023804	0.6314576864242554	0.9268683791160583	1.554932713508606	0.0044600809924304485	1.0871522426605225	1.8910690546035767	0.0034286172594875097	1.1248277425765991	1.7173279523849487	0.00573897548019886
2700.0	-13858.5478515625	-3906.536376953125	-5814.68603515625	-4137.3251953125	0.7146314382553101	0.9510030150413513	0.6303384900093079	0.905763566493988	1.573655128479004	0.0044663711450994015	1.0869654417037964	1.891684889793396	0.00329947704449296	1.1216905117034912	1.7308989763259888	0.005716610699892044
2800.0	-13871.828125	-3908.646484375	-5820.603515625	-4142.57763671875	0.7174860835075378	0.9511187672615051	0.6292818784713745	0.8859068155288696	1.5927469730377197	0.004471985623240471	1.0868068933486938	1.8923306465148926	0.0031833213288336992	1.119133710861206	1.7449291944503784	0.005693062674254179
2900.0	-13883.390625	-3910.64208984375	-5824.822265625	-4147.92529296875	0.7204635739326477	0.9511632919311523	0.6282936334609985	0.8676020503044128	1.6122212409973145	0.004477005451917648	1.0866793394088745	1.893008828163147	0.0030826847068965435	1.117188811302185	1.7594268321990967	0.0056682913564145565
3000.0	-13893.51953125	-3912.53173828125	-5827.6103515625	-4153.376953125	0.7235736846923828	0.9511321187019348	0.6273772716522217	0.8511234521865845	1.6320985555648804	0.0044814483262598515	1.0865858793258667	1.8937193155288696	0.0029990216717123985	1.1158794164657593	1.7744009494781494	0.005642253439873457
3100.0	-13902.5849609375	-3914.32763671875	-5829.32763671875	-4158.9296875	0.7268252968788147	0.9510248899459839	0.6265365481376648	0.8366881608963013	1.6524075269699097	0.004485417623072863	1.0865265130996704	1.8944640159606934	0.0029324511997401714	1.1152223348617554	1.7898619174957275	0.005614907946437597
3200.0	-13910.939453125	-3916.046142578125	-5830.3056640625	-4164.587890625	0.7302272915840149	0.9508452415466309	0.6257725358009338	0.824435293674469	1.6731857061386108	0.00448888773098588	1.0864996910095215	1.89524507522583	0.002881764667108655	1.1152267456054688	1.8058208227157593	0.005586212035268545
3300.0	-13918.927734375	-3917.70947265625	-5830.8623046875	-4170.35546875	0.7337886095046997	0.9505994319915771	0.6250860095024109	0.8144114017486572	1.6944774389266968	0.004491978324949741	1.0865005254745483	1.896064281463623	0.002844793489202857	1.1158932447433472	1.8222897052764893	0.005556126590818167
3400.0	-13926.7568359375	-3919.338623046875	-5831.185546875	-4176.232421875	0.7375187277793884	0.9502948522567749	0.6244758367538452	0.8065658807754517	1.7163317203521729	0.004494721069931984	1.086525797843933	1.8969252109527588	0.002818858716636896	1.1172162294387817	1.839281439781189	0.0055246115662157536
3500.0	-13934.572265625	-3920.95458984375	-5831.3955078125	-4182.22216796875	0.7414268851280212	0.9499385952949524	0.6239399313926697	0.8007659912109375	1.7388010025024414	0.004497109446674585	1.086569905281067	1.8978294134140015	0.0028012755792587996	1.1191835403442383	1.8568098545074463	0.005491629708558321
3600.0	-13942.46875	-3922.569091796875	-5831.5751953125	-4188.32470703125	0.7455225586891174	0.9495367407798767	0.6234756112098694	0.7968187928199768	1.7619338035583496	0.004499200265854597	1.0866321325302124	1.898780345916748	0.002789668971672654	1.1217762231826782	1.874889612197876	0.005457147490233183
3700.0	-13950.466796875	-3924.196533203125	-5831.728515625	-4194.54248046875	0.7498142123222351	0.9490935802459717	0.6230785846710205	0.794495165348053	1.785774827003479	0.004501026123762131	1.0867074728012085	1.899780511856079	0.0027821287512779236	1.1249706745147705	1.8935353755950928	0.005421128589659929
3800.0	-13958.5947265625	-3925.8427734375	-5831.8779296875	-4200.8740234375	0.7543101906776428	0.9486114382743835	0.6227447390556335	0.7935575842857361	1.8103593587875366	0.0045025586150586605	1.0867942571640015	1.9008322954177856	0.0027772290632128716	1.1287425756454468	1.9127615690231323	0.005383556243032217
3900.0	-13966.875	-3927.5146484375	-5832.0439453125	-4207.31640625	0.7590166330337524	0.9480916857719421	0.6224690675735474	0.7937820553779602	1.8357123136520386	0.004503815434873104	1.0868911743164062	1.9019397497177124	0.0027739559300243855	1.1330615282058716	1.932584285736084	0.005344407167285681
4000.0	-13975.2998046875	-3929.21142578125	-5832.21923828125	-4213.869140625	0.7639387249946594	0.947533905506134	0.6222463250160217	0.7949671745300293	1.8618463277816772	0.004504822660237551	1.086998462677002	1.9031046628952026	0.002771640196442604	1.1378968954086304	1.9530190229415894	0.005303667392581701
4100.0	-13983.8505859375	-3930.93115234375	-5832.392578125	-4220.5263671875	0.769079864025116	0.9469372034072876	0.6220712661743164	0.7969444990158081	1.8887603282928467	0.004505613353103399	1.0871171951293945	1.9043302536010742	0.0027698331978172064	1.1432181596755981	1.9740798473358154	0.0052613308653235435
4200.0	-13992.54296875	-3932.669189453125	-5832.58837890625	-4227.28466796875	0.7744418382644653	0.9462991952896118	0.6219392418861389	0.7995750904083252	1.9164414405822754	0.00450613908469677	1.087246298789978	1.9056206941604614	0.00276829581707716	1.1489949226379395	1.9957802295684814	0.005217403639107943
4300.0	-14001.35546875	-3934.42333984375	-5832.7939453125	-4234.13818359375	0.7800251245498657	0.9456174969673157	0.6218450665473938	0.8027514815330505	1.94486665725708	0.00450644688680768	1.0873862504959106	1.9069781303405762	0.0027668483089655638	1.1551975011825562	2.0181334018707275	0.005171900615096092
4400.0	-14010.279296875	-3936.185791015625	-5833.0185546875	-4241.07470703125	0.785829484462738	0.9448893070220947	0.6217843294143677	0.8063825964927673	1.974006175994873	0.004506556782871485	1.0875381231307983	1.908406376838684	0.0027653826400637627	1.161798119544983	2.041151523590088	0.005124852992594242
4500.0	-14019.283203125	-3937.95263671875	-5833.2421875	-4248.087890625	0.7918545603752136	0.9441109299659729	0.6217536330223083	0.8103939294815063	2.0038280487060547	0.004506523255258799	1.087702751159668	1.9099091291427612	0.002763850148767233	1.168771743774414	2.0648441314697266	0.005076308269053698
4600.0	-14028.3671875	-3939.7177734375	-5833.4833984375	-4255.16552734375	0.7981001138687134	0.9432787299156189	0.6217490434646606	0.8147242069244385	2.0343000888824463	0.004506327211856842	1.0878827571868896	1.911490559577942	0.0027622166089713573	1.1760934591293335	2.0892221927642822	0.005026332568377256
4700.0	-14037.515625	-3941.47412109375	-5833.7470703125	-4262.29443359375	0.804566502571106	0.942388117313385	0.6217667460441589	0.8193151354789734	2.0653936862945557	0.0045060343109071255	1.088078260421753	1.9131544828414917	0.002760467352345586	1.1837410926818848	2.114293336868286	0.004975015763193369
4800.0	-14046.7001953125	-3943.22119140625	-5834.01904296875	-4269.4599609375	0.8112549781799316	0.9414345622062683	0.6218044757843018	0.8241211175918579	2.0970840454101562	0.00450565991923213	1.0882891416549683	1.9149054288864136	0.0027585846837610006	1.1916935443878174	2.1400654315948486	0.004922469612210989
4900.0	-14055.92578125	-3944.95703125	-5834.32177734375	-4276.64697265625	0.8181681632995605	0.9404128193855286	0.621859610080719	0.8290974497795105	2.1293535232543945	0.004505210090428591	1.0885200500488281	1.9167481660842896	0.002756544156000018	1.1999309062957764	2.1665449142456055	0.004868835210800171
5000.0	-14065.154296875	-3946.675048828125	-5834.642578125	-4283.8369140625	0.8253089189529419	0.9393172264099121	0.6219298839569092	0.8342075347900391	2.1621837615966797	0.004504716489464045	1.0887702703475952	1.9186874628067017	0.0027543199248611927	1.20843505859375	2.193737745285034	0.004814285784959793
5100.0	-14074.3515625	-3948.37548828125	-5834.9658203125	-4291.00927734375	0.83268141746521	0.9381417036056519	0.6220129132270813	0.8394234776496887	2.1955606937408447	0.004504178650677204	1.0890424251556396	1.920728325843811	0.0027519171126186848	1.217186450958252	2.221651315689087	0.0047590285539627075
5200.0	-14083.5380859375	-3950.057861328125	-5835.3251953125	-4298.1552734375	0.8402906060218811	0.9368795156478882	0.622106671333313	0.8447245955467224	2.229470729827881	0.004503617994487286	1.0893381834030151	1.9228764772415161	0.0027493040543049574	1.2261649370193481	2.250291585922241	0.004703303799033165
5300.0	-14092.6806640625	-3951.72021484375	-5835.70703125	-4305.2529296875	0.8481417894363403	0.935523271560669	0.6222097873687744	0.8500902652740479	2.263901472091675	0.00450307410210371	1.089659571647644	1.9251377582550049	0.0027464614249765873	1.2353523969650269	2.279667377471924	0.004647387191653252
5400.0	-14101.7587890625	-3953.359375	-5836.1181640625	-4312.28125	0.8562419414520264	0.9340654015541077	0.6223194599151611	0.855506181716919	2.298842430114746	0.004502461291849613	1.0900087356567383	1.9275184869766235	0.0027433387003839016	1.244728684425354	2.3097875118255615	0.004591597709804773
5500.0	-14110.763671875	-3954.97607421875	-5836.5576171875	-4319.23046875	0.8645991086959839	0.9324971437454224	0.6224346160888672	0.8609557151794434	2.3342859745025635	0.004501881077885628	1.0903887748718262	1.930025577545166	0.002739880932494998	1.2542757987976074	2.3406617641448975	0.0045362813398242
5600.0	-14119.69140625	-3956.572021484375	-5837.03662109375	-4326.0830078125	0.8732224106788635	0.9308094382286072	0.6225545406341553	0.8664251565933228	2.370224952697754	0.004501299932599068	1.0908007621765137	1.9326659440994263	0.002736128633841872	1.2639766931533813	2.3723015785217285	0.004481818992644548
5700.0	-14128.5029296875	-3958.14306640625	-5837.529296875	-4332.8310546875	0.8821221590042114	0.9289924502372742	0.6226771473884583	0.871903121471405	2.406653881072998	0.004500763025134802	1.0912470817565918	1.9354472160339355	0.0027320440858602524	1.2738162279129028	2.4047179222106934	0.004428611136972904
5800.0	-14137.23046875	-3959.69189453125	-5838.0771484375	-4339.46044921875	0.8913090825080872	0.9270362854003906	0.6228023767471313	0.8773860931396484	2.4435648918151855	0.004500252660363913	1.0917305946350098	1.9383779764175415	0.0027275485917925835	1.2837828397750854	2.4379255771636963	0.004377076867967844
5900.0	-14145.8525390625	-3961.2138671875	-5838.662109375	-4345.9765625	0.9007954597473145	0.9249307513237	0.6229307651519775	0.8828737139701843	2.4809486865997314	0.0044997273944318295	1.0922523736953735	1.9414669275283813	0.0027226244565099478	1.2938679456710815	2.471928596496582	0.004327633883804083
6000.0	-14154.3740234375	-3962.715087890625	-5839.29248046875	-4352.3662109375	0.9105936288833618	0.9226652979850769	0.6230619549751282	0.8883610367774963	2.5187900066375732	0.004499190021306276	1.0928146839141846	1.9447240829467773	0.0027172155678272247	1.3040664196014404	2.5067381858825684	0.004280680324882269
6100.0	-14162.7919921875	-3964.1884765625	-5839.966796875	-4358.63671875	0.920715868473053	0.9202303290367126	0.6231971383094788	0.8938637971878052	2.557065725326538	0.004498677793890238	1.0934169292449951	1.9481595754623413	0.0027112700045108795	1.314379096031189	2.542361259460449	0.0042365966364741325
6200.0	-14171.1123046875	-3965.6337890625	-5840.68798828125	-4364.7900390625	0.931175172328949	0.9176167249679565	0.6233373284339905	0.8993781805038452	2.5957467555999756	0.004498194437474012	1.0940591096878052	1.951784372329712	0.0027047372423112392	1.3248095512390137	2.5788018703460693	0.004195711575448513
6300.0	-14179.369140625	-3967.052001953125	-5841.484375	-4370.8330078125	0.9419852495193481	0.9148178100585938	0.6234837770462036	0.9049091339111328	2.634798049926758	0.0044977799989283085	1.0947400331497192	1.9556114673614502	0.0026976214721798897	1.3353625535964966	2.616062641143799	0.004158288240432739
6400.0	-14187.541015625	-3968.440673828125	-5842.3173828125	-4376.783203125	0.9531614184379578	0.9118300676345825	0.6236379742622375	0.9104515314102173	2.674184799194336	0.00449734041467309	1.0954550504684448	1.9596539735794067	0.0026898933574557304	1.3460456132888794	2.6541430950164795	0.004124518018215895
6500.0	-14195.640625	-3969.797119140625	-5843.2099609375	-4382.63427734375	0.9647210240364075	0.9086546897888184	0.6238011717796326	0.9159948825836182	2.7138757705688477	0.004496968351304531	1.0961968898773193	1.9639257192611694	0.002681480022147298	1.3568676710128784	2.6930413246154785	0.004094507545232773
6600.0	-14203.703125	-3971.123046875	-5844.1572265625	-4388.42236328125	0.9766845107078552	0.9052992463111877	0.6239741444587708	0.9215149879455566	2.7538485527038574	0.004496654495596886	1.096954584121704	1.9684429168701172	0.002672421745955944	1.367837905883789	2.732753038406372	0.004068270791321993
6700.0	-14211.716796875	-3972.4169921875	-5845.1650390625	-4394.13525390625	0.9890758991241455	0.901780366897583	0.6241585612297058	0.9269806742668152	2.794097900390625	0.004496405366808176	1.0977132320404053	1.973222017288208	0.0026627792976796627	1.378967046737671	2.7732715606689453	0.0040457239374518394
6800.0	-14219.681640625	-3973.6806640625	-5846.20556640625	-4399.794921875	1.0019234418869019	0.8981251120567322	0.6243535280227661	0.9323694109916687	2.834632396697998	0.004496266599744558	1.0984500646591187	1.9782800674438477	0.0026525624562054873	1.390265703201294	2.814588785171509	0.004026700276881456
6900.0	-14227.623046875	-3974.921630859375	-5847.3017578125	-4405.39892578125	1.0152593851089478	0.8943736553192139	0.6245610117912292	0.9376519322395325	2.875479221343994	0.00449615903198719	1.099137306213379	1.9836361408233643	0.002641968661919236	1.401747703552246	2.8566925525665283	0.004010958131402731
7000.0	-14235.5	-3976.13916015625	-5848.408203125	-4410.953125	1.029119849205017	0.8905776739120483	0.6247813701629639	0.942817211151123	2.9166767597198486	0.004496139474213123	1.0997425317764282	1.9893088340759277	0.002631183946505189	1.413427710533142	2.899566650390625	0.003998207859694958
7100.0	-14243.337890625	-3977.33447265625	-5849.5419921875	-4416.4609375	1.0435432195663452	0.8868019580841064	0.6250147819519043	0.9478592276573181	2.9582695960998535	0.0044961185194551945	1.1002280712127686	1.995316743850708	0.0026204490568488836	1.425318717956543	2.9431917667388916	0.003988117445260286
7200.0	-14251.1240234375	-3978.51611328125	-5850.6845703125	-4421.9228515625	1.0585721731185913	0.8831164836883545	0.6252619028091431	0.9527974724769592	3.0003015995025635	0.004496176727116108	1.100554347038269	2.001677989959717	0.0026099649257957935	1.437435269355774	2.9875457286834717	0.0039803325198590755
7300.0	-14258.837890625	-3979.68359375	-5851.8212890625	-4427.33251953125	1.0742478370666504	0.8795923590660095	0.6255221366882324	0.957660973072052	3.0428080558776855	0.004496222827583551	1.1006858348846436	2.008408784866333	0.0026000547222793102	1.4497872591018677	3.0326032638549805	0.003974486142396927
7400.0	-14266.4658203125	-3980.83984375	-5852.951171875	-4432.6748046875	1.0906133651733398	0.8762937188148499	0.6257959008216858	0.9624866247177124	3.085811138153076	0.004496273119002581	1.1005934476852417	2.0155229568481445	0.002590955700725317	1.4623795747756958	3.0783376693725586	0.003970247693359852
7500.0	-14274.029296875	-3981.986328125	-5854.08203125	-4437.96142578125	1.107713222503662	0.8732675313949585	0.6260815262794495	0.9673008918762207	3.129322052001953	0.004496341571211815	1.1002609729766846	2.0230331420898438	0.0025828618090599775	1.4752116203308105	3.124723434448242	0.003967296332120895
7600.0	-14281.525390625	-3983.122802734375	-5855.21826171875	-4443.1845703125	1.1255923509597778	0.8705413937568665	0.6263771057128906	0.9721420407295227	3.173339605331421	0.004496391862630844	1.099687933921814	2.0309462547302246	0.0025758540723472834	1.4882758855819702	3.1717355251312256	0.003965349402278662
7700.0	-14288.939453125	-3984.25146484375	-5856.349609375	-4448.337890625	1.144297480583191	0.8681195974349976	0.6266803741455078	0.9770312905311584	3.217858076095581	0.004496412351727486	1.0988881587982178	2.0392706394195557	0.002569924807175994	1.5015531778335571	3.2193520069122314	0.003964156378060579
7800.0	-14296.29296875	-3985.370849609375	-5857.5087890625	-4453.41357421875	1.1638797521591187	0.8659837245941162	0.6269879341125488	0.9819667935371399	3.2628719806671143	0.004496511071920395	1.0978896617889404	2.048011541366577	0.002565009519457817	1.515020728111267	3.2675509452819824	0.0039635226130485535
7900.0	-14303.572265625	-3986.484375	-5858.67626953125	-4458.412109375	1.1843922138214111	0.8641029000282288	0.6272964477539062	0.9869532585144043	3.3083810806274414	0.004496459383517504	1.0967321395874023	2.057173490524292	0.0025610162410885096	1.5286437273025513	3.3163182735443115	0.0039633107371628284
8000.0	-14310.818359375	-3987.591064453125	-5859.884765625	-4463.34228515625	1.2058920860290527	0.862436830997467	0.6276013851165771	0.9919768571853638	3.3543918132781982	0.004496521316468716	1.0954575538635254	2.0667614936828613	0.0025577894411981106	1.5423777103424072	3.3656442165374756	0.00396335544064641
8100.0	-14318.0078125	-3988.69482421875	-5861.125	-4468.1875	1.228440523147583	0.8609431982040405	0.6278966069221497	0.9970534443855286	3.4009151458740234	0.0044965376146137714	1.0941121578216553	2.0767810344696045	0.0025552252773195505	1.5561710596084595	3.415526866912842	0.003963578958064318
8200.0	-14325.1640625	-3989.79150390625	-5862.40966796875	-4472.96337890625	1.2521013021469116	0.8595829010009766	0.6281768679618835	1.0021748542785645	3.4479634761810303	0.004496459849178791	1.0927412509918213	2.087238073348999	0.002552982186898589	1.5699628591537476	3.4659714698791504	0.003963928669691086
8300.0	-14332.2861328125	-3990.890625	-5863.724609375	-4477.6708984375	1.2769412994384766	0.8583201766014099	0.6284354329109192	1.0073535442352295	3.495544672012329	0.004496455658227205	1.0913803577423096	2.0981404781341553	0.0025511940475553274	1.5836900472640991	3.516991376876831	0.00396435521543026
8400.0	-14339.373046875	-3991.98583984375	-5865.0732421875	-4482.31396484375	1.3030235767364502	0.8571286201477051	0.6286678910255432	1.0126184225082397	3.543654203414917	0.0044963425025343895	1.090069055557251	2.1094970703125	0.002549632452428341	1.5972874164581299	3.56860613822937	0.0039648208767175674
8500.0	-14346.443359375	-3993.0869140625	-5866.4677734375	-4486.88818359375	1.3304166793823242	0.8559863567352295	0.6288687586784363	1.0179800987243652	3.592280149459839	0.004496274050325155	1.088837742805481	2.121317148208618	0.0025482121855020523	1.6106977462768555	3.620840549468994	0.003965288866311312
8600.0	-14353.484375	-3994.18115234375	-5867.88623046875	-4491.41650390625	1.3591870069503784	0.8548809289932251	0.6290342211723328	1.0234616994857788	3.6414005756378174	0.004496244713664055	1.0877147912979126	2.1336123943328857	0.002546940464526415	1.6238819360733032	3.673720359802246	0.003965780604630709
8700.0	-14360.525390625	-3995.282958984375	-5869.35400390625	-4495.888671875	1.3894034624099731	0.8538025617599487	0.6291635632514954	1.0290650129318237	3.6909842491149902	0.0044961608946323395	1.086724042892456	2.146390914916992	0.0025457118172198534	1.6368153095245361	3.7272675037384033	0.003966248128563166
8800.0	-14367.552734375	-3996.3828125	-5870.85546875	-4500.314453125	1.4211326837539673	0.8527463674545288	0.62925785779953	1.0347900390625	3.741001844406128	0.004495908971875906	1.0858882665634155	2.1596648693084717	0.0025445499923080206	1.6495037078857422	3.7814958095550537	0.00396667281165719
8900.0	-14374.560546875	-3997.484619140625	-5872.3837890625	-4504.69287109375	1.4544470310211182	0.8517118692398071	0.6293209791183472	1.040636658668518	3.791426658630371	0.00449586845934391	1.0852270126342773	2.173444986343384	0.002543471520766616	1.6619763374328613	3.8364064693450928	0.003967043943703175
9000.0	-14381.57421875	-3998.58740234375	-5873.962890625	-4509.02392578125	1.4894198179244995	0.8506976366043091	0.6293599605560303	1.0465991497039795	3.842238664627075	0.004495685920119286	1.0847595930099487	2.187741756439209	0.002542417496442795	1.6742879152297974	3.891986608505249	0.003967332188040018
9100.0	-14388.5849609375	-3999.697509765625	-5875.578125	-4513.3095703125	1.526121973991394	0.849704921245575	0.6293802261352539	1.0526621341705322	3.8934271335601807	0.004495461005717516	1.0845049619674683	2.202566146850586	0.002541401656344533	1.6865040063858032	3.9482100009918213	0.003967530094087124
9200.0	-14395.560546875	-4000.810546875	-5877.2158203125	-4517.5341796875	1.564631462097168	0.8487351536750793	0.6293901205062866	1.0588520765304565	3.9449868202209473	0.004495284520089626	1.0844799280166626	2.2179267406463623	0.0025404421612620354	1.69869065284729	4.005039691925049	0.003967626020312309
9300.0	-14402.5244140625	-4001.934326171875	-5878.896484375	-4521.693359375	1.605017900466919	0.847793698310852	0.6293962001800537	1.0651590824127197	3.9969160556793213	0.004495070315897465	1.084699034690857	2.2338337898254395	0.0025395378470420837	1.710911750793457	4.062430381774902	0.003967634402215481
9400.0	-14409.46875	-4003.0595703125	-5880.60546875	-4525.80419921875	1.6473560333251953	0.8468790650367737	0.6294035911560059	1.0716150999069214	4.049208641052246	0.004495005588978529	1.085179328918457	2.250295877456665	0.00253865635022521	1.723218560218811	4.120333671569824	0.003967562224715948
9500.0	-14416.37890625	-4004.19580078125	-5882.349609375	-4529.833984375	1.691695213317871	0.8459933996200562	0.6294168829917908	1.078252911567688	4.1018548011779785	0.004494731314480305	1.085933804512024	2.2673211097717285	0.0025378107093274593	1.7356480360031128	4.178699016571045	0.003967415541410446
9600.0	-14423.2529296875	-4005.342041015625	-5884.11865234375	-4533.7919921875	1.7381013631820679	0.8451400995254517	0.6294383406639099	1.0851068496704102	4.15483283996582	0.004494525492191315	1.0869735479354858	2.2849185466766357	0.0025370160583406687	1.748225450515747	4.237480163574219	0.003967189230024815
9700.0	-14430.09375	-4006.501953125	-5885.92626953125	-4537.66552734375	1.7866549491882324	0.8443214893341064	0.6294705271720886	1.0922167301177979	4.2081146240234375	0.004494147375226021	1.088309407234192	2.303096294403076	0.002536270534619689	1.760964035987854	4.296630859375	0.003966923803091049
9800.0	-14436.8828125	-4007.66259765625	-5887.7587890625	-4541.4609375	1.8373260498046875	0.843536913394928	0.629514217376709	1.0996266603469849	4.26165771484375	0.0044939336366951466	1.0899484157562256	2.3218626976013184	0.002535618608817458	1.7738736867904663	4.356105327606201	0.00396669190376997
9900.0	-14443.6240234375	-4008.851318359375	-5889.60888671875	-4545.1640625	1.890310287475586	0.8427873849868774	0.6295710206031799	1.1073614358901978	4.315414905548096	0.004493794869631529	1.0918961763381958	2.3412275314331055	0.0025348972994834185	1.786956787109375	4.415863513946533	0.0039664204232394695
10000.0	-14450.318359375	-4010.0302734375	-5891.501953125	-4548.78662109375	1.9468172788619995	0.8420747518539429	0.6296398639678955	1.1154690980911255	4.369348049163818	0.00449347635731101	1.0941565036773682	2.361198902130127	0.0025342958979308605	1.8002055883407593	4.475865364074707	0.003966156393289566
10100.0	-14456.669921875	-4010.944091796875	-5893.41357421875	-4552.3125	1.973870038986206	0.841398298740387	0.6297190189361572	1.121908187866211	4.423580646514893	0.004492914769798517	1.096730351448059	2.381786823272705	0.0025337778497487307	1.8136084079742432	4.536081790924072	0.0039659589529037476
10200.0	-14463.291015625	-4012.189453125	-5895.341796875	-4555.75927734375	2.0413057804107666	0.8407590389251709	0.6298072338104248	1.1311818361282349	4.477930545806885	0.004506722558289766	1.0996143817901611	2.4030022621154785	0.002533309394493699	1.8271305561065674	4.5964860916137695	0.003965802025049925
10300.0	-14469.033203125	-4012.61669921875	-5897.30029296875	-4559.1162109375	2.0337657928466797	0.8401554822921753	0.6299000978469849	1.1361417770385742	4.532607555389404	0.004492458887398243	1.102805256843567	2.4248571395874023	0.0025328907649964094	1.8407220840454102	4.657068252563477	0.003965695388615131
10400.0	-14474.8662109375	-4013.2099609375	-5899.28173828125	-4562.3740234375	2.034275770187378	0.8395859599113464	0.6299909949302673	1.1394604444503784	4.587772369384766	0.004493247717618942	1.1062947511672974	2.4473648071289062	0.002532501006498933	1.8543084859848022	4.717828273773193	0.003965659532696009
10500.0	-14480.521484375	-4013.672607421875	-5901.28515625	-4565.5634765625	2.035784959793091	0.8390478491783142	0.6300745010375977	1.1433689594268799	4.643367767333984	0.004489267710596323	1.110074758529663	2.470538377761841	0.0025321231223642826	1.8678103685379028	4.778778076171875	0.003965738229453564
10600.0	-14486.1201171875	-4014.12841796875	-5903.32080078125	-4568.6708984375	2.024172067642212	0.8385424017906189	0.6301427483558655	1.1432201862335205	4.699521064758301	0.004494672175496817	1.1141357421875	2.4943928718566895	0.0025318970438092947	1.8811380863189697	4.839946269989014	0.0039658863097429276
10700.0	-14491.6953125	-4014.6220703125	-5905.365234375	-4571.70849609375	2.0270793437957764	0.8380635380744934	0.6301893591880798	1.1496537923812866	4.755951881408691	0.004489918239414692	1.1184673309326172	2.5189428329467773	0.002531652105972171	1.8942111730575562	4.901369094848633	0.003966137766838074
10800.0	-14496.59375	-4014.468994140625	-5907.4404296875	-4574.68408203125	2.026639699935913	0.8376132249832153	0.6302093863487244	1.1523828506469727	4.812930107116699	0.004493107087910175	1.1230580806732178	2.544203758239746	0.002531457459554076	1.9069582223892212	4.963091850280762	0.003966463264077902
10900.0	-14502.615234375	-4015.499267578125	-5909.52978515625	-4577.58544921875	2.0171830654144287	0.837186336517334	0.630199134349823	1.1538279056549072	4.87043571472168	0.004483021795749664	1.1278939247131348	2.5701887607574463	0.0025313771329820156	1.9193466901779175	5.025161266326904	0.0039669121615588665
11000.0	-14508.3291015625	-4016.23046875	-5911.6416015625	-4580.45703125	2.047422170639038	0.8367817997932434	0.6301565766334534	1.1610822677612305	4.927911281585693	0.004494151566177607	1.1329655647277832	2.5969111919403076	0.0025312616489827633	1.9313596487045288	5.087623596191406	0.003967387601733208
11100.0	-14513.796875	-4016.759033203125	-5913.775390625	-4583.26220703125	2.047499179840088	0.8363993167877197	0.6300835013389587	1.1640243530273438	4.985831260681152	0.004491171799600124	1.1382637023925781	2.624382972717285	0.002531185280531645	1.9430023431777954	5.150516510009766	0.0039679501205682755
11200.0	-14519.103515625	-4017.131103515625	-5915.92919921875	-4586.04345703125	2.0475428104400635	0.8360335826873779	0.6299839615821838	1.1673818826675415	5.044100284576416	0.00449044443666935	1.1437793970108032	2.6526124477386475	0.0025311526842415333	1.9543168544769287	5.213873386383057	0.003968493547290564
11300.0	-14523.265625	-4016.4013671875	-5918.09326171875	-4588.77197265625	2.018601894378662	0.8356855511665344	0.629859447479248	1.1410636901855469	5.081387519836426	0.004392008297145367	1.1495051383972168	2.681605339050293	0.002531100297346711	1.9653534889221191	5.277714729309082	0.003969050478190184
11400.0	-14528.8828125	-4017.154541015625	-5920.27490234375	-4591.45361328125	1.987744927406311	0.8353541493415833	0.6297152042388916	1.1443670988082886	5.129293918609619	0.0045017823576927185	1.1554338932037354	2.7113640308380127	0.0025309761986136436	1.9761533737182617	5.3420562744140625	0.003969663288444281
11500.0	-14534.1201171875	-4017.5458984375	-5922.466796875	-4594.107421875	1.9876071214675903	0.8350400924682617	0.6295534372329712	1.15337073802948	5.181626319885254	0.004490364342927933	1.1615638732910156	2.741886615753174	0.0025310206692665815	1.9867669343948364	5.4069061279296875	0.00397026352584362
11600.0	-14539.328125	-4017.92919921875	-5924.67138671875	-4596.7275390625	1.9876071214675903	0.8347439765930176	0.629378616809845	1.1603776216506958	5.234875202178955	0.004490177147090435	1.167892575263977	2.7731666564941406	0.002531037898734212	1.9972270727157593	5.4722700119018555	0.003970823250710964
11700.0	-14544.486328125	-4018.302734375	-5926.876953125	-4599.306640625	1.9876071214675903	0.8344624638557434	0.6291935443878174	1.1659969091415405	5.2889204025268555	0.004490101244300604	1.1744180917739868	2.8051931858062744	0.0025311093777418137	2.007571220397949	5.538145065307617	0.003971399739384651
11800.0	-14549.6298828125	-4018.6796875	-5929.0810546875	-4601.869140625	1.9876071214675903	0.834196925163269	0.6289990544319153	1.170666217803955	5.34372091293335	0.00448987539857626	1.1811412572860718	2.8379530906677246	0.002531093079596758	2.0178165435791016	5.604528903961182	0.003971954341977835
11900.0	-14554.71875	-4019.048828125	-5931.2880859375	-4604.38134765625	1.9876071214675903	0.8339488506317139	0.628797173500061	1.1747498512268066	5.399259567260742	0.004489700775593519	1.1880587339401245	2.8714284896850586	0.0025312143843621016	2.0279834270477295	5.671415328979492	0.003972507547587156
12000.0	-14559.77734375	-4019.41650390625	-5933.4853515625	-4606.87451171875	1.9876071214675903	0.8337178826332092	0.6285899877548218	1.1784271001815796	5.455513000488281	0.004489604849368334	1.1951725482940674	2.905596971511841	0.0025311813224107027	2.0381088256835938	5.738789081573486	0.003972992766648531
12100.0	-14564.77734375	-4019.783935546875	-5935.6640625	-4609.32861328125	1.9876071214675903	0.8335045576095581	0.6283827424049377	1.1818161010742188	5.512454509735107	0.004489370156079531	1.2024790048599243	2.9404358863830566	0.0025312842335551977	2.048224449157715	5.806633472442627	0.003973549697548151
12200.0	-14569.7138671875	-4020.142333984375	-5937.83349609375	-4611.73828125	1.9876071214675903	0.8333123922348022	0.6281754374504089	1.1850346326828003	5.570069313049316	0.00448931148275733	1.209975004196167	2.9759163856506348	0.0025314525701105595	2.0583508014678955	5.874929428100586	0.003974049352109432
12300.0	-14574.607421875	-4020.4970703125	-5939.98828125	-4614.1220703125	1.9876071214675903	0.8331378698348999	0.6279702186584473	1.1881319284439087	5.628329277038574	0.004489079117774963	1.2176563739776611	3.0120115280151367	0.0025315843522548676	2.068509101867676	5.943648815155029	0.003974472638219595
12400.0	-14579.41015625	-4020.826904296875	-5942.11279296875	-4616.47119140625	1.9873007535934448	0.8329797983169556	0.6277687549591064	1.191209077835083	5.687224864959717	0.004486065357923508	1.2255146503448486	3.0486929416656494	0.0025317473337054253	2.0787065029144287	6.012768745422363	0.0039749653078615665
12500.0	-14584.197265625	-4021.207763671875	-5944.20556640625	-4618.7841796875	1.9873108863830566	0.8328419923782349	0.6275719404220581	1.1942380666732788	5.746551036834717	0.004488724749535322	1.233530879020691	3.0859375	0.002531962003558874	2.088961601257324	6.082261562347412	0.003975441213697195
12600.0	-14588.8857421875	-4021.5458984375	-5946.27978515625	-4621.0595703125	1.9873480796813965	0.8327173590660095	0.6273795366287231	1.1973000764846802	5.806481838226318	0.004488599952310324	1.2416812181472778	3.1237266063690186	0.002532131038606167	2.0992743968963623	6.152099132537842	0.003975907806307077
12700.0	-14593.5146484375	-4021.87548828125	-5948.32666015625	-4623.3125	1.987334966659546	0.8326037526130676	0.6271942853927612	1.2002344131469727	5.86691951751709	0.0044883196242153645	1.2499349117279053	3.1620535850524902	0.0025324546732008457	2.1096456050872803	6.222251892089844	0.003976280800998211
12800.0	-14598.056640625	-4022.21337890625	-5950.3310546875	-4625.51220703125	1.9873480796813965	0.8325002789497375	0.6270139217376709	1.2032549381256104	5.92787504196167	0.004488199949264526	1.2582378387451172	3.200929641723633	0.0025328893680125475	2.1200881004333496	6.292696475982666	0.003976751118898392
12900.0	-14602.4970703125	-4022.507080078125	-5952.3115234375	-4627.6787109375	1.9874022006988525	0.8323965668678284	0.6268408298492432	1.2063748836517334	5.9891886711120605	0.004487939178943634	1.2665349245071411	3.240384817123413	0.0025333166122436523	2.1305949687957764	6.3634033203125	0.0039771804586052895
13000.0	-14606.9150390625	-4022.834716796875	-5954.2841796875	-4629.7958984375	1.9874565601348877	0.8322851061820984	0.6266746520996094	1.2096058130264282	6.050917148590088	0.004487380851060152	1.2747633457183838	3.280473232269287	0.0025338465347886086	2.1411736011505127	6.4343485832214355	0.003977638203650713
13100.0	-14611.3125	-4023.194580078125	-5956.234375	-4631.8837890625	1.9874992370605469	0.8321602940559387	0.6265130639076233	1.2125977277755737	6.112963676452637	0.004487530793994665	1.2828528881072998	3.321269989013672	0.0025344884488731623	2.151808500289917	6.505506992340088	0.003978095017373562
13200.0	-14615.5849609375	-4023.474609375	-5958.166015625	-4633.9443359375	1.98751699924469	0.8320085406303406	0.6263551712036133	1.2158621549606323	6.175252914428711	0.004487009719014168	1.2907193899154663	3.362874746322632	0.0025352078955620527	2.162482500076294	6.576860427856445	0.00397841352969408
13300.0	-14619.79296875	-4023.7587890625	-5960.11279296875	-4635.92236328125	1.987522006034851	0.831821858882904	0.6262022256851196	1.219195008277893	6.2377214431762695	0.004486839286983013	1.2983028888702393	3.405400037765503	0.0025359566789120436	2.173182964324951	6.648390293121338	0.003978951368480921
13400.0	-14624.06640625	-4024.09716796875	-5962.068359375	-4637.900390625	1.9875481128692627	0.8315941691398621	0.626049816608429	1.222660779953003	6.300334453582764	0.004486594349145889	1.3055555820465088	3.4489681720733643	0.0025367275811731815	2.1838865280151367	6.7200822830200195	0.00397940119728446
13500.0	-14628.2158203125	-4024.31640625	-5964.056640625	-4639.8427734375	1.987568974494934	0.831321120262146	0.6258947253227234	1.2260327339172363	6.36302375793457	0.004486069083213806	1.312450885772705	3.4936938285827637	0.002537508262321353	2.194547176361084	6.791927337646484	0.003979848697781563
13600.0	-14632.396484375	-4024.609375	-5966.06201171875	-4641.72509765625	1.9876176118850708	0.8310004472732544	0.6257396936416626	1.2295316457748413	6.425661087036133	0.004487397149205208	1.3189818859100342	3.539689779281616	0.002538350410759449	2.2051618099212646	6.863921642303467	0.003980305045843124
13700.0	-14636.552734375	-4024.884033203125	-5968.10302734375	-4643.56591796875	1.9876753091812134	0.8306281566619873	0.6255775690078735	1.233291506767273	6.488234996795654	0.004485601093620062	1.325178623199463	3.58703875541687	0.002539060078561306	2.215702772140503	6.936063766479492	0.003980820998549461
13800.0	-14640.76171875	-4025.18359375	-5970.2001953125	-4645.37744140625	1.9877015352249146	0.8302130699157715	0.6254114508628845	1.2369961738586426	6.550605773925781	0.004485625773668289	1.3310906887054443	3.635791063308716	0.0025397767312824726	2.2261550426483154	7.008358478546143	0.003981367219239473
13900.0	-14644.84765625	-4025.361083984375	-5972.32177734375	-4647.1650390625	1.9877605438232422	0.8297651410102844	0.6252385377883911	1.2408745288848877	6.612843036651611	0.004484969656914473	1.33681058883667	3.6859567165374756	0.0025404104962944984	2.236485481262207	7.080808162689209	0.003981824964284897
14000.0	-14649.064453125	-4025.682373046875	-5974.4814453125	-4648.900390625	1.9879004955291748	0.8292893171310425	0.625056803226471	1.2446502447128296	6.6748433113098145	0.00448106462135911	1.3424339294433594	3.7375104427337646	0.002540930639952421	2.2467432022094727	7.153415679931641	0.003982354886829853
14100.0	-14653.119140625	-4025.84326171875	-5976.67431640625	-4650.60107421875	1.988568902015686	0.8287995457649231	0.6248699426651001	1.2494605779647827	6.736567497253418	0.004486053250730038	1.3480604887008667	3.790389060974121	0.0025413010735064745	2.256906270980835	7.226190090179443	0.003982938826084137
14200.0	-14657.2861328125	-4026.09716796875	-5978.900390625	-4652.2880859375	1.9888126850128174	0.8283072113990784	0.6246775984764099	1.2525893449783325	6.798105716705322	0.004483372438699007	1.3538047075271606	3.8444929122924805	0.002541530644521117	2.266996383666992	7.29912805557251	0.003983427304774523
14300.0	-14661.322265625	-4026.25537109375	-5981.12646484375	-4653.94091796875	1.9888485670089722	0.8278266787528992	0.6244826912879944	1.256060004234314	6.859358787536621	0.004484496079385281	1.3597464561462402	3.899703025817871	0.0025417236611247063	2.2770607471466064	7.372231483459473	0.003983932547271252
14400.0	-14665.3349609375	-4026.42529296875	-5983.35986328125	-4655.5498046875	1.9890148639678955	0.8273634314537048	0.6242866516113281	1.2600122690200806	6.920408248901367	0.004484347999095917	1.3659580945968628	3.9558892250061035	0.0025418756995350122	2.287140369415283	7.445493698120117	0.0039845299907028675
14500.0	-14669.404296875	-4026.68212890625	-5985.58056640625	-4657.1416015625	1.9905518293380737	0.8269238471984863	0.6240934133529663	1.264298439025879	6.981173992156982	0.004483810160309076	1.3724859952926636	4.0129170417785645	0.0025418971199542284	2.297257661819458	7.518905162811279	0.003985042218118906
14600.0	-14673.4140625	-4026.947998046875	-5987.77197265625	-4658.69482421875	1.9914653301239014	0.8265115022659302	0.6239016056060791	1.2673362493515015	7.042022705078125	0.004483416210860014	1.3793318271636963	4.070656776428223	0.0025417909491807222	2.307448387145996	7.5924506187438965	0.003985462710261345
14700.0	-14677.208984375	-4027.031982421875	-5989.953125	-4660.22412109375	1.9915194511413574	0.826134443283081	0.6237166523933411	1.270928144454956	7.102624893188477	0.004482423420995474	1.3864964246749878	4.128993988037109	0.0025417220313102007	2.317741870880127	7.666115760803223	0.003986032214015722
14800.0	-14615.7548828125	-3961.958984375	-5992.0830078125	-4661.712890625	1.9603796005249023	0.8257814049720764	0.6235389113426208	1.2424508333206177	7.172762870788574	0.006890112534165382	1.393944263458252	4.1878275871276855	0.002541624242439866	2.3281683921813965	7.739877223968506	0.003986545838415623
14900.0	-14684.4287109375	-4027.06591796875	-5994.18701171875	-4663.17578125	1.959842324256897	0.8254573941230774	0.6233689188957214	1.2428178787231445	7.179319381713867	0.004483955912292004	1.4016287326812744	4.24707555770874	0.0025414410047233105	2.3387410640716553	7.813715934753418	0.0039870403707027435
15000.0	-14687.947265625	-4027.088134765625	-5996.248046875	-4664.611328125	1.959842324256897	0.8251553773880005	0.6232088804244995	1.243762731552124	7.185613632202148	0.004483205731958151	1.4095076322555542	4.306672096252441	0.0025413306429982185	2.3494575023651123	7.887609481811523	0.003987530246376991
15100.0	-14691.384765625	-4027.106201171875	-5998.25341796875	-4666.025390625	1.959842324256897	0.8248716592788696	0.6230593323707581	1.2447340488433838	7.192212104797363	0.00448314705863595	1.4175221920013428	4.366568088531494	0.002541196532547474	2.3603408336639404	7.961524486541748	0.003987981006503105
15200.0	-14694.734375	-4027.12548828125	-6000.22265625	-4667.38623046875	1.959842324256897	0.8246015906333923	0.6229187846183777	1.2457321882247925	7.199127674102783	0.004483129363507032	1.4256317615509033	4.426728248596191	0.0025410079397261143	2.371377944946289	8.035459518432617	0.003988476470112801
15300.0	-14698.013671875	-4027.150390625	-6002.1416015625	-4668.72216796875	1.959842324256897	0.8243426084518433	0.6227841973304749	1.2467594146728516	7.206374645233154	0.004483072552829981	1.433785080909729	4.487135887145996	0.0025408414658159018	2.382547378540039	8.109369277954102	0.003988916520029306
15400.0	-14701.212890625	-4027.170166015625	-6004.0107421875	-4670.03271484375	1.959842324256897	0.8240956664085388	0.6226615905761719	1.2478200197219849	7.213967800140381	0.004483050666749477	1.4419554471969604	4.547775745391846	0.002540813060477376	2.393876075744629	8.183279037475586	0.003989459481090307
15500.0	-14704.341796875	-4027.19189453125	-6005.8388671875	-4671.31005859375	1.959842324256897	0.8238529562950134	0.6225495934486389	1.2489081621170044	7.221921443939209	0.004482999909669161	1.4500925540924072	4.608649730682373	0.0025407765060663223	2.4053473472595215	8.257171630859375	0.0039899335242807865
15600.0	-14707.40625	-4027.22021484375	-6007.6220703125	-4672.56396484375	1.959842324256897	0.823613703250885	0.6224428415298462	1.2500271797180176	7.230251789093018	0.004482978489249945	1.458168625831604	4.669773101806641	0.002540593734011054	2.416910171508789	8.330986022949219	0.003990416415035725
15700.0	-14710.400390625	-4027.2431640625	-6009.3740234375	-4673.783203125	1.959842324256897	0.8233732581138611	0.6223452687263489	1.2511733770370483	7.238976001739502	0.004482875112444162	1.4661604166030884	4.731166839599609	0.0025405401829630136	2.428603172302246	8.40477180480957	0.0039909882470965385
15800.0	-14713.322265625	-4027.2685546875	-6011.0869140625	-4674.966796875	1.959842324256897	0.8231322765350342	0.6222518086433411	1.252346396446228	7.248110771179199	0.004482906311750412	1.4740418195724487	4.792862415313721	0.0025405522901564837	2.4403815269470215	8.478490829467773	0.003991506062448025
15900.0	-14716.169921875	-4027.295654296875	-6012.7548828125	-4676.119140625	1.959842324256897	0.8228887319564819	0.6221675872802734	1.2535459995269775	7.257669448852539	0.004482833202928305	1.4818059206008911	4.854897499084473	0.0025404521729797125	2.4522547721862793	8.552143096923828	0.003992053214460611
16000.0	-14718.966796875	-4027.322509765625	-6014.3896484375	-4677.25537109375	1.959842324256897	0.8226431608200073	0.6220924258232117	1.2547781467437744	7.267673969268799	0.004482821561396122	1.4894405603408813	4.9173126220703125	0.002540633315220475	2.4642767906188965	8.625748634338379	0.003992544487118721
16100.0	-14721.697265625	-4027.35205078125	-6016.0078125	-4678.33740234375	1.959842324256897	0.822391152381897	0.6220197081565857	1.2560372352600098	7.27814245223999	0.004482793156057596	1.4969485998153687	4.980145454406738	0.002540618646889925	2.476290225982666	8.6992769241333	0.003993252757936716
16200.0	-14724.41015625	-4027.38134765625	-6017.599609375	-4679.43017578125	1.959842324256897	0.8221394419670105	0.6219526529312134	1.2573274374008179	7.289095878601074	0.004482717253267765	1.5043569803237915	5.043429851531982	0.0025406768545508385	2.4884254932403564	8.772747039794922	0.003993811551481485
16300.0	-14727.056640625	-4027.416015625	-6019.1689453125	-4680.47119140625	1.959842324256897	0.8218848705291748	0.6218958497047424	1.2586390972137451	7.300551414489746	0.004482591990381479	1.5117045640945435	5.107180118560791	0.0025407045613974333	2.500640392303467	8.846179962158203	0.003994380589574575
16400.0	-14729.65234375	-4027.447998046875	-6020.7080078125	-4681.49609375	1.959842324256897	0.8216354250907898	0.6218404769897461	1.2599760293960571	7.31252908706665	0.004482609685510397	1.519036889076233	5.171396255493164	0.0025407355278730392	2.5128893852233887	8.91953182220459	0.003995031584054232
16500.0	-14732.21875	-4027.480224609375	-6022.240234375	-4682.498046875	1.959842324256897	0.821391761302948	0.6217893362045288	1.2613389492034912	7.325048923492432	0.004482591524720192	1.5263973474502563	5.236064434051514	0.0025406579952687025	2.525181770324707	8.99286937713623	0.003995656967163086
16600.0	-14734.708984375	-4027.514404296875	-6023.7255859375	-4683.46923828125	1.959842324256897	0.8211630582809448	0.6217395663261414	1.2627270221710205	7.338129997253418	0.004482435528188944	1.5338362455368042	5.3011474609375	0.0025407206267118454	2.537492036819458	9.066184043884277	0.003996339626610279
16700.0	-14737.1748046875	-4027.5546875	-6025.1943359375	-4684.42578125	1.959842324256897	0.8209457397460938	0.6216919422149658	1.2641352415084839	7.351795673370361	0.0044824108481407166	1.5414021015167236	5.366593360900879	0.0025407709181308746	2.5497756004333496	9.139426231384277	0.003996952436864376
16800.0	-14739.5830078125	-4027.59033203125	-6026.63037109375	-4685.3623046875	1.959842324256897	0.8207495212554932	0.6216399669647217	1.265576720237732	7.36606502532959	0.0044824243523180485	1.5491323471069336	5.432338237762451	0.0025407373905181885	2.5620076656341553	9.212717056274414	0.003997682593762875
16900.0	-14741.94140625	-4027.630859375	-6028.04541015625	-4686.26513671875	1.959842324256897	0.8205764889717102	0.6215857267379761	1.267042875289917	7.3809638023376465	0.004482325632125139	1.557037591934204	5.498309135437012	0.002540675224736333	2.574185848236084	9.286054611206055	0.003998476546257734
17000.0	-14744.2421875	-4027.672607421875	-6029.4130859375	-4687.15673828125	1.959842324256897	0.820419430732727	0.621527373790741	1.268520474433899	7.396519660949707	0.004482231102883816	1.56512451171875	5.564428806304932	0.0025407124776393175	2.586217164993286	9.359442710876465	0.0039992183446884155
17100.0	-14746.50390625	-4027.71044921875	-6030.755859375	-4688.037109375	1.959842324256897	0.8202890157699585	0.6214599013328552	1.2700210809707642	7.412747383117676	0.004482212010771036	1.5733721256256104	5.6306233406066895	0.0025406975764781237	2.598097324371338	9.432929992675781	0.003999874461442232
17200.0	-14748.697265625	-4027.75830078125	-6032.05517578125	-4688.8837890625	1.959842324256897	0.8201744556427002	0.6213813424110413	1.2715485095977783	7.429667949676514	0.004482083022594452	1.581742525100708	5.696833610534668	0.002540653571486473	2.6097960472106934	9.506575584411621	0.004000871907919645
17300.0	-14750.853515625	-4027.80322265625	-6033.33447265625	-4689.7158203125	1.959842324256897	0.8200717568397522	0.6212931275367737	1.2730962038040161	7.447310924530029	0.004482109099626541	1.5901952981948853	5.763000965118408	0.0025406174827367067	2.6212658882141113	9.580426216125488	0.004001728259027004
17400.0	-14752.955078125	-4027.8447265625	-6034.55517578125	-4690.5546875	1.959842324256897	0.8199834227561951	0.6211848855018616	1.2746657133102417	7.465700149536133	0.004481975920498371	1.5986886024475098	5.829093933105469	0.0025406780187040567	2.632427453994751	9.654541015625	0.004002537578344345
17500.0	-14754.998046875	-4027.89453125	-6035.7421875	-4691.36083984375	1.959842324256897	0.8199020028114319	0.6210644245147705	1.2762466669082642	7.484857082366943	0.0044819968752563	1.6071490049362183	5.895101070404053	0.0025407099165022373	2.6433558464050293	9.728976249694824	0.0040034097619354725
17600.0	-14757.0224609375	-4027.94580078125	-6036.8984375	-4692.1787109375	1.959842324256897	0.8198171854019165	0.6209266781806946	1.2778514623641968	7.504805088043213	0.004481851123273373	1.615517258644104	5.961025714874268	0.0025407338980585337	2.6540024280548096	9.803803443908691	0.00400434760376811
17700.0	-14758.9892578125	-4027.99658203125	-6038.01611328125	-4692.9765625	1.959842324256897	0.8197363018989563	0.6207781434059143	1.2794750928878784	7.525566577911377	0.004481816664338112	1.6237705945968628	6.026892185211182	0.0025408926885575056	2.6644322872161865	9.87907600402832	0.004005227237939835
17800.0	-14760.9208984375	-4028.045654296875	-6039.09765625	-4693.77734375	1.959842324256897	0.8196472525596619	0.6206091642379761	1.2811263799667358	7.547173976898193	0.0044817132875323296	1.6318753957748413	6.092743396759033	0.0025409546215087175	2.674589157104492	9.954854011535645	0.004006090573966503
17900.0	-14762.828125	-4028.103759765625	-6040.1630859375	-4694.56201171875	1.959842324256897	0.8195496797561646	0.6204301118850708	1.2827991247177124	7.569650650024414	0.004481696989387274	1.639780044555664	6.158604145050049	0.0025411073584109545	2.6846070289611816	10.031197547912598	0.004007178824394941
18000.0	-14764.7080078125	-4028.157958984375	-6041.18994140625	-4695.3603515625	1.959842324256897	0.819447934627533	0.6202374696731567	1.2844908237457275	7.593011856079102	0.004481536336243153	1.6475449800491333	6.224528789520264	0.0025412612594664097	2.6943888664245605	10.108146667480469	0.004007899202406406
18100.0	-14766.544921875	-4028.2138671875	-6042.19580078125	-4696.134765625	1.959842324256897	0.8193435668945312	0.6200425028800964	1.2862085103988647	7.617281913757324	0.004481528885662556	1.655221939086914	6.290550231933594	0.002541385358199477	2.704162359237671	10.185738563537598	0.004008881282061338
18200.0	-14768.3876953125	-4028.27880859375	-6043.18212890625	-4696.9267578125	1.959842324256897	0.8192398548126221	0.6198390126228333	1.2879447937011719	7.642488956451416	0.00448134308680892	1.6628035306930542	6.356685161590576	0.002541549503803253	2.7138853073120117	10.263985633850098	0.004009834956377745
18300.0	-14770.150390625	-4028.33349609375	-6044.1259765625	-4697.69140625	1.959842324256897	0.8191351294517517	0.6196455955505371	1.2897038459777832	7.668648719787598	0.004481361247599125	1.6703344583511353	6.422947406768799	0.0025417497381567955	2.7237420082092285	10.342890739440918	0.00401078537106514
18400.0	-14771.931640625	-4028.39453125	-6045.06005859375	-4698.4765625	1.959842324256897	0.8190411329269409	0.6194545030593872	1.2914972305297852	7.6957855224609375	0.004481285810470581	1.6778618097305298	6.489327907562256	0.0025419939775019884	2.733778476715088	10.422441482543945	0.004011600278317928
18500.0	-14773.6796875	-4028.4580078125	-6045.9755859375	-4699.24658203125	1.959842324256897	0.8189471960067749	0.6192684769630432	1.293326735496521	7.723919868469238	0.004481049720197916	1.6854503154754639	6.555810451507568	0.002542149042710662	2.743981122970581	10.50259780883789	0.0040124934166669846
18600.0	-14775.392578125	-4028.526123046875	-6046.8564453125	-4700.009765625	1.959842324256897	0.8188686966896057	0.619093656539917	1.295186161994934	7.753059387207031	0.004481067415326834	1.6930898427963257	6.6223602294921875	0.002542444271966815	2.7545084953308105	10.583320617675781	0.004013372585177422
18700.0	-14777.083984375	-4028.595458984375	-6047.72265625	-4700.76513671875	1.959842324256897	0.8187971711158752	0.6189444661140442	1.297072172164917	7.783210277557373	0.004480993840843439	1.7007745504379272	6.688957691192627	0.002542568603530526	2.7654671669006348	10.664543151855469	0.004014237783849239
18800.0	-14778.75	-4028.66259765625	-6048.55029296875	-4701.537109375	1.959842324256897	0.8187351226806641	0.6188129186630249	1.2990010976791382	7.814411640167236	0.004480783361941576	1.7085143327713013	6.7555718421936035	0.002542875474318862	2.7767577171325684	10.746196746826172	0.004014903213828802
18900.0	-14780.404296875	-4028.73583984375	-6049.3740234375	-4702.29541015625	1.959842324256897	0.8186843991279602	0.618698239326477	1.3009634017944336	7.846656799316406	0.004480582661926746	1.716318964958191	6.822150230407715	0.002542998641729355	2.7885711193084717	10.828202247619629	0.004015566315501928
19000.0	-14782.0009765625	-4028.80029296875	-6050.169921875	-4703.0302734375	1.959842324256897	0.8186346292495728	0.61861652135849	1.3029536008834839	7.879959583282471	0.004480626434087753	1.7241257429122925	6.888678073883057	0.002543266862630844	2.8007495403289795	10.910483360290527	0.004016320686787367
19100.0	-14783.5966796875	-4028.875	-6050.9248046875	-4703.796875	1.959842324256897	0.8185870051383972	0.6185487508773804	1.3049806356430054	7.914317607879639	0.004480450414121151	1.7319213151931763	6.955138206481934	0.0025435700081288815	2.813420295715332	10.992944717407227	0.00401694979518652
19200.0	-14785.146484375	-4028.9453125	-6051.6748046875	-4704.5263671875	1.959842324256897	0.8185458183288574	0.6185131669044495	1.3070459365844727	7.949735164642334	0.004480330739170313	1.7396368980407715	7.021535396575928	0.0025437623262405396	2.826453447341919	11.075525283813477	0.0040173907764256
19300.0	-14786.65625	-4029.02099609375	-6052.3955078125	-4705.240234375	1.959842324256897	0.8184999227523804	0.6184873580932617	1.3091707229614258	7.986220359802246	0.004480196163058281	1.7472926378250122	7.087872505187988	0.002543982118368149	2.8397796154022217	11.158113479614258	0.004017992410808802
19400.0	-14788.140625	-4029.0986328125	-6053.10302734375	-4705.93994140625	1.959842324256897	0.8184479475021362	0.6185076236724854	1.3113319873809814	8.023773193359375	0.004480005707591772	1.754799723625183	7.154159069061279	0.002544210059568286	2.853508949279785	11.240701675415039	0.0040186611004173756
19500.0	-14789.59765625	-4029.177490234375	-6053.7900390625	-4706.6298828125	1.959842324256897	0.8183866143226624	0.6184936761856079	1.3135499954223633	8.06237506866455	0.004479842726141214	1.7621537446975708	7.220439434051514	0.00254453276284039	2.867499351501465	11.323258399963379	0.004019307903945446
19600.0	-14791.03515625	-4029.256591796875	-6054.447265625	-4707.33154296875	1.959842324256897	0.8183197379112244	0.6184858083724976	1.3158161640167236	8.10201644897461	0.00447968440130353	1.7693358659744263	7.286765098571777	0.002544795861467719	2.8816728591918945	11.405715942382812	0.004019612446427345
19700.0	-14792.421875	-4029.33349609375	-6055.0947265625	-4707.99365234375	1.959842324256897	0.8182401061058044	0.6185422539710999	1.318146824836731	8.142683029174805	0.004479632247239351	1.7763346433639526	7.353174686431885	0.002545121591538191	2.8958330154418945	11.488066673278809	0.004020305350422859
19800.0	-14793.7890625	-4029.41064453125	-6055.7275390625	-4708.650390625	1.959842324256897	0.8181467652320862	0.6185508966445923	1.3205208778381348	8.184358596801758	0.004479485098272562	1.7831541299819946	7.419708728790283	0.002545417519286275	2.910278081893921	11.570300102233887	0.004020658787339926
19900.0	-14795.1328125	-4029.494140625	-6056.345703125	-4709.29345703125	1.959842324256897	0.8180409669876099	0.6185541749000549	1.3229401111602783	8.226996421813965	0.0044792466796934605	1.7897350788116455	7.486443519592285	0.0025458913296461105	2.9246342182159424	11.652408599853516	0.004021314438432455
20000.0	-14796.4453125	-4029.56640625	-6056.9482421875	-4709.93017578125	1.959842324256897	0.8179264664649963	0.6186153292655945	1.3254058361053467	8.270587921142578	0.004479335620999336	1.796151876449585	7.553415298461914	0.0025462519843131304	2.9389078617095947	11.734415054321289	0.004021706525236368
20100.0	-14797.73828125	-4029.645263671875	-6057.54345703125	-4710.5498046875	1.959842324256897	0.817794919013977	0.6186196804046631	1.3279043436050415	8.315096855163574	0.004479065537452698	1.802412509918213	7.620663642883301	0.0025465181097388268	2.9530909061431885	11.816335678100586	0.004022332839667797
20200.0	-14799.01953125	-4029.72705078125	-6058.13134765625	-4711.1611328125	1.959842324256897	0.8176587224006653	0.61867755651474	1.3304585218429565	8.36049747467041	0.004478974733501673	1.8085172176361084	7.6882243156433105	0.002547148847952485	2.967270851135254	11.89821720123291	0.004022856708616018
20300.0	-14800.2705078125	-4029.80810546875	-6058.703125	-4711.7587890625	1.959842324256897	0.8175068497657776	0.6187205910682678	1.3330867290496826	8.406779289245605	0.004478749819099903	1.8144577741622925	7.7561259269714355	0.002547372132539749	2.981126070022583	11.980098724365234	0.004023584071546793
20400.0	-14801.50390625	-4029.884765625	-6059.2646484375	-4712.35400390625	1.959842324256897	0.817352294921875	0.6187166571617126	1.3357601165771484	8.453887939453125	0.0044785477221012115	1.820322036743164	7.824382305145264	0.002547834301367402	2.994854211807251	12.062019348144531	0.004023996647447348
20500.0	-14802.703125	-4029.966064453125	-6059.826171875	-4712.9111328125	1.959842324256897	0.817177951335907	0.6186830401420593	1.3384757041931152	8.501770973205566	0.0044783009216189384	1.8259943723678589	7.89301061630249	0.002548030810430646	3.008478879928589	12.144013404846191	0.004024820867925882
20600.0	-14803.919921875	-4030.04296875	-6060.37109375	-4713.505859375	1.959842324256897	0.8169957399368286	0.6187121868133545	1.3412823677062988	8.55038070678711	0.0044781542383134365	1.8315503597259521	7.962038040161133	0.00254829041659832	3.0216639041900635	12.226134300231934	0.004025334492325783
20700.0	-14805.099609375	-4030.125	-6060.90966796875	-4714.064453125	1.959842324256897	0.8168020844459534	0.6187277436256409	1.344107985496521	8.59963607788086	0.004477790091186762	1.8369529247283936	8.031477928161621	0.0025486666709184647	3.034731864929199	12.308425903320312	0.004025882109999657
20800.0	-14806.2626953125	-4030.19384765625	-6061.43505859375	-4714.6337890625	1.959842324256897	0.8165999054908752	0.6186865568161011	1.3469929695129395	8.64947509765625	0.0044777486473321915	1.8422514200210571	8.101347923278809	0.002549178432673216	3.0477397441864014	12.390925407409668	0.004026610869914293
20900.0	-14807.419921875	-4030.271484375	-6061.96533203125	-4715.18359375	1.959842324256897	0.8163795471191406	0.6186591386795044	1.3498890399932861	8.699851989746094	0.00447774538770318	1.8473225831985474	8.171687126159668	0.002549767727032304	3.0603249073028564	12.473686218261719	0.004026961978524923
21000.0	-14808.5244140625	-4030.34765625	-6062.435546875	-4715.7412109375	1.959842324256897	0.8161091804504395	0.6186803579330444	1.3528000116348267	8.750666618347168	0.0044773044064641	1.8522087335586548	8.242545127868652	0.0025726507883518934	3.072840690612793	12.556732177734375	0.004027943126857281
21100.0	-14809.630859375	-4030.41162109375	-6062.9384765625	-4716.28125	1.959842324256897	0.8158765435218811	0.6186274886131287	1.3557324409484863	8.801837921142578	0.004477352369576693	1.8569297790527344	8.313968658447266	0.002582838060334325	3.0851993560791016	12.640082359313965	0.004028422757983208
21200.0	-14810.8271484375	-4030.48583984375	-6063.52734375	-4716.8134765625	1.959842324256897	0.8156315088272095	0.6185908317565918	1.358736515045166	8.853327751159668	0.00447651743888855	1.8614567518234253	8.386011123657227	0.0025531628634780645	3.097574472427368	12.723763465881348	0.004029336851090193
21300.0	-14811.8984375	-4030.499755859375	-6064.025390625	-4717.37255859375	1.959842324256897	0.8153569102287292	0.6185667514801025	1.3618041276931763	8.90500259399414	0.004422890953719616	1.8658262491226196	8.458724021911621	0.002556490944698453	3.109738826751709	12.807757377624512	0.004029605071991682
21400.0	-14813.0224609375	-4030.61962890625	-6064.5068359375	-4717.8955078125	1.959842324256897	0.8150498867034912	0.6184753179550171	1.3648955821990967	8.956787109375	0.0044744196347892284	1.8700295686721802	8.532174110412598	0.0025682931300252676	3.12190842628479	12.892099380493164	0.004030390176922083
21500.0	-14813.7236328125	-4030.678466796875	-6064.6103515625	-4718.4345703125	1.959842324256897	0.8147247433662415	0.6185224056243896	1.3680087327957153	9.008563041687012	0.004480729345232248	1.8740729093551636	8.606407165527344	0.002630275674164295	3.133946180343628	12.976763725280762	0.004031012300401926
21600.0	-14814.9326171875	-4030.74072265625	-6065.22900390625	-4718.962890625	1.959842324256897	0.8144255876541138	0.6184349060058594	1.371191382408142	9.060219764709473	0.004505851771682501	1.8779882192611694	8.681453704833984	0.002603308530524373	3.1460418701171875	13.061761856079102	0.004031564574688673
21700.0	-14816.16796875	-4030.798095703125	-6065.87109375	-4719.49951171875	1.959842324256897	0.8141117095947266	0.6183924078941345	1.3743813037872314	9.111713409423828	0.0044768983498215675	1.8818466663360596	8.757346153259277	0.0025823430623859167	3.1582417488098145	13.147051811218262	0.004032163880765438
21800.0	-14817.353515625	-4030.85498046875	-6066.49658203125	-4720.001953125	1.959842324256897	0.8137767910957336	0.6183292269706726	1.37752366065979	9.162944793701172	0.004480368923395872	1.8856254816055298	8.834081649780273	0.002587749855592847	3.1703970432281494	13.232605934143066	0.00403296435251832
21900.0	-14818.5126953125	-4030.904052734375	-6067.07080078125	-4720.5380859375	1.959842324256897	0.8134766817092896	0.618308961391449	1.380629062652588	9.213794708251953	0.004470278974622488	1.8894102573394775	8.911630630493164	0.002554411767050624	3.1825945377349854	13.318424224853516	0.004033450968563557
22000.0	-14819.4951171875	-4030.874267578125	-6067.58935546875	-4721.03125	1.959842324256897	0.8131535649299622	0.6182572841644287	1.3837859630584717	9.264188766479492	0.004543280694633722	1.8932853937149048	8.989925384521484	0.0025506920646876097	3.1949045658111572	13.404464721679688	0.0040342300198972225
22100.0	-14820.63671875	-4031.00390625	-6068.07373046875	-4721.55859375	1.959842324256897	0.812836229801178	0.6182482838630676	1.3869094848632812	9.314051628112793	0.00447610579431057	1.8971800804138184	9.068897247314453	0.002564712194725871	3.207300901412964	13.490687370300293	0.004034625366330147
22200.0	-14820.6572265625	-4031.04931640625	-6067.55126953125	-4722.056640625	1.959842324256897	0.8126438856124878	0.6181909441947937	1.3899593353271484	9.3633394241333	0.004478608723729849	1.901102066040039	9.148448944091797	0.002463533543050289	3.2198116779327393	13.57706069946289	0.004035118035972118
22300.0	-14822.72265625	-4031.08935546875	-6069.0849609375	-4722.548828125	1.959842324256897	0.8122191429138184	0.6182056069374084	1.393090844154358	9.41198444366455	0.004484785255044699	1.905288577079773	9.22847843170166	0.002557686297222972	3.2322466373443604	13.663558959960938	0.004036028403788805
22400.0	-14823.7578125	-4031.13232421875	-6069.5830078125	-4723.04296875	1.959842324256897	0.8119248747825623	0.6181741952896118	1.3960919380187988	9.459980010986328	0.004473410546779633	1.9094328880310059	9.308858871459961	0.002557187806814909	3.2448596954345703	13.750155448913574	0.004036326892673969
22500.0	-14824.755859375	-4031.152099609375	-6070.072265625	-4723.53076171875	1.959842324256897	0.811637818813324	0.6181299686431885	1.3990483283996582	9.507232666015625	0.0045028505846858025	1.9137061834335327	9.389488220214844	0.002553368918597698	3.2576277256011963	13.836844444274902	0.004036937840282917
22600.0	-14825.7255859375	-4031.166015625	-6070.54541015625	-4724.0146484375	1.959842324256897	0.8113564848899841	0.6181302070617676	1.4019408226013184	9.5537748336792	0.004431668668985367	1.9179598093032837	9.47026538848877	0.0025654463097453117	3.270261526107788	13.923574447631836	0.004037198144942522
22700.0	-14826.755859375	-4031.232666015625	-6071.03369140625	-4724.4892578125	1.959842324256897	0.8110800385475159	0.6181554198265076	1.4047256708145142	9.599527359008789	0.004474168177694082	1.9222338199615479	9.551122665405273	0.0025420018937438726	3.2829320430755615	14.010358810424805	0.004037715494632721
22800.0	-14827.6748046875	-4031.220458984375	-6071.4814453125	-4724.97265625	1.959842324256897	0.8108134865760803	0.6181228756904602	1.407502293586731	9.64449691772461	0.004431518260389566	1.926462173461914	9.631977081298828	0.002538382774218917	3.2956197261810303	14.097150802612305	0.004038421902805567
22900.0	-14828.6552734375	-4031.282958984375	-6071.947265625	-4725.4248046875	1.959842324256897	0.8105044960975647	0.6180937886238098	1.410223126411438	9.688751220703125	0.004474909510463476	1.9306929111480713	9.712788581848145	0.002571521559730172	3.308331251144409	14.183989524841309	0.004038775805383921
23000.0	-14829.5654296875	-4031.29345703125	-6072.3896484375	-4725.8818359375	1.959842324256897	0.8102371096611023	0.6181030869483948	1.4128237962722778	9.732234001159668	0.004490949213504791	1.9347825050354004	9.793560981750488	0.002557861153036356	3.3210318088531494	14.270869255065918	0.004039331804960966
23100.0	-14830.46484375	-4031.31396484375	-6072.8173828125	-4726.333984375	1.9598424434661865	0.8099680542945862	0.6180875301361084	1.415365219116211	9.775084495544434	0.0044924113899469376	1.93874192237854	9.874312400817871	0.0025416614953428507	3.3337032794952393	14.357748985290527	0.004039700608700514
23200.0	-14831.3408203125	-4031.34033203125	-6073.2021484375	-4726.7978515625	1.9598424434661865	0.8097290992736816	0.6180800199508667	1.4176669120788574	9.817548751831055	0.004473231732845306	1.942557454109192	9.95505142211914	0.002536318963393569	3.3461358547210693	14.444640159606934	0.004040279425680637
23300.0	-14831.6845703125	-4031.193359375	-6073.236328125	-4727.2548828125	1.9598464965820312	0.8094770312309265	0.6180757284164429	1.419889211654663	9.859264373779297	0.00440077343955636	1.946269154548645	10.0358304977417	0.002488778904080391	3.358713388442993	14.531615257263184	0.004040570929646492
23400.0	-14833.0693359375	-4031.295654296875	-6074.08154296875	-4727.6923828125	1.9598464965820312	0.8090708255767822	0.6180792450904846	1.4224385023117065	9.900186538696289	0.004534340463578701	1.9497995376586914	10.116695404052734	0.0025935282465070486	3.3714613914489746	14.618590354919434	0.004040934145450592
23500.0	-14834.158203125	-4031.48291015625	-6074.546875	-4728.12841796875	1.9773715734481812	0.8088133931159973	0.6180388927459717	1.4144659042358398	9.944310188293457	0.004430280067026615	1.9532390832901	10.197704315185547	0.00255137518979609	3.383970022201538	14.705647468566895	0.004041579551994801
23600.0	-14834.9619140625	-4031.462646484375	-6074.9619140625	-4728.537109375	1.9820762872695923	0.808506429195404	0.618044376373291	1.4237830638885498	9.983826637268066	0.00455276807770133	1.9564639329910278	10.278914451599121	0.00255814497359097	3.396418571472168	14.792769432067871	0.004042081534862518
23700.0	-14835.8505859375	-4031.550048828125	-6075.310546875	-4728.990234375	1.9821600914001465	0.8081867098808289	0.6179765462875366	1.4278749227523804	10.022818565368652	0.004507086239755154	1.9595654010772705	10.360383033752441	0.0025638635270297527	3.4089832305908203	14.879964828491211	0.004042141605168581
23800.0	-14836.43359375	-4031.589111328125	-6075.4580078125	-4729.38671875	1.982175350189209	0.8078392148017883	0.6180551648139954	1.430470585823059	10.061334609985352	0.004460962023586035	1.9626580476760864	10.442163467407227	0.0026323532219976187	3.4215948581695557	14.96725082397461	0.004042844753712416
23900.0	-14837.525390625	-4031.533203125	-6076.1591796875	-4729.8330078125	1.982175350189209	0.8075851202011108	0.6180290579795837	1.4326213598251343	10.099836349487305	0.004424053709954023	1.965532660484314	10.524283409118652	0.002555491868406534	3.433993101119995	15.05463981628418	0.0040430030785501
24000.0	-14838.400390625	-4031.60791015625	-6076.56787109375	-4730.224609375	1.982175350189209	0.8072747588157654	0.618059515953064	1.4347155094146729	10.138051986694336	0.004454971756786108	1.9684704542160034	10.60676383972168	0.002555983839556575	3.4466311931610107	15.142121315002441	0.0040438417345285416
24100.0	-14839.234375	-4031.614990234375	-6076.97265625	-4730.646484375	1.9821754693984985	0.8069610595703125	0.6180278062820435	1.4367140531539917	10.176057815551758	0.004469688516110182	1.9713414907455444	10.68963623046875	0.002563058864325285	3.459393262863159	15.229711532592773	0.004044279456138611
24200.0	-14840.103515625	-4031.707763671875	-6077.361328125	-4731.03369140625	1.9821757078170776	0.8066531419754028	0.6180877089500427	1.438578486442566	10.213786125183105	0.004476223140954971	1.974204659461975	10.772887229919434	0.0025571284350007772	3.47204852104187	15.317418098449707	0.0040449644438922405
24300.0	-14840.4814453125	-4031.28466796875	-6077.7431640625	-4731.4541015625	1.9822438955307007	0.8063497543334961	0.6180651783943176	1.4389253854751587	10.252060890197754	0.004503266885876656	1.977076530456543	10.856511116027832	0.0025559677742421627	3.484757661819458	15.405227661132812	0.004045219626277685
24400.0	-14841.7978515625	-4031.8232421875	-6078.12744140625	-4731.8466796875	1.9823752641677856	0.8060621023178101	0.6180676817893982	1.4419265985488892	10.289447784423828	0.004464244470000267	1.9800143241882324	10.940481185913086	0.0025530674029141665	3.4977762699127197	15.493144035339355	0.004045519977807999
24500.0	-14842.439453125	-4031.678466796875	-6078.513671875	-4732.24658203125	1.9823893308639526	0.8057628870010376	0.6182234883308411	1.4440211057662964	10.327425956726074	0.004489286802709103	1.9829696416854858	11.024760246276855	0.002564474241808057	3.5109190940856934	15.58116340637207	0.0040458994917571545
24600.0	-14843.2158203125	-4031.69482421875	-6078.89599609375	-4732.625	1.9822977781295776	0.8054800629615784	0.6182077527046204	1.444809913635254	10.364531517028809	0.004467101767659187	1.9860353469848633	11.109312057495117	0.002558196196332574	3.5242156982421875	15.669279098510742	0.0040465169586241245
24700.0	-14843.931640625	-4031.6826171875	-6079.22119140625	-4733.02734375	1.982311487197876	0.8052273392677307	0.6182875633239746	1.447957158088684	10.402826309204102	0.004427243489772081	1.9891701936721802	11.19408130645752	0.0025419534649699926	3.537545680999756	15.757474899291992	0.004047023132443428
24800.0	-14844.6728515625	-4031.701171875	-6079.5849609375	-4733.38671875	1.9824379682540894	0.8049334287643433	0.6183192729949951	1.4495958089828491	10.441845893859863	0.004519711248576641	1.9924595355987549	11.279006958007812	0.0025856688152998686	3.5512070655822754	15.845736503601074	0.00404764711856842
24900.0	-14845.396484375	-4031.68896484375	-6079.927734375	-4733.779296875	1.9765185117721558	0.8046759963035583	0.6184359192848206	1.4458441734313965	10.481889724731445	0.004474227782338858	1.9957882165908813	11.36403751373291	0.002581136766821146	3.5649681091308594	15.934046745300293	0.004047708585858345
25000.0	-14845.673828125	-4031.435546875	-6080.09228515625	-4734.146484375	1.9476813077926636	0.8044247627258301	0.6185964345932007	1.4345448017120361	10.525571823120117	0.004422122612595558	1.9992470741271973	11.449106216430664	0.002601769519969821	3.5789387226104736	16.022357940673828	0.004048390779644251
