failure mode,unit number,"time, in cycles",T42
1,1,1,0.14827
1,1,2,0.085136
1,1,3,-0.072914
1,1,4,0.086487
1,1,5,0.20919
1,1,6,0.17242
1,1,7,0.16731
1,1,8,0.23947
1,1,9,0.12321
1,1,10,0.077426
1,1,11,0.050835
1,1,12,0.10443
1,1,13,0.13947
1,1,14,0.097094
1,1,15,0.05736
1,1,16,0.21023
1,1,17,0.27443
1,1,18,0.29521
1,1,19,0.10899
1,1,20,0.076178
1,1,21,0.15404
1,1,22,0.22853
1,1,23,0.17993
1,1,24,0.28804
1,1,25,0.18132
1,1,26,0.17127
1,1,27,0.17885
1,1,28,0.24575
1,1,29,0.36337
1,1,30,0.22357
1,1,31,0.22371
1,1,32,0.22267
1,1,33,0.26882
1,1,34,0.30179
1,1,35,0.38282
1,1,36,0.30751
1,1,37,0.29601
1,1,38,0.35904
1,1,39,0.28622
1,1,40,0.2192
1,1,41,0.34159
1,1,42,0.26959
1,1,43,0.3228
1,1,44,0.23186
1,1,45,0.49708
1,1,46,0.29448
1,1,47,0.3682
1,1,48,0.41611
1,1,49,0.47535
1,1,50,0.331
1,1,51,0.49985
1,1,52,0.33563
1,1,53,0.50282
1,1,54,0.34092
1,1,55,0.41932
1,1,56,0.45089
1,1,57,0.46353
1,1,58,0.48081
1,1,59,0.53371
1,1,60,0.48476
1,1,61,0.43065
1,1,62,0.4706
1,1,63,0.35937
1,1,64,0.51705
1,1,65,0.43446
1,1,66,0.54425
1,1,67,0.57991
1,1,68,0.47253
1,1,69,0.46763
1,1,70,0.59384
1,1,71,0.52481
1,1,72,0.671
1,1,73,0.47241
1,1,74,0.60631
1,1,75,0.64608
1,1,76,0.53921
1,1,77,0.52437
1,1,78,0.64296
1,1,79,0.65563
1,1,80,0.57193
1,1,81,0.54911
1,1,82,0.69051
1,1,83,0.61415
1,1,84,0.68501
1,1,85,0.70318
1,1,86,0.66579
1,1,87,0.63962
1,1,88,0.71856
1,1,89,0.71263
1,1,90,0.79404
1,1,91,0.71994
1,1,92,0.63999
1,1,93,0.84198
1,1,94,0.76082
1,1,95,0.71131
1,1,96,0.78965
1,1,97,0.8092
1,1,98,0.67098
1,1,99,0.69978
1,1,100,0.82595
1,1,101,0.72962
1,1,102,0.84568
1,1,103,0.77239
1,1,104,0.73185
1,1,105,0.70573
1,1,106,0.91742
1,1,107,0.82522
1,1,108,0.89843
1,1,109,0.75435
1,1,110,0.78689
1,1,111,0.88861
1,1,112,0.87452
1,1,113,0.94995
1,1,114,0.88424
1,1,115,0.92401
1,1,116,0.94966
1,1,117,0.88807
1,1,118,0.86504
1,1,119,0.87246
1,1,120,0.87487
1,1,121,0.90177
1,2,1,0.016583
1,2,2,-0.0034335
1,2,3,0.13483
1,2,4,0.2233
1,2,5,0.087433
1,2,6,0.21446
1,2,7,0.065406
1,2,8,0.069298
1,2,9,0.00028384
1,2,10,0.13682
1,2,11,0.17385
1,2,12,0.1779
1,2,13,0.16587
1,2,14,0.22192
1,2,15,0.25202
1,2,16,0.083088
1,2,17,0.11026
1,2,18,0.2407
1,2,19,0.075427
1,2,20,0.07977
1,2,21,0.214
1,2,22,0.22956
1,2,23,0.12628
1,2,24,0.22142
1,2,25,0.26495
1,2,26,0.24219
1,2,27,0.20326
1,2,28,0.23208
1,2,29,0.17396
1,2,30,0.27726
1,2,31,0.30884
1,2,32,0.19619
1,2,33,0.2252
1,2,34,0.34607
1,2,35,0.21672
1,2,36,0.24908
1,2,37,0.19592
1,2,38,0.29449
1,2,39,0.33702
1,2,40,0.30235
1,2,41,0.30499
1,2,42,0.2673
1,2,43,0.37953
1,2,44,0.29879
1,2,45,0.27248
1,2,46,0.37117
1,2,47,0.45255
1,2,48,0.34518
1,2,49,0.31736
1,2,50,0.4166
1,2,51,0.37305
1,2,52,0.32853
1,2,53,0.33877
1,2,54,0.41358
1,2,55,0.51572
1,2,56,0.51934
1,2,57,0.40384
1,2,58,0.49673
1,2,59,0.49181
1,2,60,0.46191
1,2,61,0.54618
1,2,62,0.59959
1,2,63,0.40776
1,2,64,0.35008
1,2,65,0.59095
1,2,66,0.50774
1,2,67,0.50745
1,2,68,0.5466
1,2,69,0.52349
1,2,70,0.56402
1,2,71,0.50197
1,2,72,0.60745
1,2,73,0.48722
1,2,74,0.57961
1,2,75,0.44875
1,2,76,0.64965
1,2,77,0.61276
1,2,78,0.5948
1,2,79,0.65959
1,2,80,0.61036
1,2,81,0.71001
1,2,82,0.60458
1,2,83,0.70603
1,2,84,0.72552
1,2,85,0.69596
1,2,86,0.73412
1,2,87,0.74022
1,2,88,0.66765
1,2,89,0.6566
1,2,90,0.68008
1,2,91,0.72918
1,2,92,0.67649
1,2,93,0.71127
1,2,94,0.78036
1,2,95,0.63474
1,2,96,0.79627
1,2,97,0.79844
1,2,98,0.78055
1,2,99,0.86364
1,2,100,0.75109
1,2,101,0.8541
1,2,102,0.85012
1,2,103,0.75937
1,2,104,0.75713
1,2,105,0.90022
1,2,106,0.81725
1,2,107,0.80886
1,2,108,0.81519
1,2,109,0.80651
1,2,110,0.94866
1,2,111,0.8781
1,2,112,0.96492
1,2,113,0.88733
1,2,114,0.88412
1,2,115,0.91508
1,2,116,0.93459
1,2,117,0.81931
1,2,118,0.90247
1,2,119,0.95622
1,2,120,0.88199
1,2,121,0.87111
1,3,1,0.061068
1,3,2,0.16153
1,3,3,0.19502
1,3,4,0.084204
1,3,5,0.13102
1,3,6,0.11171
1,3,7,0.18747
1,3,8,0.27304
1,3,9,0.14568
1,3,10,0.08476
1,3,11,0.13825
1,3,12,0.13535
1,3,13,0.13323
1,3,14,0.049575
1,3,15,0.16438
1,3,16,0.019334
1,3,17,0.17419
1,3,18,0.25266
1,3,19,0.13817
1,3,20,0.21423
1,3,21,0.21443
1,3,22,0.053469
1,3,23,0.22057
1,3,24,0.27947
1,3,25,0.2445
1,3,26,0.18909
1,3,27,0.17782
1,3,28,0.2454
1,3,29,0.2222
1,3,30,0.24592
1,3,31,0.25548
1,3,32,0.12953
1,3,33,0.28543
1,3,34,0.35499
1,3,35,0.23501
1,3,36,0.32389
1,3,37,0.35347
1,3,38,0.28305
1,3,39,0.3793
1,3,40,0.41354
1,3,41,0.29555
1,3,42,0.26968
1,3,43,0.23643
1,3,44,0.44441
1,3,45,0.34182
1,3,46,0.28663
1,3,47,0.28579
1,3,48,0.37019
1,3,49,0.30983
1,3,50,0.41386
1,3,51,0.27931
1,3,52,0.36005
1,3,53,0.42694
1,3,54,0.47852
1,3,55,0.33236
1,3,56,0.42937
1,3,57,0.42736
1,3,58,0.41013
1,3,59,0.33436
1,3,60,0.45335
1,3,61,0.41975
1,3,62,0.42261
1,3,63,0.56148
1,3,64,0.50712
1,3,65,0.63711
1,3,66,0.46795
1,3,67,0.594
1,3,68,0.51571
1,3,69,0.46999
1,3,70,0.53789
1,3,71,0.56379
1,3,72,0.46736
1,3,73,0.62645
1,3,74,0.52811
1,3,75,0.53543
1,3,76,0.58279
1,3,77,0.55172
1,3,78,0.54221
1,3,79,0.59689
1,3,80,0.63394
1,3,81,0.65358
1,3,82,0.68524
1,3,83,0.61167
1,3,84,0.72536
1,3,85,0.70348
1,3,86,0.48493
1,3,87,0.73444
1,3,88,0.61603
1,3,89,0.70648
1,3,90,0.68906
1,3,91,0.81732
1,3,92,0.65173
1,3,93,0.67574
1,3,94,0.68085
1,3,95,0.80833
1,3,96,0.79466
1,3,97,0.74102
1,3,98,0.73968
1,3,99,0.65722
1,3,100,0.80077
1,3,101,0.75904
1,3,102,0.80235
1,3,103,0.8507
1,3,104,0.75678
1,3,105,0.90859
1,3,106,0.96858
1,3,107,0.75268
1,3,108,0.87329
1,3,109,0.89041
1,3,110,0.87758
1,3,111,0.79984
1,3,112,0.78348
1,3,113,0.87878
1,3,114,0.83317
1,3,115,0.92514
1,3,116,0.89257
1,3,117,0.81294
1,3,118,0.8568
1,3,119,0.85868
1,3,120,0.82052
1,3,121,0.88768
1,3,122,0.87091
1,3,123,1.0057
1,3,124,0.97731
1,4,1,0.10308
1,4,2,0.045184
1,4,3,0.1291
1,4,4,0.089034
1,4,5,0.04741
1,4,6,0.1809
1,4,7,0.19482
1,4,8,0.15779
1,4,9,0.12502
1,4,10,0.13714
1,4,11,0.027856
1,4,12,0.015387
1,4,13,0.11402
1,4,14,0.10026
1,4,15,0.097331
1,4,16,0.15966
1,4,17,0.15049
1,4,18,0.0635
1,4,19,0.23814
1,4,20,0.099945
1,4,21,0.11164
1,4,22,0.088501
1,4,23,0.21017
1,4,24,0.19441
1,4,25,0.17345
1,4,26,0.20473
1,4,27,0.23187
1,4,28,0.29932
1,4,29,0.21454
1,4,30,0.28042
1,4,31,0.31839
1,4,32,0.17455
1,4,33,0.28816
1,4,34,0.29575
1,4,35,0.18279
1,4,36,0.22448
1,4,37,0.3134
1,4,38,0.30698
1,4,39,0.38394
1,4,40,0.37566
1,4,41,0.28842
1,4,42,0.2714
1,4,43,0.3135
1,4,44,0.2818
1,4,45,0.33335
1,4,46,0.29395
1,4,47,0.34561
1,4,48,0.28634
1,4,49,0.45854
1,4,50,0.40841
1,4,51,0.36587
1,4,52,0.3538
1,4,53,0.49436
1,4,54,0.35552
1,4,55,0.48662
1,4,56,0.38284
1,4,57,0.44025
1,4,58,0.39141
1,4,59,0.4075
1,4,60,0.39324
1,4,61,0.36469
1,4,62,0.45357
1,4,63,0.53679
1,4,64,0.50838
1,4,65,0.44422
1,4,66,0.42439
1,4,67,0.56321
1,4,68,0.59989
1,4,69,0.41386
1,4,70,0.54574
1,4,71,0.4792
1,4,72,0.50225
1,4,73,0.44662
1,4,74,0.61941
1,4,75,0.51131
1,4,76,0.59371
1,4,77,0.53586
1,4,78,0.59882
1,4,79,0.47277
1,4,80,0.62387
1,4,81,0.66862
1,4,82,0.56132
1,4,83,0.68702
1,4,84,0.54723
1,4,85,0.64674
1,4,86,0.6714
1,4,87,0.51581
1,4,88,0.75642
1,4,89,0.51915
1,4,90,0.5882
1,4,91,0.70656
1,4,92,0.69799
1,4,93,0.60023
1,4,94,0.67961
1,4,95,0.63221
1,4,96,0.81207
1,4,97,0.68117
1,4,98,0.64855
1,4,99,0.74863
1,4,100,0.71357
1,4,101,0.7423
1,4,102,0.72393
1,4,103,0.75637
1,4,104,0.73501
1,4,105,0.82582
1,4,106,0.88677
1,4,107,0.74575
1,4,108,0.8211
1,4,109,0.77951
1,4,110,0.74887
1,4,111,0.83633
1,4,112,0.77353
1,4,113,0.80041
1,4,114,0.8523
1,4,115,0.75109
1,4,116,0.86692
1,4,117,0.95114
1,4,118,0.90153
1,4,119,1.0024
1,4,120,0.82124
1,4,121,0.79308
1,4,122,0.75346
1,4,123,0.89915
1,4,124,0.91374
1,4,125,0.86258
1,4,126,0.93877
1,4,127,0.87487
1,5,1,0.15378
1,5,2,0.024849
1,5,3,0.16756
1,5,4,0.037308
1,5,5,0.12032
1,5,6,0.018678
1,5,7,0.19535
1,5,8,0.196
1,5,9,0.053299
1,5,10,0.14096
1,5,11,0.16571
1,5,12,0.14476
1,5,13,0.13246
1,5,14,0.095239
1,5,15,0.21811
1,5,16,0.1406
1,5,17,0.20156
1,5,18,0.21822
1,5,19,0.037792
1,5,20,0.10875
1,5,21,0.14133
1,5,22,0.26323
1,5,23,0.17155
1,5,24,0.26831
1,5,25,0.092638
1,5,26,0.31084
1,5,27,0.2352
1,5,28,0.29928
1,5,29,0.23946
1,5,30,0.21385
1,5,31,0.23122
1,5,32,0.12511
1,5,33,0.28639
1,5,34,0.28158
1,5,35,0.2456
1,5,36,0.22126
1,5,37,0.30862
1,5,38,0.23603
1,5,39,0.22935
1,5,40,0.34129
1,5,41,0.33033
1,5,42,0.36299
1,5,43,0.274
1,5,44,0.38488
1,5,45,0.32154
1,5,46,0.24866
1,5,47,0.41495
1,5,48,0.4296
1,5,49,0.38273
1,5,50,0.37179
1,5,51,0.2543
1,5,52,0.35654
1,5,53,0.30045
1,5,54,0.46503
1,5,55,0.45082
1,5,56,0.47684
1,5,57,0.33493
1,5,58,0.47611
1,5,59,0.52039
1,5,60,0.34732
1,5,61,0.44779
1,5,62,0.47589
1,5,63,0.43242
1,5,64,0.38934
1,5,65,0.60482
1,5,66,0.4733
1,5,67,0.49101
1,5,68,0.63524
1,5,69,0.5401
1,5,70,0.50114
1,5,71,0.51458
1,5,72,0.41712
1,5,73,0.67728
1,5,74,0.55558
1,5,75,0.49839
1,5,76,0.52676
1,5,77,0.59266
1,5,78,0.60337
1,5,79,0.6641
1,5,80,0.52724
1,5,81,0.56903
1,5,82,0.61073
1,5,83,0.60213
1,5,84,0.57559
1,5,85,0.63159
1,5,86,0.61999
1,5,87,0.67138
1,5,88,0.61647
1,5,89,0.7041
1,5,90,0.59598
1,5,91,0.58336
1,5,92,0.60368
1,5,93,0.68819
1,5,94,0.681
1,5,95,0.66795
1,5,96,0.80805
1,5,97,0.60152
1,5,98,0.67705
1,5,99,0.76364
1,5,100,0.68687
1,5,101,0.64137
1,5,102,0.8221
1,5,103,0.8205
1,5,104,0.73154
1,5,105,0.61249
1,5,106,0.68527
1,5,107,0.85979
1,5,108,0.79999
1,5,109,0.8933
1,5,110,0.75691
1,5,111,0.74149
1,5,112,0.78583
1,5,113,0.71866
1,5,114,0.69146
1,5,115,0.74828
1,5,116,0.85727
1,5,117,0.80478
1,5,118,0.84752
1,5,119,0.82355
1,5,120,0.91114
1,5,121,0.84063
1,5,122,0.91675
1,5,123,0.82072
1,5,124,0.85142
1,5,125,0.86674
1,5,126,0.96992
1,5,127,0.96955
1,5,128,0.98555
1,6,1,0.10719
1,6,2,0.085866
1,6,3,0.055722
1,6,4,-0.036995
1,6,5,0.14154
1,6,6,0.12856
1,6,7,0.066307
1,6,8,0.055811
1,6,9,0.044884
1,6,10,0.17705
1,6,11,0.19736
1,6,12,0.16423
1,6,13,0.11076
1,6,14,0.078111
1,6,15,0.124
1,6,16,0.218
1,6,17,0.2095
1,6,18,0.14634
1,6,19,0.17879
1,6,20,0.26721
1,6,21,0.25373
1,6,22,0.18218
1,6,23,0.23434
1,6,24,0.042008
1,6,25,0.2404
1,6,26,0.18709
1,6,27,0.30088
1,6,28,0.22142
1,6,29,0.30994
1,6,30,0.22582
1,6,31,0.25314
1,6,32,0.25289
1,6,33,0.35639
1,6,34,0.21235
1,6,35,0.28175
1,6,36,0.2033
1,6,37,0.21727
1,6,38,0.24165
1,6,39,0.31339
1,6,40,0.41132
1,6,41,0.25218
1,6,42,0.35516
1,6,43,0.33435
1,6,44,0.34501
1,6,45,0.31843
1,6,46,0.31657
1,6,47,0.30793
1,6,48,0.37033
1,6,49,0.4442
1,6,50,0.47017
1,6,51,0.41449
1,6,52,0.40932
1,6,53,0.43077
1,6,54,0.3941
1,6,55,0.31965
1,6,56,0.40801
1,6,57,0.46889
1,6,58,0.41133
1,6,59,0.37317
1,6,60,0.54751
1,6,61,0.48912
1,6,62,0.42069
1,6,63,0.5552
1,6,64,0.47808
1,6,65,0.51213
1,6,66,0.4841
1,6,67,0.47617
1,6,68,0.48965
1,6,69,0.54736
1,6,70,0.47405
1,6,71,0.46564
1,6,72,0.47087
1,6,73,0.52798
1,6,74,0.57294
1,6,75,0.64698
1,6,76,0.66485
1,6,77,0.44147
1,6,78,0.54971
1,6,79,0.6404
1,6,80,0.56552
1,6,81,0.60852
1,6,82,0.71572
1,6,83,0.66718
1,6,84,0.62956
1,6,85,0.59685
1,6,86,0.59745
1,6,87,0.66426
1,6,88,0.64359
1,6,89,0.7325
1,6,90,0.83751
1,6,91,0.74624
1,6,92,0.57883
1,6,93,0.62334
1,6,94,0.69309
1,6,95,0.85248
1,6,96,0.72842
1,6,97,0.8068
1,6,98,0.8144
1,6,99,0.77376
1,6,100,0.78138
1,6,101,0.81376
1,6,102,0.76344
1,6,103,0.67405
1,6,104,0.76657
1,6,105,0.83354
1,6,106,0.8872
1,6,107,0.73129
1,6,108,0.77291
1,6,109,0.80772
1,6,110,0.86366
1,6,111,0.74513
1,6,112,1.0011
1,6,113,0.88664
1,6,114,0.79028
1,6,115,0.81086
1,6,116,0.92195
1,6,117,0.75869
1,6,118,0.93845
1,6,119,0.77695
1,6,120,0.91402
1,6,121,0.9651
1,6,122,0.9267
1,7,1,0.067799
1,7,2,-0.0045792
1,7,3,0.19357
1,7,4,0.086832
1,7,5,0.1967
1,7,6,0.14158
1,7,7,0.11624
1,7,8,0.12503
1,7,9,0.14572
1,7,10,0.1305
1,7,11,0.031821
1,7,12,0.11464
1,7,13,0.15845
1,7,14,0.15558
1,7,15,0.10157
1,7,16,0.081415
1,7,17,0.13924
1,7,18,0.10347
1,7,19,0.12797
1,7,20,0.28335
1,7,21,0.16456
1,7,22,0.29901
1,7,23,0.11962
1,7,24,0.29655
1,7,25,0.22714
1,7,26,0.27996
1,7,27,0.17042
1,7,28,0.22558
1,7,29,0.23563
1,7,30,0.22599
1,7,31,0.13917
1,7,32,0.36429
1,7,33,0.26431
1,7,34,0.22929
1,7,35,0.25968
1,7,36,0.33874
1,7,37,0.34156
1,7,38,0.30841
1,7,39,0.37947
1,7,40,0.30314
1,7,41,0.36121
1,7,42,0.45266
1,7,43,0.40558
1,7,44,0.24469
1,7,45,0.33065
1,7,46,0.42444
1,7,47,0.42984
1,7,48,0.35347
1,7,49,0.43161
1,7,50,0.45449
1,7,51,0.47936
1,7,52,0.35787
1,7,53,0.44355
1,7,54,0.47555
1,7,55,0.38551
1,7,56,0.39874
1,7,57,0.50218
1,7,58,0.37938
1,7,59,0.36791
1,7,60,0.35005
1,7,61,0.53888
1,7,62,0.59956
1,7,63,0.64372
1,7,64,0.44642
1,7,65,0.43384
1,7,66,0.54011
1,7,67,0.5333
1,7,68,0.61186
1,7,69,0.57624
1,7,70,0.60602
1,7,71,0.52176
1,7,72,0.53895
1,7,73,0.51721
1,7,74,0.44045
1,7,75,0.49845
1,7,76,0.59688
1,7,77,0.55878
1,7,78,0.59592
1,7,79,0.62401
1,7,80,0.64117
1,7,81,0.53848
1,7,82,0.702
1,7,83,0.59297
1,7,84,0.68969
1,7,85,0.55625
1,7,86,0.7413
1,7,87,0.60756
1,7,88,0.75408
1,7,89,0.67256
1,7,90,0.59383
1,7,91,0.77125
1,7,92,0.62201
1,7,93,0.65549
1,7,94,0.61538
1,7,95,0.74819
1,7,96,0.73371
1,7,97,0.63756
1,7,98,0.73821
1,7,99,0.7344
1,7,100,0.7833
1,7,101,0.8253
1,7,102,0.78211
1,7,103,0.79878
1,7,104,0.84231
1,7,105,0.8276
1,7,106,0.7874
1,7,107,0.89001
1,7,108,0.87634
1,7,109,0.88968
1,7,110,0.83201
1,7,111,0.90719
1,7,112,0.85781
1,7,113,0.79616
1,7,114,0.90825
1,7,115,0.81133
1,7,116,0.82645
1,7,117,1.0247
1,7,118,0.82318
1,7,119,1.0316
1,7,120,0.98093
1,8,1,-0.061443
1,8,2,0.12209
1,8,3,0.13202
1,8,4,0.031592
1,8,5,0.087857
1,8,6,0.090286
1,8,7,0.11884
1,8,8,0.11501
1,8,9,0.043554
1,8,10,0.20877
1,8,11,0.065179
1,8,12,-0.051391
1,8,13,0.23405
1,8,14,0.20489
1,8,15,0.16725
1,8,16,0.2032
1,8,17,0.23201
1,8,18,-0.017239
1,8,19,0.12144
1,8,20,0.12839
1,8,21,0.26696
1,8,22,0.18207
1,8,23,0.23771
1,8,24,0.29843
1,8,25,0.11054
1,8,26,0.26584
1,8,27,0.26958
1,8,28,0.11439
1,8,29,0.19979
1,8,30,0.27495
1,8,31,0.12281
1,8,32,0.2816
1,8,33,0.23974
1,8,34,0.21918
1,8,35,0.14129
1,8,36,0.33175
1,8,37,0.33706
1,8,38,0.35238
1,8,39,0.33657
1,8,40,0.27587
1,8,41,0.41181
1,8,42,0.41682
1,8,43,0.34332
1,8,44,0.37538
1,8,45,0.37033
1,8,46,0.4327
1,8,47,0.34299
1,8,48,0.27438
1,8,49,0.50221
1,8,50,0.26152
1,8,51,0.51576
1,8,52,0.46547
1,8,53,0.42988
1,8,54,0.48822
1,8,55,0.50503
1,8,56,0.52
1,8,57,0.48912
1,8,58,0.37834
1,8,59,0.46791
1,8,60,0.43085
1,8,61,0.40189
1,8,62,0.36118
1,8,63,0.47385
1,8,64,0.4982
1,8,65,0.53475
1,8,66,0.57523
1,8,67,0.39509
1,8,68,0.36705
1,8,69,0.51967
1,8,70,0.53577
1,8,71,0.45373
1,8,72,0.47708
1,8,73,0.59563
1,8,74,0.63283
1,8,75,0.55837
1,8,76,0.52567
1,8,77,0.57716
1,8,78,0.53326
1,8,79,0.66397
1,8,80,0.62719
1,8,81,0.6918
1,8,82,0.57588
1,8,83,0.7194
1,8,84,0.59785
1,8,85,0.66944
1,8,86,0.7115
1,8,87,0.69997
1,8,88,0.83048
1,8,89,0.62027
1,8,90,0.63266
1,8,91,0.55774
1,8,92,0.72507
1,8,93,0.73878
1,8,94,0.77065
1,8,95,0.64778
1,8,96,0.70104
1,8,97,0.73099
1,8,98,0.6823
1,8,99,0.83194
1,8,100,0.71892
1,8,101,0.66159
1,8,102,0.6921
1,8,103,0.6975
1,8,104,0.74503
1,8,105,0.81254
1,8,106,0.79345
1,8,107,0.67627
1,8,108,0.68824
1,8,109,0.73018
1,8,110,0.68653
1,8,111,0.88924
1,8,112,0.70898
1,8,113,0.83069
1,8,114,0.78489
1,8,115,0.95176
1,8,116,0.8873
1,8,117,0.84265
1,8,118,0.86296
1,8,119,0.9256
1,8,120,0.918
1,8,121,0.74684
1,8,122,0.8153
1,8,123,0.9327
1,8,124,0.87068
1,8,125,0.84143
1,8,126,0.8241
1,9,1,-0.046254
1,9,2,0.059793
1,9,3,0.035281
1,9,4,0.11347
1,9,5,0.094158
1,9,6,0.1175
1,9,7,0.016358
1,9,8,0.21511
1,9,9,0.033648
1,9,10,0.1871
1,9,11,0.046566
1,9,12,0.061381
1,9,13,0.17028
1,9,14,0.17895
1,9,15,0.10308
1,9,16,0.056286
1,9,17,0.045527
1,9,18,0.026455
1,9,19,0.20255
1,9,20,0.17825
1,9,21,0.15851
1,9,22,0.24182
1,9,23,0.31037
1,9,24,0.29635
1,9,25,0.165
1,9,26,0.15505
1,9,27,0.19597
1,9,28,0.10472
1,9,29,0.26495
1,9,30,0.19694
1,9,31,0.15477
1,9,32,0.1811
1,9,33,0.18149
1,9,34,0.24231
1,9,35,0.20079
1,9,36,0.33186
1,9,37,0.34835
1,9,38,0.3463
1,9,39,0.37155
1,9,40,0.28438
1,9,41,0.31069
1,9,42,0.26477
1,9,43,0.40375
1,9,44,0.39137
1,9,45,0.38604
1,9,46,0.3575
1,9,47,0.30687
1,9,48,0.20136
1,9,49,0.47801
1,9,50,0.29338
1,9,51,0.29029
1,9,52,0.31924
1,9,53,0.46781
1,9,54,0.35597
1,9,55,0.28961
1,9,56,0.3895
1,9,57,0.38176
1,9,58,0.44357
1,9,59,0.47621
1,9,60,0.56112
1,9,61,0.48165
1,9,62,0.43624
1,9,63,0.45605
1,9,64,0.40817
1,9,65,0.38646
1,9,66,0.49438
1,9,67,0.47596
1,9,68,0.53329
1,9,69,0.54153
1,9,70,0.45061
1,9,71,0.45369
1,9,72,0.58121
1,9,73,0.66953
1,9,74,0.48835
1,9,75,0.5242
1,9,76,0.62267
1,9,77,0.52584
1,9,78,0.47579
1,9,79,0.65684
1,9,80,0.51388
1,9,81,0.53065
1,9,82,0.61964
1,9,83,0.57899
1,9,84,0.58027
1,9,85,0.57547
1,9,86,0.66194
1,9,87,0.66208
1,9,88,0.55178
1,9,89,0.72409
1,9,90,0.66496
1,9,91,0.65431
1,9,92,0.66836
1,9,93,0.51548
1,9,94,0.79524
1,9,95,0.76409
1,9,96,0.6703
1,9,97,0.75162
1,9,98,0.69777
1,9,99,0.61549
1,9,100,0.69363
1,9,101,0.77446
1,9,102,0.73096
1,9,103,0.78022
1,9,104,0.83904
1,9,105,0.75351
1,9,106,0.75444
1,9,107,0.76189
1,9,108,0.88714
1,9,109,0.77946
1,9,110,0.70721
1,9,111,0.8445
1,9,112,0.80422
1,9,113,0.88033
1,9,114,0.90503
1,9,115,0.77919
1,9,116,0.96451
1,9,117,0.8254
1,9,118,0.79904
1,9,119,0.88522
1,9,120,0.79309
1,9,121,0.83385
1,9,122,0.90355
1,9,123,0.99255
1,9,124,0.86147
1,9,125,0.89787
1,9,126,0.9683
1,9,127,0.8837
1,9,128,0.8846
1,9,129,0.76917
1,9,130,0.87489
1,10,1,0.16457
1,10,2,0.14137
1,10,3,0.10158
1,10,4,0.16512
1,10,5,0.13589
1,10,6,0.1693
1,10,7,0.11979
1,10,8,0.0034327
1,10,9,0.018012
1,10,10,0.10596
1,10,11,0.18294
1,10,12,0.033798
1,10,13,0.30928
1,10,14,0.058308
1,10,15,0.28792
1,10,16,0.20393
1,10,17,0.098486
1,10,18,0.19711
1,10,19,0.25245
1,10,20,0.096099
1,10,21,0.17063
1,10,22,0.2606
1,10,23,0.19037
1,10,24,0.19742
1,10,25,0.2076
1,10,26,0.22764
1,10,27,0.24756
1,10,28,0.23425
1,10,29,0.28888
1,10,30,0.13382
1,10,31,0.20158
1,10,32,0.3012
1,10,33,0.34266
1,10,34,0.27719
1,10,35,0.40642
1,10,36,0.36279
1,10,37,0.16297
1,10,38,0.21662
1,10,39,0.20669
1,10,40,0.21169
1,10,41,0.33932
1,10,42,0.286
1,10,43,0.36202
1,10,44,0.21744
1,10,45,0.30612
1,10,46,0.2159
1,10,47,0.36609
1,10,48,0.31368
1,10,49,0.28745
1,10,50,0.37314
1,10,51,0.31721
1,10,52,0.44172
1,10,53,0.49457
1,10,54,0.40058
1,10,55,0.4234
1,10,56,0.29002
1,10,57,0.31292
1,10,58,0.37334
1,10,59,0.53385
1,10,60,0.4489
1,10,61,0.51525
1,10,62,0.41414
1,10,63,0.56691
1,10,64,0.42075
1,10,65,0.4482
1,10,66,0.48659
1,10,67,0.4083
1,10,68,0.62168
1,10,69,0.55183
1,10,70,0.46906
1,10,71,0.43166
1,10,72,0.51977
1,10,73,0.54035
1,10,74,0.53228
1,10,75,0.53933
1,10,76,0.46248
1,10,77,0.65112
1,10,78,0.43445
1,10,79,0.40923
1,10,80,0.61036
1,10,81,0.66899
1,10,82,0.57392
1,10,83,0.55041
1,10,84,0.59009
1,10,85,0.55567
1,10,86,0.69529
1,10,87,0.60151
1,10,88,0.6243
1,10,89,0.54196
1,10,90,0.57222
1,10,91,0.67723
1,10,92,0.68669
1,10,93,0.75797
1,10,94,0.63759
1,10,95,0.68796
1,10,96,0.65646
1,10,97,0.77581
1,10,98,0.58949
1,10,99,0.77847
1,10,100,0.77434
1,10,101,0.68859
1,10,102,0.73554
1,10,103,0.6332
1,10,104,0.89785
1,10,105,0.76121
1,10,106,0.78091
1,10,107,0.74156
1,10,108,0.84288
1,10,109,0.85689
1,10,110,0.70077
1,10,111,0.81639
1,10,112,0.8333
1,10,113,0.79915
1,10,114,0.91133
1,10,115,0.86361
1,10,116,0.8461
1,10,117,0.89612
1,10,118,0.94886
1,10,119,0.81386
1,10,120,0.92617
1,10,121,0.97714
1,10,122,0.85164
1,10,123,0.99015
1,10,124,0.79694
1,10,125,0.86951
1,10,126,0.82015
1,10,127,0.84104
2,31,1,-0.078899
2,31,2,0.087428
2,31,3,0.14047
2,31,4,0.13326
2,31,5,0.050735
2,31,6,0.012986
2,31,7,0.022423
2,31,8,-0.032011
2,31,9,0.069353
2,31,10,-0.017068
2,31,11,-0.0030383
2,31,12,-0.14437
2,31,13,0.018796
2,31,14,0.004855
2,31,15,-0.10287
2,31,16,-0.068947
2,31,17,-0.023013
2,31,18,-0.12513
2,31,19,-0.045022
2,31,20,-0.13514
2,31,21,-0.15058
2,31,22,-0.13462
2,31,23,-0.083189
2,31,24,-0.13806
2,31,25,-0.12076
2,31,26,-0.18986
2,31,27,-0.16573
2,31,28,-0.22014
2,31,29,-0.17286
2,31,30,-0.15227
2,31,31,-0.24075
2,31,32,-0.18497
2,31,33,-0.20937
2,31,34,-0.27536
2,31,35,-0.24455
2,31,36,-0.36113
2,31,37,-0.18555
2,31,38,-0.29475
2,31,39,-0.14025
2,31,40,-0.29382
2,31,41,-0.3151
2,31,42,-0.26509
2,31,43,-0.34882
2,31,44,-0.20528
2,31,45,-0.27014
2,31,46,-0.25791
2,31,47,-0.2383
2,31,48,-0.39829
2,31,49,-0.42558
2,31,50,-0.36133
2,31,51,-0.39166
2,31,52,-0.4816
2,31,53,-0.33997
2,31,54,-0.31327
2,31,55,-0.37879
2,31,56,-0.37637
2,31,57,-0.36949
2,31,58,-0.42574
2,31,59,-0.33186
2,31,60,-0.41311
2,31,61,-0.3983
2,31,62,-0.38308
2,31,63,-0.46307
2,31,64,-0.45915
2,31,65,-0.50451
2,31,66,-0.39797
2,31,67,-0.38888
2,31,68,-0.3986
2,31,69,-0.46958
2,31,70,-0.39878
2,31,71,-0.48762
2,31,72,-0.47297
2,31,73,-0.5658
2,31,74,-0.59623
2,31,75,-0.52187
2,31,76,-0.46181
2,31,77,-0.63444
2,31,78,-0.55442
2,31,79,-0.58296
2,31,80,-0.61284
2,31,81,-0.63899
2,31,82,-0.56231
2,31,83,-0.72776
2,31,84,-0.60152
2,31,85,-0.58233
2,31,86,-0.61556
2,31,87,-0.69511
2,31,88,-0.57703
2,31,89,-0.5727
2,31,90,-0.687
2,31,91,-0.63134
2,31,92,-0.67003
2,31,93,-0.69875
2,31,94,-0.6681
2,31,95,-0.75025
2,31,96,-0.69858
2,31,97,-0.72569
2,31,98,-0.83502
2,31,99,-0.71432
2,31,100,-0.78574
2,31,101,-0.73475
2,31,102,-0.79808
2,31,103,-0.77349
2,31,104,-0.75495
2,31,105,-0.8298
2,31,106,-0.79095
2,31,107,-0.77875
2,31,108,-0.73241
2,31,109,-0.88709
2,31,110,-0.72544
2,31,111,-0.83747
2,31,112,-0.78895
2,31,113,-0.85663
2,31,114,-0.75148
2,31,115,-0.91056
2,31,116,-0.85238
2,31,117,-0.87206
2,31,118,-0.93714
2,31,119,-0.90712
2,31,120,-0.81112
2,31,121,-0.78182
2,31,122,-0.96705
2,31,123,-0.91453
2,31,124,-0.84963
2,31,125,-0.94896
2,31,126,-0.94488
2,31,127,-1.0191
2,31,128,-1.0306
2,31,129,-0.89481
2,31,130,-0.87003
2,31,131,-0.92844
2,31,132,-0.95148
2,31,133,-0.87214
2,31,134,-0.92331
2,31,135,-0.94057
2,31,136,-1.0192
2,31,137,-0.95655
2,31,138,-0.95668
2,31,139,-0.95664
2,31,140,-0.95904
2,31,141,-1.0383
2,31,142,-1.0546
2,31,143,-1.0158
2,31,144,-1.0066
2,31,145,-1.0509
2,31,146,-1.0479
2,31,147,-1.0505
2,31,148,-1.1319
2,31,149,-1.0526
2,31,150,-0.97946
2,31,151,-1.093
2,31,152,-1.158
2,31,153,-0.96974
2,31,154,-1.1835
2,31,155,-1.0037
2,31,156,-1.1751
2,31,157,-1.1688
2,31,158,-1.1621
2,31,159,-1.0593
2,31,160,-1.1819
2,31,161,-1.1819
2,31,162,-1.1778
2,31,163,-1.149
2,31,164,-1.2438
2,31,165,-1.1598
2,31,166,-1.2417
2,31,167,-1.2394
2,31,168,-1.1335
2,31,169,-1.1838
2,31,170,-1.1584
2,32,1,0.072128
2,32,2,0.050862
2,32,3,-0.018832
2,32,4,0.05989
2,32,5,-0.023714
2,32,6,-0.035483
2,32,7,-0.091363
2,32,8,0.066604
2,32,9,-0.046193
2,32,10,-0.056443
2,32,11,0.01082
2,32,12,-0.068813
2,32,13,-0.001964
2,32,14,0.0077654
2,32,15,0.01526
2,32,16,-0.061106
2,32,17,-0.13813
2,32,18,-0.071936
2,32,19,-0.057132
2,32,20,-0.1333
2,32,21,-0.040383
2,32,22,-0.1673
2,32,23,-0.090834
2,32,24,-0.13321
2,32,25,-0.20346
2,32,26,-0.10696
2,32,27,-0.092625
2,32,28,-0.22334
2,32,29,-0.14039
2,32,30,-0.15832
2,32,31,-0.2521
2,32,32,-0.13152
2,32,33,-0.19662
2,32,34,-0.29762
2,32,35,-0.24269
2,32,36,-0.15566
2,32,37,-0.18364
2,32,38,-0.3191
2,32,39,-0.30025
2,32,40,-0.44014
2,32,41,-0.26968
2,32,42,-0.30502
2,32,43,-0.42885
2,32,44,-0.29159
2,32,45,-0.28704
2,32,46,-0.35657
2,32,47,-0.31257
2,32,48,-0.3737
2,32,49,-0.34225
2,32,50,-0.27752
2,32,51,-0.41156
2,32,52,-0.38152
2,32,53,-0.30986
2,32,54,-0.37396
2,32,55,-0.38829
2,32,56,-0.46394
2,32,57,-0.37654
2,32,58,-0.51635
2,32,59,-0.3428
2,32,60,-0.50917
2,32,61,-0.41596
2,32,62,-0.47748
2,32,63,-0.47686
2,32,64,-0.53238
2,32,65,-0.45452
2,32,66,-0.50557
2,32,67,-0.443
2,32,68,-0.51347
2,32,69,-0.59627
2,32,70,-0.51783
2,32,71,-0.54411
2,32,72,-0.60911
2,32,73,-0.4445
2,32,74,-0.57222
2,32,75,-0.52129
2,32,76,-0.53999
2,32,77,-0.5637
2,32,78,-0.55723
2,32,79,-0.65514
2,32,80,-0.60938
2,32,81,-0.57262
2,32,82,-0.56332
2,32,83,-0.65609
2,32,84,-0.63817
2,32,85,-0.57965
2,32,86,-0.6544
2,32,87,-0.58738
2,32,88,-0.62162
2,32,89,-0.68938
2,32,90,-0.66501
2,32,91,-0.7227
2,32,92,-0.77376
2,32,93,-0.62969
2,32,94,-0.61573
2,32,95,-0.64632
2,32,96,-0.80024
2,32,97,-0.72816
2,32,98,-0.68342
2,32,99,-0.7654
2,32,100,-0.66544
2,32,101,-0.74371
2,32,102,-0.78786
2,32,103,-0.74153
2,32,104,-0.79756
2,32,105,-0.73014
2,32,106,-0.86348
2,32,107,-0.73189
2,32,108,-0.72183
2,32,109,-0.75335
2,32,110,-0.86315
2,32,111,-0.7924
2,32,112,-0.78316
2,32,113,-0.78497
2,32,114,-0.91214
2,32,115,-0.81478
2,32,116,-0.84104
2,32,117,-0.93776
2,32,118,-0.93769
2,32,119,-0.88878
2,32,120,-0.92056
2,32,121,-0.8964
2,32,122,-0.96297
2,32,123,-0.90208
2,32,124,-0.9007
2,32,125,-1.0228
2,32,126,-0.86836
2,32,127,-0.93293
2,32,128,-0.95551
2,32,129,-0.95359
2,32,130,-1.0095
2,32,131,-0.91534
2,32,132,-0.97204
2,32,133,-0.96426
2,32,134,-0.98025
2,32,135,-1.0511
2,32,136,-0.91821
2,32,137,-1.0596
2,32,138,-0.98551
2,32,139,-0.96841
2,32,140,-1.0977
2,32,141,-1.0456
2,32,142,-0.9384
2,32,143,-1.1248
2,32,144,-1.0921
2,32,145,-1.1461
2,32,146,-1.0942
2,32,147,-1.0786
2,32,148,-1.1254
2,32,149,-0.9856
2,32,150,-1.1083
2,32,151,-1.1126
2,32,152,-1.0828
2,32,153,-1.1508
2,32,154,-1.1621
2,32,155,-1.177
2,32,156,-1.1692
2,32,157,-1.2159
2,32,158,-1.0056
2,32,159,-1.2422
2,32,160,-1.1822
2,32,161,-1.1356
2,32,162,-1.1845
2,32,163,-1.1969
2,32,164,-1.1132
2,32,165,-1.1113
2,33,1,0.093571
2,33,2,0.0016227
2,33,3,0.10097
2,33,4,0.041029
2,33,5,0.011233
2,33,6,0.075397
2,33,7,0.036766
2,33,8,-0.037574
2,33,9,0.099674
2,33,10,-0.070825
2,33,11,-0.10454
2,33,12,0.03204
2,33,13,-0.055384
2,33,14,-0.088661
2,33,15,-0.059894
2,33,16,-0.035958
2,33,17,-0.059051
2,33,18,-0.065263
2,33,19,-0.038395
2,33,20,-0.070651
2,33,21,-0.091107
2,33,22,-0.13688
2,33,23,-0.056609
2,33,24,-0.089418
2,33,25,-0.10304
2,33,26,-0.14589
2,33,27,-0.17153
2,33,28,-0.15587
2,33,29,-0.12227
2,33,30,-0.15191
2,33,31,-0.14033
2,33,32,-0.24044
2,33,33,-0.24331
2,33,34,-0.22182
2,33,35,-0.27132
2,33,36,-0.30395
2,33,37,-0.23121
2,33,38,-0.218
2,33,39,-0.2808
2,33,40,-0.31908
2,33,41,-0.22266
2,33,42,-0.32803
2,33,43,-0.31817
2,33,44,-0.15609
2,33,45,-0.26884
2,33,46,-0.29055
2,33,47,-0.32805
2,33,48,-0.3687
2,33,49,-0.33658
2,33,50,-0.291
2,33,51,-0.35206
2,33,52,-0.34356
2,33,53,-0.39525
2,33,54,-0.3207
2,33,55,-0.44904
2,33,56,-0.40302
2,33,57,-0.35866
2,33,58,-0.36206
2,33,59,-0.46504
2,33,60,-0.41302
2,33,61,-0.50716
2,33,62,-0.33758
2,33,63,-0.4754
2,33,64,-0.43194
2,33,65,-0.40818
2,33,66,-0.47115
2,33,67,-0.51486
2,33,68,-0.53223
2,33,69,-0.42309
2,33,70,-0.5278
2,33,71,-0.47612
2,33,72,-0.59842
2,33,73,-0.56759
2,33,74,-0.47552
2,33,75,-0.60149
2,33,76,-0.53305
2,33,77,-0.57495
2,33,78,-0.58742
2,33,79,-0.5963
2,33,80,-0.51188
2,33,81,-0.54002
2,33,82,-0.59839
2,33,83,-0.65147
2,33,84,-0.65337
2,33,85,-0.55007
2,33,86,-0.64199
2,33,87,-0.57638
2,33,88,-0.66164
2,33,89,-0.69896
2,33,90,-0.66644
2,33,91,-0.67978
2,33,92,-0.7052
2,33,93,-0.77278
2,33,94,-0.66275
2,33,95,-0.69641
2,33,96,-0.73831
2,33,97,-0.72555
2,33,98,-0.70427
2,33,99,-0.77109
2,33,100,-0.73856
2,33,101,-0.77024
2,33,102,-0.71942
2,33,103,-0.72168
2,33,104,-0.68274
2,33,105,-0.78522
2,33,106,-0.8617
2,33,107,-0.82145
2,33,108,-0.84239
2,33,109,-0.77722
2,33,110,-0.79504
2,33,111,-0.84445
2,33,112,-0.78736
2,33,113,-0.73959
2,33,114,-0.79872
2,33,115,-0.82367
2,33,116,-0.88686
2,33,117,-0.91546
2,33,118,-0.84551
2,33,119,-0.87338
2,33,120,-0.8872
2,33,121,-0.9039
2,33,122,-0.84718
2,33,123,-0.98363
2,33,124,-0.93591
2,33,125,-0.91682
2,33,126,-0.93194
2,33,127,-1.0172
2,33,128,-0.91928
2,33,129,-0.86703
2,33,130,-0.93553
2,33,131,-0.94693
2,33,132,-0.97708
2,33,133,-0.94706
2,33,134,-0.99838
2,33,135,-0.90136
2,33,136,-1.0303
2,33,137,-0.96058
2,33,138,-0.97956
2,33,139,-0.97764
2,33,140,-1.0899
2,33,141,-0.94353
2,33,142,-1.1005
2,33,143,-1.0454
2,33,144,-1.0037
2,33,145,-1.0983
2,33,146,-1.0473
2,33,147,-0.95248
2,33,148,-1.0296
2,33,149,-1.021
2,33,150,-1.0362
2,33,151,-1.1112
2,33,152,-1.1362
2,33,153,-1.1116
2,33,154,-1.0841
2,33,155,-1.0719
2,33,156,-1.0904
2,33,157,-1.1859
2,33,158,-1.1788
2,33,159,-1.1578
2,33,160,-1.256
2,33,161,-1.0789
2,33,162,-1.2786
2,33,163,-1.2241
2,33,164,-1.1995
2,33,165,-1.2768
2,33,166,-1.1311
2,33,167,-1.2167
2,33,168,-1.2881
2,33,169,-1.1917
2,33,170,-1.1061
2,34,1,0.082606
2,34,2,0.027034
2,34,3,-0.10133
2,34,4,0.0051743
2,34,5,-0.0075804
2,34,6,0.051061
2,34,7,-0.017094
2,34,8,0.013756
2,34,9,-0.021055
2,34,10,0.10792
2,34,11,-0.091316
2,34,12,-0.039625
2,34,13,0.091922
2,34,14,-0.059017
2,34,15,-0.087461
2,34,16,-0.10902
2,34,17,-0.06057
2,34,18,0.034518
2,34,19,-0.22049
2,34,20,-0.13973
2,34,21,-0.13108
2,34,22,-0.14621
2,34,23,-0.199
2,34,24,-0.13517
2,34,25,-0.04385
2,34,26,-0.20379
2,34,27,-0.16138
2,34,28,-0.20886
2,34,29,-0.24797
2,34,30,-0.23939
2,34,31,-0.14337
2,34,32,-0.20068
2,34,33,-0.26702
2,34,34,-0.20306
2,34,35,-0.17971
2,34,36,-0.30468
2,34,37,-0.26711
2,34,38,-0.22386
2,34,39,-0.28633
2,34,40,-0.24304
2,34,41,-0.32312
2,34,42,-0.20329
2,34,43,-0.36729
2,34,44,-0.25739
2,34,45,-0.37703
2,34,46,-0.31931
2,34,47,-0.36391
2,34,48,-0.44068
2,34,49,-0.36626
2,34,50,-0.36248
2,34,51,-0.38032
2,34,52,-0.37225
2,34,53,-0.42982
2,34,54,-0.44207
2,34,55,-0.44824
2,34,56,-0.37527
2,34,57,-0.38805
2,34,58,-0.44419
2,34,59,-0.51664
2,34,60,-0.3755
2,34,61,-0.47941
2,34,62,-0.48784
2,34,63,-0.4383
2,34,64,-0.50619
2,34,65,-0.49398
2,34,66,-0.51725
2,34,67,-0.51411
2,34,68,-0.41758
2,34,69,-0.46243
2,34,70,-0.54704
2,34,71,-0.50411
2,34,72,-0.58071
2,34,73,-0.54174
2,34,74,-0.55588
2,34,75,-0.52935
2,34,76,-0.64886
2,34,77,-0.5449
2,34,78,-0.54727
2,34,79,-0.58882
2,34,80,-0.67008
2,34,81,-0.60555
2,34,82,-0.6574
2,34,83,-0.58304
2,34,84,-0.63673
2,34,85,-0.60452
2,34,86,-0.65935
2,34,87,-0.67137
2,34,88,-0.75896
2,34,89,-0.61044
2,34,90,-0.66914
2,34,91,-0.76665
2,34,92,-0.67304
2,34,93,-0.68698
2,34,94,-0.7249
2,34,95,-0.69272
2,34,96,-0.69691
2,34,97,-0.71605
2,34,98,-0.7915
2,34,99,-0.69581
2,34,100,-0.76486
2,34,101,-0.73327
2,34,102,-0.8111
2,34,103,-0.7538
2,34,104,-0.7638
2,34,105,-0.79808
2,34,106,-0.90561
2,34,107,-0.75788
2,34,108,-0.74442
2,34,109,-0.80811
2,34,110,-0.90781
2,34,111,-0.87838
2,34,112,-0.86312
2,34,113,-0.94776
2,34,114,-0.94756
2,34,115,-0.86746
2,34,116,-0.92287
2,34,117,-0.89812
2,34,118,-0.85199
2,34,119,-0.8667
2,34,120,-0.9435
2,34,121,-0.88714
2,34,122,-0.8319
2,34,123,-0.94722
2,34,124,-0.86769
2,34,125,-0.92003
2,34,126,-1.0692
2,34,127,-0.96143
2,34,128,-1.007
2,34,129,-0.93798
2,34,130,-1.0447
2,34,131,-0.9976
2,34,132,-1.0632
2,34,133,-0.92027
2,34,134,-0.98327
2,34,135,-1.1039
2,34,136,-0.97299
2,34,137,-1.1109
2,34,138,-1.0104
2,34,139,-1.0242
2,34,140,-1.092
2,34,141,-1.0247
2,34,142,-1.0706
2,34,143,-1.1026
2,34,144,-1.0486
2,34,145,-1.1319
2,34,146,-1.0369
2,34,147,-1.16
2,34,148,-1.1322
2,34,149,-1.1645
2,34,150,-1.1374
2,34,151,-1.0998
2,34,152,-1.1405
2,34,153,-1.2202
2,34,154,-1.2209
2,34,155,-1.1678
2,34,156,-1.114
2,34,157,-1.3036
2,34,158,-1.1397
2,34,159,-1.1329
2,34,160,-1.0916
2,34,161,-1.1738
2,34,162,-1.1709
2,35,1,0.037357
2,35,2,0.038547
2,35,3,0.061352
2,35,4,0.10762
2,35,5,-0.025895
2,35,6,0.057773
2,35,7,-0.04601
2,35,8,0.0017218
2,35,9,-0.035782
2,35,10,-0.012091
2,35,11,0.03553
2,35,12,-0.047368
2,35,13,0.053996
2,35,14,0.050686
2,35,15,-0.047257
2,35,16,-0.066105
2,35,17,-0.10715
2,35,18,-0.11585
2,35,19,-0.077741
2,35,20,-0.10749
2,35,21,-0.13549
2,35,22,-0.063226
2,35,23,-0.19136
2,35,24,-0.18605
2,35,25,-0.12473
2,35,26,-0.21095
2,35,27,-0.16002
2,35,28,-0.14614
2,35,29,-0.20686
2,35,30,-0.1531
2,35,31,-0.21979
2,35,32,-0.26925
2,35,33,-0.22552
2,35,34,-0.15896
2,35,35,-0.33309
2,35,36,-0.13242
2,35,37,-0.18005
2,35,38,-0.16746
2,35,39,-0.29082
2,35,40,-0.34435
2,35,41,-0.25705
2,35,42,-0.27954
2,35,43,-0.26051
2,35,44,-0.32226
2,35,45,-0.31623
2,35,46,-0.29394
2,35,47,-0.29685
2,35,48,-0.37303
2,35,49,-0.39956
2,35,50,-0.3668
2,35,51,-0.40157
2,35,52,-0.35028
2,35,53,-0.3331
2,35,54,-0.32777
2,35,55,-0.35168
2,35,56,-0.43195
2,35,57,-0.39321
2,35,58,-0.4556
2,35,59,-0.42491
2,35,60,-0.40777
2,35,61,-0.42484
2,35,62,-0.51365
2,35,63,-0.46622
2,35,64,-0.40089
2,35,65,-0.42053
2,35,66,-0.45777
2,35,67,-0.42179
2,35,68,-0.44857
2,35,69,-0.53269
2,35,70,-0.51939
2,35,71,-0.52397
2,35,72,-0.59647
2,35,73,-0.45975
2,35,74,-0.47139
2,35,75,-0.57555
2,35,76,-0.53737
2,35,77,-0.50898
2,35,78,-0.51652
2,35,79,-0.58122
2,35,80,-0.63151
2,35,81,-0.56137
2,35,82,-0.52758
2,35,83,-0.56529
2,35,84,-0.68043
2,35,85,-0.72188
2,35,86,-0.61042
2,35,87,-0.52038
2,35,88,-0.65888
2,35,89,-0.64097
2,35,90,-0.69764
2,35,91,-0.59766
2,35,92,-0.69649
2,35,93,-0.67689
2,35,94,-0.8123
2,35,95,-0.70796
2,35,96,-0.82543
2,35,97,-0.82018
2,35,98,-0.78932
2,35,99,-0.8399
2,35,100,-0.72654
2,35,101,-0.73746
2,35,102,-0.80237
2,35,103,-0.74024
2,35,104,-0.78332
2,35,105,-0.79316
2,35,106,-0.80099
2,35,107,-0.7463
2,35,108,-0.79172
2,35,109,-0.83517
2,35,110,-0.86875
2,35,111,-0.77707
2,35,112,-0.86279
2,35,113,-0.8067
2,35,114,-0.86093
2,35,115,-0.84969
2,35,116,-0.85585
2,35,117,-0.95803
2,35,118,-0.85686
2,35,119,-0.92795
2,35,120,-0.88969
2,35,121,-0.81546
2,35,122,-0.87753
2,35,123,-0.91222
2,35,124,-0.941
2,35,125,-0.9177
2,35,126,-0.92478
2,35,127,-0.96579
2,35,128,-0.90848
2,35,129,-0.88969
2,35,130,-1.0208
2,35,131,-0.98233
2,35,132,-0.99119
2,35,133,-1.0128
2,35,134,-0.93515
2,35,135,-0.87576
2,35,136,-1.0424
2,35,137,-1.0498
2,35,138,-1.0396
2,35,139,-1.0715
2,35,140,-1.1226
2,35,141,-1.0769
2,35,142,-1.0157
2,35,143,-1.1346
2,35,144,-1.0654
2,35,145,-1.1252
2,35,146,-1.086
2,35,147,-1.1361
2,35,148,-1.0305
2,35,149,-1.1347
2,35,150,-1.0541
2,35,151,-1.128
2,35,152,-1.083
2,35,153,-1.1317
2,35,154,-1.1923
2,35,155,-1.1285
2,35,156,-1.1978
2,35,157,-1.1305
2,35,158,-1.2765
2,35,159,-1.1878
2,35,160,-1.2081
2,35,161,-1.16
2,35,162,-1.2333
2,35,163,-1.211
2,35,164,-1.1876
2,35,165,-1.1609
2,36,1,0.0069241
2,36,2,0.040249
2,36,3,0.056976
2,36,4,0.037954
2,36,5,0.024605
2,36,6,0.087859
2,36,7,-0.037498
2,36,8,0.029416
2,36,9,0.026602
2,36,10,-0.034341
2,36,11,-0.09107
2,36,12,0.0085057
2,36,13,-0.054769
2,36,14,-0.071727
2,36,15,-0.027202
2,36,16,-0.10307
2,36,17,-0.055892
2,36,18,-0.071531
2,36,19,-0.13768
2,36,20,-0.14635
2,36,21,-0.18401
2,36,22,-0.08577
2,36,23,-0.10832
2,36,24,-0.2124
2,36,25,-0.13042
2,36,26,-0.22227
2,36,27,-0.086413
2,36,28,-0.16716
2,36,29,-0.16119
2,36,30,-0.10858
2,36,31,-0.20317
2,36,32,-0.26565
2,36,33,-0.20342
2,36,34,-0.25167
2,36,35,-0.19207
2,36,36,-0.27012
2,36,37,-0.25973
2,36,38,-0.14407
2,36,39,-0.26471
2,36,40,-0.17144
2,36,41,-0.23983
2,36,42,-0.31871
2,36,43,-0.25458
2,36,44,-0.33997
2,36,45,-0.34165
2,36,46,-0.29696
2,36,47,-0.27942
2,36,48,-0.33408
2,36,49,-0.23989
2,36,50,-0.42038
2,36,51,-0.48307
2,36,52,-0.34685
2,36,53,-0.41431
2,36,54,-0.45025
2,36,55,-0.43177
2,36,56,-0.3886
2,36,57,-0.3664
2,36,58,-0.29907
2,36,59,-0.39114
2,36,60,-0.45639
2,36,61,-0.48129
2,36,62,-0.47898
2,36,63,-0.42329
2,36,64,-0.41569
2,36,65,-0.47562
2,36,66,-0.41974
2,36,67,-0.46036
2,36,68,-0.47338
2,36,69,-0.42427
2,36,70,-0.55995
2,36,71,-0.47739
2,36,72,-0.37267
2,36,73,-0.46464
2,36,74,-0.58471
2,36,75,-0.48388
2,36,76,-0.60081
2,36,77,-0.48136
2,36,78,-0.48712
2,36,79,-0.56956
2,36,80,-0.59745
2,36,81,-0.59688
2,36,82,-0.57126
2,36,83,-0.6464
2,36,84,-0.66436
2,36,85,-0.5493
2,36,86,-0.56295
2,36,87,-0.63409
2,36,88,-0.56788
2,36,89,-0.55056
2,36,90,-0.70685
2,36,91,-0.63733
2,36,92,-0.62183
2,36,93,-0.62539
2,36,94,-0.70305
2,36,95,-0.68305
2,36,96,-0.67575
2,36,97,-0.73992
2,36,98,-0.64908
2,36,99,-0.7932
2,36,100,-0.6998
2,36,101,-0.69569
2,36,102,-0.69301
2,36,103,-0.743
2,36,104,-0.74434
2,36,105,-0.69347
2,36,106,-0.7186
2,36,107,-0.75055
2,36,108,-0.80932
2,36,109,-0.83807
2,36,110,-0.78232
2,36,111,-0.81992
2,36,112,-0.7447
2,36,113,-0.82525
2,36,114,-0.69839
2,36,115,-0.77181
2,36,116,-0.78301
2,36,117,-0.81237
2,36,118,-0.82719
2,36,119,-0.82572
2,36,120,-0.79864
2,36,121,-0.82783
2,36,122,-0.94032
2,36,123,-0.84574
2,36,124,-0.91434
2,36,125,-0.99095
2,36,126,-0.8181
2,36,127,-0.95367
2,36,128,-0.80358
2,36,129,-0.97796
2,36,130,-0.96894
2,36,131,-0.88033
2,36,132,-0.97572
2,36,133,-0.97413
2,36,134,-0.94502
2,36,135,-0.87215
2,36,136,-1.0334
2,36,137,-0.8839
2,36,138,-0.95483
2,36,139,-0.9819
2,36,140,-0.97972
2,36,141,-1.0261
2,36,142,-0.93794
2,36,143,-1.0479
2,36,144,-1.0442
2,36,145,-1.0821
2,36,146,-1.0515
2,36,147,-1.042
2,36,148,-0.9942
2,36,149,-0.98236
2,36,150,-0.97835
2,36,151,-1.077
2,36,152,-1.1102
2,36,153,-1.1064
2,36,154,-0.99864
2,36,155,-1.0356
2,36,156,-1.0612
2,36,157,-1.0835
2,36,158,-1.1265
2,36,159,-1.1129
2,36,160,-1.1183
2,36,161,-1.2165
2,36,162,-1.1273
2,36,163,-1.1443
2,36,164,-1.141
2,36,165,-1.2179
2,36,166,-1.1151
2,36,167,-1.1478
2,36,168,-1.1909
2,36,169,-1.22
2,36,170,-1.1468
2,36,171,-1.1616
2,36,172,-1.2563
2,36,173,-1.1769
2,37,1,0.0087428
2,37,2,0.055607
2,37,3,-0.0042628
2,37,4,-0.042634
2,37,5,0.059991
2,37,6,-0.019959
2,37,7,-0.079899
2,37,8,0.032347
2,37,9,0.0037217
2,37,10,-0.07575
2,37,11,-0.01016
2,37,12,-0.051214
2,37,13,-0.035423
2,37,14,-0.061168
2,37,15,0.013017
2,37,16,-0.077263
2,37,17,-0.066576
2,37,18,-0.082302
2,37,19,-0.094214
2,37,20,-0.076424
2,37,21,-0.15132
2,37,22,-0.072705
2,37,23,-0.069516
2,37,24,-0.17455
2,37,25,-0.1766
2,37,26,-0.1015
2,37,27,-0.07098
2,37,28,-0.13885
2,37,29,-0.19611
2,37,30,-0.13379
2,37,31,-0.17837
2,37,32,-0.2481
2,37,33,-0.23605
2,37,34,-0.15126
2,37,35,-0.2676
2,37,36,-0.24023
2,37,37,-0.13651
2,37,38,-0.18972
2,37,39,-0.2104
2,37,40,-0.24086
2,37,41,-0.33619
2,37,42,-0.28821
2,37,43,-0.38327
2,37,44,-0.26548
2,37,45,-0.32833
2,37,46,-0.29886
2,37,47,-0.39336
2,37,48,-0.24895
2,37,49,-0.28472
2,37,50,-0.32726
2,37,51,-0.22441
2,37,52,-0.37214
2,37,53,-0.41621
2,37,54,-0.31592
2,37,55,-0.41013
2,37,56,-0.30368
2,37,57,-0.389
2,37,58,-0.33
2,37,59,-0.38103
2,37,60,-0.38653
2,37,61,-0.45483
2,37,62,-0.40619
2,37,63,-0.42091
2,37,64,-0.43111
2,37,65,-0.42811
2,37,66,-0.49666
2,37,67,-0.42647
2,37,68,-0.34547
2,37,69,-0.48145
2,37,70,-0.47423
2,37,71,-0.36105
2,37,72,-0.44038
2,37,73,-0.48188
2,37,74,-0.5016
2,37,75,-0.58733
2,37,76,-0.44324
2,37,77,-0.59372
2,37,78,-0.55233
2,37,79,-0.5037
2,37,80,-0.65781
2,37,81,-0.47899
2,37,82,-0.57719
2,37,83,-0.62549
2,37,84,-0.57066
2,37,85,-0.47793
2,37,86,-0.55679
2,37,87,-0.62249
2,37,88,-0.63409
2,37,89,-0.65999
2,37,90,-0.68847
2,37,91,-0.57337
2,37,92,-0.68652
2,37,93,-0.61105
2,37,94,-0.67664
2,37,95,-0.65706
2,37,96,-0.62734
2,37,97,-0.69495
2,37,98,-0.62505
2,37,99,-0.69925
2,37,100,-0.68272
2,37,101,-0.68394
2,37,102,-0.67155
2,37,103,-0.69494
2,37,104,-0.73712
2,37,105,-0.75548
2,37,106,-0.66523
2,37,107,-0.73275
2,37,108,-0.81658
2,37,109,-0.74087
2,37,110,-0.78594
2,37,111,-0.79672
2,37,112,-0.7742
2,37,113,-0.72122
2,37,114,-0.74275
2,37,115,-0.83272
2,37,116,-0.82677
2,37,117,-0.70534
2,37,118,-0.87067
2,37,119,-0.76255
2,37,120,-0.89146
2,37,121,-0.87204
2,37,122,-0.92786
2,37,123,-0.88964
2,37,124,-0.84872
2,37,125,-0.83624
2,37,126,-0.93194
2,37,127,-0.83688
2,37,128,-0.83296
2,37,129,-0.91674
2,37,130,-0.87957
2,37,131,-0.84904
2,37,132,-0.94335
2,37,133,-0.97134
2,37,134,-0.90891
2,37,135,-0.9931
2,37,136,-0.94706
2,37,137,-0.96191
2,37,138,-0.90718
2,37,139,-0.94602
2,37,140,-0.88168
2,37,141,-0.95449
2,37,142,-1.0357
2,37,143,-0.97355
2,37,144,-1.0339
2,37,145,-0.91831
2,37,146,-0.98347
2,37,147,-0.98382
2,37,148,-1.0198
2,37,149,-0.93674
2,37,150,-1.001
2,37,151,-1.0401
2,37,152,-1.0327
2,37,153,-1.0739
2,37,154,-1.1251
2,37,155,-1.0217
2,37,156,-0.9148
2,37,157,-1.1625
2,37,158,-1.1386
2,37,159,-1.1388
2,37,160,-1.1147
2,37,161,-1.0661
2,37,162,-1.0471
2,37,163,-1.1665
2,37,164,-1.1641
2,37,165,-1.1161
2,37,166,-1.1324
2,37,167,-1.0342
2,37,168,-1.1151
2,37,169,-1.125
2,37,170,-1.1111
2,37,171,-1.1867
2,37,172,-1.1385
2,37,173,-1.0264
2,37,174,-1.0969
2,37,175,-1.1203
2,37,176,-1.1268
2,37,177,-1.1814
2,37,178,-1.2088
2,37,179,-1.1293
2,37,180,-1.2618
2,37,181,-1.1437
2,38,1,0.024058
2,38,2,0.08846
2,38,3,0.084798
2,38,4,-0.0062796
2,38,5,0.068816
2,38,6,0.033447
2,38,7,-0.05472
2,38,8,-0.022499
2,38,9,-0.015716
2,38,10,-0.03186
2,38,11,-0.036672
2,38,12,-0.012082
2,38,13,-0.098745
2,38,14,0.03331
2,38,15,-0.036764
2,38,16,-0.042805
2,38,17,-0.075099
2,38,18,-0.022772
2,38,19,-0.052652
2,38,20,-0.16908
2,38,21,-0.017685
2,38,22,-0.15479
2,38,23,-0.094231
2,38,24,-0.1895
2,38,25,-0.13023
2,38,26,-0.12285
2,38,27,-0.075507
2,38,28,-0.20771
2,38,29,-0.10318
2,38,30,-0.1772
2,38,31,-0.22935
2,38,32,-0.15369
2,38,33,-0.2252
2,38,34,-0.27645
2,38,35,-0.23001
2,38,36,-0.2678
2,38,37,-0.32333
2,38,38,-0.27312
2,38,39,-0.31296
2,38,40,-0.17397
2,38,41,-0.1888
2,38,42,-0.26871
2,38,43,-0.41024
2,38,44,-0.31562
2,38,45,-0.38774
2,38,46,-0.34121
2,38,47,-0.27887
2,38,48,-0.39392
2,38,49,-0.31546
2,38,50,-0.47308
2,38,51,-0.43597
2,38,52,-0.35688
2,38,53,-0.36869
2,38,54,-0.45771
2,38,55,-0.4291
2,38,56,-0.33512
2,38,57,-0.45834
2,38,58,-0.38523
2,38,59,-0.33542
2,38,60,-0.43211
2,38,61,-0.42793
2,38,62,-0.58249
2,38,63,-0.53532
2,38,64,-0.51892
2,38,65,-0.53815
2,38,66,-0.4208
2,38,67,-0.4695
2,38,68,-0.44759
2,38,69,-0.44456
2,38,70,-0.48452
2,38,71,-0.47831
2,38,72,-0.56119
2,38,73,-0.48909
2,38,74,-0.51929
2,38,75,-0.48703
2,38,76,-0.57903
2,38,77,-0.69012
2,38,78,-0.53714
2,38,79,-0.56349
2,38,80,-0.59408
2,38,81,-0.65105
2,38,82,-0.65312
2,38,83,-0.69739
2,38,84,-0.7538
2,38,85,-0.63505
2,38,86,-0.6443
2,38,87,-0.56849
2,38,88,-0.70021
2,38,89,-0.63091
2,38,90,-0.68176
2,38,91,-0.67553
2,38,92,-0.73301
2,38,93,-0.66769
2,38,94,-0.69121
2,38,95,-0.73784
2,38,96,-0.7292
2,38,97,-0.81233
2,38,98,-0.84685
2,38,99,-0.7384
2,38,100,-0.7583
2,38,101,-0.76267
2,38,102,-0.79193
2,38,103,-0.76121
2,38,104,-0.86049
2,38,105,-0.85286
2,38,106,-0.77932
2,38,107,-0.78702
2,38,108,-0.8917
2,38,109,-0.82705
2,38,110,-0.77584
2,38,111,-0.92498
2,38,112,-0.71995
2,38,113,-0.84163
2,38,114,-0.9634
2,38,115,-0.96013
2,38,116,-0.84995
2,38,117,-0.82941
2,38,118,-0.86915
2,38,119,-0.89055
2,38,120,-0.95753
2,38,121,-0.97257
2,38,122,-0.97974
2,38,123,-0.97008
2,38,124,-0.94268
2,38,125,-0.98862
2,38,126,-0.89828
2,38,127,-1.0746
2,38,128,-1.023
2,38,129,-0.98513
2,38,130,-1.0319
2,38,131,-0.95754
2,38,132,-1.0922
2,38,133,-1.0779
2,38,134,-1.0244
2,38,135,-0.99739
2,38,136,-1.0276
2,38,137,-0.98323
2,38,138,-1.0699
2,38,139,-1.0935
2,38,140,-0.99792
2,38,141,-1.084
2,38,142,-1.0967
2,38,143,-1.1224
2,38,144,-1.0857
2,38,145,-1.0354
2,38,146,-1.1244
2,38,147,-0.99649
2,38,148,-1.081
2,38,149,-1.1202
2,38,150,-1.0641
2,38,151,-1.1127
2,38,152,-1.1304
2,38,153,-1.1725
2,38,154,-1.0966
2,38,155,-1.0639
2,38,156,-1.1013
2,38,157,-1.1847
2,38,158,-1.1101
2,38,159,-1.2659
2,38,160,-1.1313
2,38,161,-1.1806
2,38,162,-1.2424
2,39,1,0.037045
2,39,2,0.10587
2,39,3,0.10763
2,39,4,0.064074
2,39,5,0.10175
2,39,6,0.075706
2,39,7,0.010353
2,39,8,-0.013397
2,39,9,-0.060422
2,39,10,-0.032393
2,39,11,-0.095736
2,39,12,-0.023264
2,39,13,-0.048564
2,39,14,0.031775
2,39,15,-0.023074
2,39,16,-0.0134
2,39,17,-0.049626
2,39,18,-0.13543
2,39,19,-0.080636
2,39,20,-0.20538
2,39,21,-0.12042
2,39,22,-0.11856
2,39,23,-0.20901
2,39,24,-0.050101
2,39,25,-0.12932
2,39,26,-0.08703
2,39,27,-0.16251
2,39,28,-0.049857
2,39,29,-0.22592
2,39,30,-0.066271
2,39,31,-0.14136
2,39,32,-0.23431
2,39,33,-0.13194
2,39,34,-0.27956
2,39,35,-0.31259
2,39,36,-0.20138
2,39,37,-0.2683
2,39,38,-0.23878
2,39,39,-0.24714
2,39,40,-0.29728
2,39,41,-0.25734
2,39,42,-0.32561
2,39,43,-0.30269
2,39,44,-0.22492
2,39,45,-0.22816
2,39,46,-0.41076
2,39,47,-0.323
2,39,48,-0.34799
2,39,49,-0.3673
2,39,50,-0.33566
2,39,51,-0.28204
2,39,52,-0.33597
2,39,53,-0.26721
2,39,54,-0.36602
2,39,55,-0.36684
2,39,56,-0.33172
2,39,57,-0.42442
2,39,58,-0.44556
2,39,59,-0.42321
2,39,60,-0.41158
2,39,61,-0.30302
2,39,62,-0.48788
2,39,63,-0.52212
2,39,64,-0.40006
2,39,65,-0.47059
2,39,66,-0.48351
2,39,67,-0.42927
2,39,68,-0.53741
2,39,69,-0.48684
2,39,70,-0.56304
2,39,71,-0.4215
2,39,72,-0.54265
2,39,73,-0.50086
2,39,74,-0.51502
2,39,75,-0.49389
2,39,76,-0.5498
2,39,77,-0.56894
2,39,78,-0.55258
2,39,79,-0.5505
2,39,80,-0.54682
2,39,81,-0.67394
2,39,82,-0.5448
2,39,83,-0.52111
2,39,84,-0.62486
2,39,85,-0.67011
2,39,86,-0.658
2,39,87,-0.68204
2,39,88,-0.6426
2,39,89,-0.57115
2,39,90,-0.65434
2,39,91,-0.58415
2,39,92,-0.59656
2,39,93,-0.72286
2,39,94,-0.73146
2,39,95,-0.72943
2,39,96,-0.68347
2,39,97,-0.69911
2,39,98,-0.69956
2,39,99,-0.70853
2,39,100,-0.70212
2,39,101,-0.72962
2,39,102,-0.74279
2,39,103,-0.7394
2,39,104,-0.71161
2,39,105,-0.87695
2,39,106,-0.82062
2,39,107,-0.78242
2,39,108,-0.78947
2,39,109,-0.7368
2,39,110,-0.85098
2,39,111,-0.77754
2,39,112,-0.82599
2,39,113,-0.74232
2,39,114,-0.87836
2,39,115,-0.7971
2,39,116,-0.7929
2,39,117,-0.8922
2,39,118,-0.79888
2,39,119,-0.88075
2,39,120,-0.76132
2,39,121,-0.86231
2,39,122,-0.87593
2,39,123,-0.85599
2,39,124,-0.85373
2,39,125,-0.83667
2,39,126,-0.92754
2,39,127,-0.84757
2,39,128,-0.87176
2,39,129,-0.9231
2,39,130,-0.9031
2,39,131,-0.96244
2,39,132,-0.9691
2,39,133,-0.96342
2,39,134,-0.91041
2,39,135,-1.0222
2,39,136,-0.97251
2,39,137,-1.0323
2,39,138,-1.0681
2,39,139,-1.0545
2,39,140,-1.0734
2,39,141,-1.0392
2,39,142,-1.0575
2,39,143,-1.0317
2,39,144,-0.98855
2,39,145,-1.0106
2,39,146,-1.0711
2,39,147,-1.0704
2,39,148,-1.0039
2,39,149,-1.1351
2,39,150,-1.0081
2,39,151,-1.0762
2,39,152,-1.1
2,39,153,-1.1744
2,39,154,-1.1087
2,39,155,-1.0885
2,39,156,-1.1061
2,39,157,-1.0897
2,39,158,-1.1424
2,39,159,-1.1309
2,39,160,-1.0683
2,39,161,-1.1638
2,39,162,-1.1517
2,39,163,-1.1217
2,39,164,-1.0696
2,39,165,-1.2585
2,39,166,-1.1993
2,39,167,-1.0999
2,39,168,-1.1555
2,39,169,-1.1946
2,40,1,0.13688
2,40,2,0.087053
2,40,3,-0.0071028
2,40,4,0.08096
2,40,5,-0.0012848
2,40,6,-0.036064
2,40,7,-0.0148
2,40,8,0.038169
2,40,9,0.051935
2,40,10,-0.031566
2,40,11,-0.030357
2,40,12,0.043432
2,40,13,-0.02106
2,40,14,-0.051574
2,40,15,-0.056639
2,40,16,-0.090829
2,40,17,-0.118
2,40,18,-0.15136
2,40,19,-0.085387
2,40,20,-0.070896
2,40,21,-0.19131
2,40,22,-0.092464
2,40,23,-0.1034
2,40,24,-0.057558
2,40,25,-0.2264
2,40,26,-0.10122
2,40,27,-0.086813
2,40,28,-0.14014
2,40,29,-0.1981
2,40,30,-0.2576
2,40,31,-0.14898
2,40,32,-0.21905
2,40,33,-0.17221
2,40,34,-0.21566
2,40,35,-0.26934
2,40,36,-0.18797
2,40,37,-0.22708
2,40,38,-0.19846
2,40,39,-0.35493
2,40,40,-0.30251
2,40,41,-0.27184
2,40,42,-0.2283
2,40,43,-0.24634
2,40,44,-0.35153
2,40,45,-0.36596
2,40,46,-0.32884
2,40,47,-0.25398
2,40,48,-0.36904
2,40,49,-0.37018
2,40,50,-0.37243
2,40,51,-0.42103
2,40,52,-0.32113
2,40,53,-0.43954
2,40,54,-0.33419
2,40,55,-0.41651
2,40,56,-0.32372
2,40,57,-0.44326
2,40,58,-0.43749
2,40,59,-0.37835
2,40,60,-0.39694
2,40,61,-0.47809
2,40,62,-0.54012
2,40,63,-0.50482
2,40,64,-0.56819
2,40,65,-0.48356
2,40,66,-0.55951
2,40,67,-0.56861
2,40,68,-0.43542
2,40,69,-0.59056
2,40,70,-0.53815
2,40,71,-0.61907
2,40,72,-0.49789
2,40,73,-0.58291
2,40,74,-0.55767
2,40,75,-0.57532
2,40,76,-0.60769
2,40,77,-0.60231
2,40,78,-0.68963
2,40,79,-0.64481
2,40,80,-0.63192
2,40,81,-0.58661
2,40,82,-0.64366
2,40,83,-0.65024
2,40,84,-0.63633
2,40,85,-0.6776
2,40,86,-0.62213
2,40,87,-0.64775
2,40,88,-0.60352
2,40,89,-0.71732
2,40,90,-0.66062
2,40,91,-0.6206
2,40,92,-0.70582
2,40,93,-0.70933
2,40,94,-0.72691
2,40,95,-0.62378
2,40,96,-0.73341
2,40,97,-0.77884
2,40,98,-0.78817
2,40,99,-0.70771
2,40,100,-0.7903
2,40,101,-0.84433
2,40,102,-0.8169
2,40,103,-0.7875
2,40,104,-0.82452
2,40,105,-0.83679
2,40,106,-0.76302
2,40,107,-0.78665
2,40,108,-0.79607
2,40,109,-0.85325
2,40,110,-0.83783
2,40,111,-0.79702
2,40,112,-0.8818
2,40,113,-0.91519
2,40,114,-0.85239
2,40,115,-0.8308
2,40,116,-0.80534
2,40,117,-0.83979
2,40,118,-0.90198
2,40,119,-0.87847
2,40,120,-0.87991
2,40,121,-0.88166
2,40,122,-0.92935
2,40,123,-0.9794
2,40,124,-0.92777
2,40,125,-0.89603
2,40,126,-0.88774
2,40,127,-0.93605
2,40,128,-1.0218
2,40,129,-1.0165
2,40,130,-1.0074
2,40,131,-0.98378
2,40,132,-1.02
2,40,133,-0.91325
2,40,134,-1.0209
2,40,135,-1.0236
2,40,136,-1.0661
2,40,137,-0.99176
2,40,138,-1.0453
2,40,139,-1.0099
2,40,140,-1.0343
2,40,141,-1.0135
2,40,142,-1.0272
2,40,143,-1.1207
2,40,144,-1.1356
2,40,145,-1.0512
2,40,146,-1.1474
2,40,147,-1.0878
2,40,148,-1.1027
2,40,149,-1.0836
2,40,150,-1.0983
2,40,151,-1.1413
2,40,152,-1.102
2,40,153,-1.1181
2,40,154,-1.1435
2,40,155,-1.1135
2,40,156,-1.1162
2,40,157,-1.1653
2,40,158,-1.1555
2,40,159,-1.178
2,40,160,-1.2271
2,40,161,-1.0797
2,40,162,-1.1537
2,40,163,-1.1929
3,101,1,0.16075
3,101,2,0.040674
3,101,3,0.14683
3,101,4,0.25383
3,101,5,0.14273
3,101,6,0.094956
3,101,7,0.015521
3,101,8,0.15744
3,101,9,0.18274
3,101,10,0.16007
3,101,11,-0.016161
3,101,12,-0.019961
3,101,13,0.051848
3,101,14,0.025953
3,101,15,0.18954
3,101,16,0.14709
3,101,17,0.17381
3,101,18,0.13825
3,101,19,0.06168
3,101,20,0.12456
3,101,21,0.12915
3,101,22,0.09102
3,101,23,0.17149
3,101,24,0.13509
3,101,25,0.17618
3,101,26,0.15918
3,101,27,0.10234
3,101,28,0.17916
3,101,29,0.30681
3,101,30,0.27829
3,101,31,0.28189
3,101,32,0.27122
3,101,33,0.27087
3,101,34,0.24021
3,101,35,0.23659
3,101,36,0.30092
3,101,37,0.28935
3,101,38,0.21718
3,101,39,0.25432
3,101,40,0.15808
3,101,41,0.20736
3,101,42,0.3342
3,101,43,0.32881
3,101,44,0.23577
3,101,45,0.27985
3,101,46,0.32801
3,101,47,0.27824
3,101,48,0.31582
3,101,49,0.22153
3,101,50,0.28122
3,101,51,0.35086
3,101,52,0.33671
3,101,53,0.31805
3,101,54,0.40968
3,101,55,0.35444
3,101,56,0.40246
3,101,57,0.30854
3,101,58,0.45138
3,101,59,0.374
3,101,60,0.47126
3,101,61,0.34611
3,101,62,0.44365
3,101,63,0.42391
3,101,64,0.4536
3,101,65,0.55549
3,101,66,0.48602
3,101,67,0.598
3,101,68,0.49085
3,101,69,0.41871
3,101,70,0.52763
3,101,71,0.52703
3,101,72,0.49294
3,101,73,0.53405
3,101,74,0.72609
3,101,75,0.6352
3,101,76,0.68173
3,101,77,0.61212
3,101,78,0.60563
3,101,79,0.66104
3,101,80,0.71012
3,101,81,0.7152
3,101,82,0.60608
3,101,83,0.75632
3,101,84,0.71704
3,101,85,0.71231
3,101,86,0.81331
3,101,87,0.73628
3,101,88,0.72542
3,101,89,0.82454
3,101,90,0.79762
3,101,91,0.90944
3,101,92,0.8222
3,101,93,0.68812
3,101,94,0.90022
3,101,95,0.84281
3,101,96,0.95135
3,101,97,0.88616
3,101,98,0.86541
3,101,99,0.85154
3,101,100,0.91865
3,101,101,1.0235
3,101,102,0.94353
3,101,103,0.98538
3,101,104,1.0267
3,101,105,1.0273
3,101,106,1.0928
3,101,107,1.0544
3,101,108,1.0631
3,101,109,1.1066
3,101,110,1.0982
3,101,111,1.2509
3,101,112,1.1848
3,101,113,1.1946
3,101,114,1.2277
3,101,115,1.2032
3,101,116,1.2315
3,101,117,1.1974
3,101,118,1.3041
3,101,119,1.2173
3,101,120,1.3744
3,101,121,1.4422
3,101,122,1.3085
3,101,123,1.413
3,101,124,1.4282
3,101,125,1.419
3,101,126,1.5151
3,101,127,1.5396
3,101,128,1.3452
3,101,129,1.6009
3,101,130,1.4728
3,101,131,1.6293
3,101,132,1.5724
3,101,133,1.6732
3,101,134,1.6766
3,101,135,1.4829
3,101,136,1.7295
3,101,137,1.7795
3,101,138,1.671
3,101,139,1.7759
3,102,1,0.075029
3,102,2,0.0092792
3,102,3,0.15222
3,102,4,0.22162
3,102,5,0.08721
3,102,6,0.12119
3,102,7,0.15967
3,102,8,0.033315
3,102,9,0.057758
3,102,10,0.14813
3,102,11,0.17554
3,102,12,0.25379
3,102,13,0.18908
3,102,14,0.18254
3,102,15,0.17256
3,102,16,0.11368
3,102,17,0.057215
3,102,18,0.17929
3,102,19,0.21447
3,102,20,0.1378
3,102,21,0.1836
3,102,22,0.11359
3,102,23,0.065928
3,102,24,0.0909
3,102,25,0.15636
3,102,26,0.271
3,102,27,0.10308
3,102,28,0.11054
3,102,29,0.1347
3,102,30,0.21894
3,102,31,0.15967
3,102,32,0.12114
3,102,33,0.12935
3,102,34,0.16281
3,102,35,0.16624
3,102,36,0.27248
3,102,37,0.20187
3,102,38,0.38512
3,102,39,0.16532
3,102,40,0.18315
3,102,41,0.34084
3,102,42,0.36471
3,102,43,0.30684
3,102,44,0.16276
3,102,45,0.12021
3,102,46,0.4295
3,102,47,0.32292
3,102,48,0.33861
3,102,49,0.27644
3,102,50,0.2944
3,102,51,0.32414
3,102,52,0.28757
3,102,53,0.32299
3,102,54,0.41275
3,102,55,0.45794
3,102,56,0.26886
3,102,57,0.42152
3,102,58,0.30496
3,102,59,0.25339
3,102,60,0.42619
3,102,61,0.24656
3,102,62,0.42254
3,102,63,0.32534
3,102,64,0.39669
3,102,65,0.29037
3,102,66,0.32699
3,102,67,0.51358
3,102,68,0.45335
3,102,69,0.54475
3,102,70,0.36296
3,102,71,0.46513
3,102,72,0.42762
3,102,73,0.4459
3,102,74,0.47752
3,102,75,0.4148
3,102,76,0.54597
3,102,77,0.4246
3,102,78,0.55732
3,102,79,0.63757
3,102,80,0.54613
3,102,81,0.49181
3,102,82,0.58026
3,102,83,0.61328
3,102,84,0.53964
3,102,85,0.62259
3,102,86,0.55685
3,102,87,0.65667
3,102,88,0.69771
3,102,89,0.65279
3,102,90,0.61368
3,102,91,0.74973
3,102,92,0.75746
3,102,93,0.68403
3,102,94,0.80829
3,102,95,0.8022
3,102,96,0.83318
3,102,97,0.66262
3,102,98,0.81215
3,102,99,0.67978
3,102,100,0.87719
3,102,101,0.86607
3,102,102,0.78358
3,102,103,0.78393
3,102,104,0.81354
3,102,105,0.8503
3,102,106,0.82206
3,102,107,0.81689
3,102,108,0.94852
3,102,109,0.86362
3,102,110,0.90344
3,102,111,0.83325
3,102,112,0.97928
3,102,113,1.0513
3,102,114,0.94715
3,102,115,0.92967
3,102,116,0.98599
3,102,117,1.0876
3,102,118,1.1817
3,102,119,1.071
3,102,120,1.2118
3,102,121,1.1028
3,102,122,1.0471
3,102,123,1.1279
3,102,124,1.1394
3,102,125,1.2007
3,102,126,1.2252
3,102,127,1.1337
3,102,128,1.2222
3,102,129,1.2729
3,102,130,1.2572
3,102,131,1.2824
3,102,132,1.2794
3,102,133,1.4387
3,102,134,1.3687
3,102,135,1.3656
3,102,136,1.3637
3,102,137,1.4108
3,102,138,1.3781
3,102,139,1.4679
3,102,140,1.5359
3,102,141,1.4737
3,102,142,1.5444
3,102,143,1.5887
3,102,144,1.6769
3,102,145,1.5558
3,102,146,1.5689
3,102,147,1.592
3,102,148,1.6498
3,102,149,1.7441
3,102,150,1.6072
3,102,151,1.6984
3,102,152,1.7014
3,102,153,1.7321
3,102,154,1.6967
3,103,1,0.19024
3,103,2,0.040266
3,103,3,0.16515
3,103,4,0.16152
3,103,5,0.045831
3,103,6,0.11829
3,103,7,0.0043288
3,103,8,0.064671
3,103,9,0.093712
3,103,10,0.11022
3,103,11,0.1289
3,103,12,0.082851
3,103,13,0.1719
3,103,14,0.17764
3,103,15,-0.023895
3,103,16,0.20966
3,103,17,0.19302
3,103,18,0.084658
3,103,19,0.17059
3,103,20,0.10445
3,103,21,0.19016
3,103,22,0.00094358
3,103,23,0.18082
3,103,24,0.090364
3,103,25,0.12032
3,103,26,0.13115
3,103,27,0.14993
3,103,28,0.2843
3,103,29,0.2034
3,103,30,0.14005
3,103,31,0.21095
3,103,32,0.16513
3,103,33,0.24135
3,103,34,0.26461
3,103,35,0.27238
3,103,36,0.081965
3,103,37,0.1425
3,103,38,0.24904
3,103,39,0.2251
3,103,40,0.26576
3,103,41,0.24796
3,103,42,0.2612
3,103,43,0.22173
3,103,44,0.17391
3,103,45,0.12844
3,103,46,0.23857
3,103,47,0.24523
3,103,48,0.30716
3,103,49,0.33675
3,103,50,0.1486
3,103,51,0.32572
3,103,52,0.28352
3,103,53,0.43906
3,103,54,0.1618
3,103,55,0.35192
3,103,56,0.39333
3,103,57,0.42419
3,103,58,0.50126
3,103,59,0.40251
3,103,60,0.32551
3,103,61,0.3192
3,103,62,0.44321
3,103,63,0.51726
3,103,64,0.41273
3,103,65,0.5632
3,103,66,0.41697
3,103,67,0.4177
3,103,68,0.48129
3,103,69,0.43722
3,103,70,0.42593
3,103,71,0.52052
3,103,72,0.54658
3,103,73,0.49828
3,103,74,0.52891
3,103,75,0.55684
3,103,76,0.58057
3,103,77,0.54841
3,103,78,0.60196
3,103,79,0.60963
3,103,80,0.46705
3,103,81,0.68489
3,103,82,0.7187
3,103,83,0.64097
3,103,84,0.64723
3,103,85,0.65448
3,103,86,0.67449
3,103,87,0.75165
3,103,88,0.64718
3,103,89,0.65421
3,103,90,0.84795
3,103,91,0.69795
3,103,92,0.79106
3,103,93,0.80334
3,103,94,0.79276
3,103,95,0.70598
3,103,96,0.91489
3,103,97,0.7977
3,103,98,0.79211
3,103,99,0.82438
3,103,100,0.96886
3,103,101,0.86462
3,103,102,0.89839
3,103,103,0.94681
3,103,104,0.90066
3,103,105,1.0062
3,103,106,0.966
3,103,107,1.1008
3,103,108,0.88539
3,103,109,1.0505
3,103,110,0.9735
3,103,111,1.1496
3,103,112,1.1408
3,103,113,1.1655
3,103,114,1.1693
3,103,115,1.1403
3,103,116,1.232
3,103,117,1.1756
3,103,118,1.1716
3,103,119,1.1814
3,103,120,1.3488
3,103,121,1.2974
3,103,122,1.2791
3,103,123,1.2878
3,103,124,1.2987
3,103,125,1.2994
3,103,126,1.4457
3,103,127,1.2956
3,103,128,1.4444
3,103,129,1.3599
3,103,130,1.332
3,103,131,1.4453
3,103,132,1.532
3,103,133,1.5814
3,103,134,1.445
3,103,135,1.4633
3,103,136,1.5446
3,103,137,1.5019
3,103,138,1.6664
3,103,139,1.6311
3,103,140,1.6275
3,103,141,1.5922
3,103,142,1.7553
3,103,143,1.6706
3,103,144,1.7883
3,103,145,1.8216
3,104,1,0.12862
3,104,2,0.089074
3,104,3,0.031291
3,104,4,0.046601
3,104,5,0.16581
3,104,6,0.1044
3,104,7,0.12573
3,104,8,0.080989
3,104,9,0.074148
3,104,10,0.16286
3,104,11,0.23677
3,104,12,0.064173
3,104,13,0.06881
3,104,14,0.081888
3,104,15,0.132
3,104,16,0.13621
3,104,17,0.242
3,104,18,0.19104
3,104,19,0.12512
3,104,20,0.20576
3,104,21,0.17343
3,104,22,0.083348
3,104,23,0.1041
3,104,24,0.24249
3,104,25,0.13592
3,104,26,0.18932
3,104,27,0.25997
3,104,28,0.277
3,104,29,0.15966
3,104,30,0.26533
3,104,31,0.11587
3,104,32,0.34567
3,104,33,0.34239
3,104,34,0.16542
3,104,35,0.16822
3,104,36,0.11926
3,104,37,0.26342
3,104,38,0.23573
3,104,39,0.26209
3,104,40,0.23989
3,104,41,0.29578
3,104,42,0.33925
3,104,43,0.3289
3,104,44,0.46115
3,104,45,0.40137
3,104,46,0.25662
3,104,47,0.49977
3,104,48,0.42028
3,104,49,0.35112
3,104,50,0.32681
3,104,51,0.39297
3,104,52,0.31163
3,104,53,0.5406
3,104,54,0.51077
3,104,55,0.45488
3,104,56,0.34661
3,104,57,0.39472
3,104,58,0.41192
3,104,59,0.47953
3,104,60,0.42949
3,104,61,0.60384
3,104,62,0.52782
3,104,63,0.57029
3,104,64,0.53538
3,104,65,0.49952
3,104,66,0.5721
3,104,67,0.5385
3,104,68,0.51813
3,104,69,0.52936
3,104,70,0.64311
3,104,71,0.55071
3,104,72,0.58249
3,104,73,0.69025
3,104,74,0.63574
3,104,75,0.64362
3,104,76,0.51798
3,104,77,0.73083
3,104,78,0.68875
3,104,79,0.6379
3,104,80,0.8351
3,104,81,0.80094
3,104,82,0.85656
3,104,83,0.75601
3,104,84,0.76411
3,104,85,0.82655
3,104,86,0.83864
3,104,87,0.89291
3,104,88,0.80695
3,104,89,0.84664
3,104,90,0.88416
3,104,91,0.85437
3,104,92,1.0349
3,104,93,1.0622
3,104,94,1.0436
3,104,95,0.97116
3,104,96,0.90574
3,104,97,1.1547
3,104,98,1.0806
3,104,99,1.0622
3,104,100,1.156
3,104,101,1.0966
3,104,102,1.142
3,104,103,1.2375
3,104,104,1.1857
3,104,105,1.1199
3,104,106,1.1405
3,104,107,1.2591
3,104,108,1.2095
3,104,109,1.3254
3,104,110,1.2802
3,104,111,1.3693
3,104,112,1.216
3,104,113,1.2937
3,104,114,1.29
3,104,115,1.3185
3,104,116,1.3416
3,104,117,1.3952
3,104,118,1.4702
3,104,119,1.5286
3,104,120,1.4761
3,104,121,1.5183
3,104,122,1.6497
3,104,123,1.4589
3,104,124,1.6373
3,104,125,1.6576
3,104,126,1.6666
3,104,127,1.615
3,104,128,1.6433
3,104,129,1.7126
3,104,130,1.6449
3,104,131,1.7713
3,105,1,0.14171
3,105,2,0.068352
3,105,3,0.061643
3,105,4,-0.0034244
3,105,5,0.099486
3,105,6,0.034087
3,105,7,0.026728
3,105,8,0.14354
3,105,9,0.098106
3,105,10,0.13384
3,105,11,0.023262
3,105,12,0.2434
3,105,13,0.026463
3,105,14,0.19438
3,105,15,0.17697
3,105,16,0.21535
3,105,17,0.064379
3,105,18,0.18093
3,105,19,0.07585
3,105,20,0.21977
3,105,21,0.16013
3,105,22,0.19162
3,105,23,0.11041
3,105,24,0.085553
3,105,25,0.16294
3,105,26,0.041478
3,105,27,0.14679
3,105,28,0.19102
3,105,29,0.20749
3,105,30,0.072772
3,105,31,0.26038
3,105,32,0.2565
3,105,33,0.20148
3,105,34,0.2842
3,105,35,0.28445
3,105,36,0.10751
3,105,37,0.17794
3,105,38,0.2958
3,105,39,0.26263
3,105,40,0.19187
3,105,41,0.27587
3,105,42,0.24186
3,105,43,0.25428
3,105,44,0.080171
3,105,45,0.28378
3,105,46,0.33931
3,105,47,0.27321
3,105,48,0.35259
3,105,49,0.28116
3,105,50,0.34212
3,105,51,0.39317
3,105,52,0.35404
3,105,53,0.42964
3,105,54,0.39428
3,105,55,0.24372
3,105,56,0.33235
3,105,57,0.44703
3,105,58,0.43212
3,105,59,0.33436
3,105,60,0.35094
3,105,61,0.25968
3,105,62,0.36462
3,105,63,0.39085
3,105,64,0.31349
3,105,65,0.37803
3,105,66,0.45064
3,105,67,0.25975
3,105,68,0.39176
3,105,69,0.3697
3,105,70,0.51758
3,105,71,0.5564
3,105,72,0.49645
3,105,73,0.41184
3,105,74,0.5067
3,105,75,0.46971
3,105,76,0.46255
3,105,77,0.5803
3,105,78,0.55731
3,105,79,0.57143
3,105,80,0.5904
3,105,81,0.5389
3,105,82,0.60292
3,105,83,0.57829
3,105,84,0.49137
3,105,85,0.65363
3,105,86,0.5902
3,105,87,0.72912
3,105,88,0.72022
3,105,89,0.58351
3,105,90,0.6456
3,105,91,0.69525
3,105,92,0.74164
3,105,93,0.61086
3,105,94,0.73461
3,105,95,0.74339
3,105,96,0.71671
3,105,97,0.8215
3,105,98,0.77379
3,105,99,0.92363
3,105,100,0.77272
3,105,101,0.76922
3,105,102,0.82847
3,105,103,0.88957
3,105,104,0.92315
3,105,105,0.81924
3,105,106,0.8937
3,105,107,0.95917
3,105,108,1.0943
3,105,109,0.94634
3,105,110,0.96307
3,105,111,1.0589
3,105,112,1.0314
3,105,113,1.0065
3,105,114,1.0411
3,105,115,1.0884
3,105,116,1.0411
3,105,117,1.1202
3,105,118,1.1737
3,105,119,1.1553
3,105,120,1.1023
3,105,121,1.1664
3,105,122,1.1591
3,105,123,1.2895
3,105,124,1.1585
3,105,125,1.3368
3,105,126,1.3105
3,105,127,1.2647
3,105,128,1.3268
3,105,129,1.4142
3,105,130,1.3555
3,105,131,1.3577
3,105,132,1.2804
3,105,133,1.3346
3,105,134,1.3486
3,105,135,1.4373
3,105,136,1.395
3,105,137,1.4586
3,105,138,1.5975
3,105,139,1.5179
3,105,140,1.513
3,105,141,1.52
3,105,142,1.6002
3,105,143,1.4933
3,105,144,1.5608
3,105,145,1.5917
3,105,146,1.7052
3,105,147,1.7295
3,105,148,1.7058
3,105,149,1.7385
3,106,1,0.10575
3,106,2,0.2217
3,106,3,0.12731
3,106,4,0.036276
3,106,5,0.057459
3,106,6,0.1757
3,106,7,0.16001
3,106,8,0.082464
3,106,9,0.075151
3,106,10,0.14791
3,106,11,0.19672
3,106,12,0.25238
3,106,13,0.15811
3,106,14,0.19363
3,106,15,0.11684
3,106,16,0.27222
3,106,17,0.23664
3,106,18,0.16398
3,106,19,0.073217
3,106,20,0.26679
3,106,21,0.18238
3,106,22,0.22543
3,106,23,0.08456
3,106,24,0.10124
3,106,25,0.30268
3,106,26,0.13232
3,106,27,0.18666
3,106,28,0.29259
3,106,29,0.31626
3,106,30,0.19165
3,106,31,0.31842
3,106,32,0.29514
3,106,33,0.39416
3,106,34,0.27087
3,106,35,0.33372
3,106,36,0.24475
3,106,37,0.12983
3,106,38,0.30218
3,106,39,0.35276
3,106,40,0.25916
3,106,41,0.31404
3,106,42,0.3166
3,106,43,0.24992
3,106,44,0.32806
3,106,45,0.26306
3,106,46,0.31958
3,106,47,0.30215
3,106,48,0.42134
3,106,49,0.27059
3,106,50,0.41834
3,106,51,0.44149
3,106,52,0.38399
3,106,53,0.46322
3,106,54,0.31251
3,106,55,0.40502
3,106,56,0.33611
3,106,57,0.45079
3,106,58,0.44597
3,106,59,0.36077
3,106,60,0.46904
3,106,61,0.5094
3,106,62,0.44364
3,106,63,0.56787
3,106,64,0.43076
3,106,65,0.39724
3,106,66,0.50606
3,106,67,0.48822
3,106,68,0.54587
3,106,69,0.50933
3,106,70,0.48231
3,106,71,0.65473
3,106,72,0.61853
3,106,73,0.68011
3,106,74,0.62052
3,106,75,0.64602
3,106,76,0.73096
3,106,77,0.65132
3,106,78,0.74612
3,106,79,0.70466
3,106,80,0.71285
3,106,81,0.67098
3,106,82,0.74782
3,106,83,0.62033
3,106,84,0.74826
3,106,85,0.77034
3,106,86,0.95426
3,106,87,0.84244
3,106,88,0.78591
3,106,89,0.86806
3,106,90,0.85315
3,106,91,0.80121
3,106,92,0.89221
3,106,93,1.0146
3,106,94,0.83106
3,106,95,0.8769
3,106,96,0.95953
3,106,97,0.99535
3,106,98,0.9902
3,106,99,1.0132
3,106,100,1.0902
3,106,101,1.0401
3,106,102,1.0844
3,106,103,1.0501
3,106,104,1.0913
3,106,105,1.1314
3,106,106,1.2201
3,106,107,1.1594
3,106,108,1.2665
3,106,109,1.3919
3,106,110,1.1713
3,106,111,1.2833
3,106,112,1.164
3,106,113,1.2232
3,106,114,1.2481
3,106,115,1.3175
3,106,116,1.2331
3,106,117,1.4451
3,106,118,1.3328
3,106,119,1.4595
3,106,120,1.4273
3,106,121,1.3228
3,106,122,1.5181
3,106,123,1.5972
3,106,124,1.4375
3,106,125,1.4741
3,106,126,1.5937
3,106,127,1.7037
3,106,128,1.6624
3,106,129,1.6733
3,106,130,1.5195
3,106,131,1.7215
3,106,132,1.6966
3,106,133,1.7093
3,107,1,0.076023
3,107,2,0.18
3,107,3,0.021327
3,107,4,0.016062
3,107,5,0.13516
3,107,6,0.053758
3,107,7,0.13593
3,107,8,0.17814
3,107,9,0.21129
3,107,10,0.14442
3,107,11,0.1649
3,107,12,0.204
3,107,13,0.036305
3,107,14,0.093847
3,107,15,0.081585
3,107,16,0.14987
3,107,17,0.16456
3,107,18,0.14273
3,107,19,0.082269
3,107,20,0.12647
3,107,21,0.2265
3,107,22,0.2529
3,107,23,0.12465
3,107,24,0.26025
3,107,25,0.23035
3,107,26,0.12878
3,107,27,0.1106
3,107,28,0.20452
3,107,29,0.18259
3,107,30,0.19661
3,107,31,0.19736
3,107,32,0.13308
3,107,33,0.1589
3,107,34,0.21202
3,107,35,0.07214
3,107,36,0.13131
3,107,37,0.26396
3,107,38,0.24
3,107,39,0.2156
3,107,40,0.15313
3,107,41,0.18582
3,107,42,0.19085
3,107,43,0.29058
3,107,44,0.21267
3,107,45,0.20128
3,107,46,0.32686
3,107,47,0.28798
3,107,48,0.28015
3,107,49,0.33186
3,107,50,0.48948
3,107,51,0.40081
3,107,52,0.35568
3,107,53,0.42343
3,107,54,0.36797
3,107,55,0.45327
3,107,56,0.37726
3,107,57,0.31705
3,107,58,0.34952
3,107,59,0.33749
3,107,60,0.38992
3,107,61,0.33782
3,107,62,0.39247
3,107,63,0.46897
3,107,64,0.3078
3,107,65,0.39802
3,107,66,0.53863
3,107,67,0.45283
3,107,68,0.47184
3,107,69,0.46995
3,107,70,0.6378
3,107,71,0.448
3,107,72,0.42112
3,107,73,0.60323
3,107,74,0.68119
3,107,75,0.56677
3,107,76,0.46702
3,107,77,0.60546
3,107,78,0.7609
3,107,79,0.6383
3,107,80,0.7012
3,107,81,0.60532
3,107,82,0.75977
3,107,83,0.53874
3,107,84,0.65601
3,107,85,0.62109
3,107,86,0.68871
3,107,87,0.7279
3,107,88,0.80839
3,107,89,0.74063
3,107,90,0.78984
3,107,91,0.80339
3,107,92,0.72846
3,107,93,0.76452
3,107,94,0.81426
3,107,95,0.93065
3,107,96,0.83794
3,107,97,0.90674
3,107,98,0.94131
3,107,99,0.91397
3,107,100,0.9362
3,107,101,0.91094
3,107,102,0.98159
3,107,103,0.82526
3,107,104,0.83574
3,107,105,0.99093
3,107,106,1.0988
3,107,107,0.99021
3,107,108,1.0138
3,107,109,0.95879
3,107,110,1.0438
3,107,111,1.1772
3,107,112,1.0232
3,107,113,1.0621
3,107,114,1.1891
3,107,115,1.1801
3,107,116,1.114
3,107,117,1.1275
3,107,118,1.25
3,107,119,1.0906
3,107,120,1.1252
3,107,121,1.3156
3,107,122,1.2528
3,107,123,1.3933
3,107,124,1.2534
3,107,125,1.4531
3,107,126,1.4603
3,107,127,1.519
3,107,128,1.4028
3,107,129,1.4587
3,107,130,1.4877
3,107,131,1.5586
3,107,132,1.5566
3,107,133,1.5406
3,107,134,1.5436
3,107,135,1.5404
3,107,136,1.6618
3,107,137,1.6011
3,107,138,1.691
3,107,139,1.6433
3,107,140,1.6773
3,107,141,1.5912
3,107,142,1.8104
3,107,143,1.8287
3,108,1,0.11364
3,108,2,0.053154
3,108,3,0.095693
3,108,4,0.034837
3,108,5,0.091319
3,108,6,0.12708
3,108,7,0.16334
3,108,8,0.097566
3,108,9,0.02419
3,108,10,0.10706
3,108,11,0.0786
3,108,12,0.17004
3,108,13,0.19489
3,108,14,0.19795
3,108,15,0.21766
3,108,16,0.11578
3,108,17,0.13264
3,108,18,0.072549
3,108,19,0.056174
3,108,20,0.13201
3,108,21,0.13339
3,108,22,0.20876
3,108,23,0.11474
3,108,24,0.16243
3,108,25,0.10036
3,108,26,0.13463
3,108,27,0.074236
3,108,28,0.098252
3,108,29,0.14396
3,108,30,0.18611
3,108,31,0.31309
3,108,32,0.1206
3,108,33,0.23925
3,108,34,0.28638
3,108,35,0.183
3,108,36,0.12883
3,108,37,0.20691
3,108,38,0.21599
3,108,39,0.23058
3,108,40,0.2593
3,108,41,0.24596
3,108,42,0.21132
3,108,43,0.19564
3,108,44,0.15257
3,108,45,0.13499
3,108,46,0.22708
3,108,47,0.34883
3,108,48,0.2762
3,108,49,0.29146
3,108,50,0.31782
3,108,51,0.31081
3,108,52,0.22126
3,108,53,0.18376
3,108,54,0.30495
3,108,55,0.34046
3,108,56,0.29773
3,108,57,0.34397
3,108,58,0.44523
3,108,59,0.45722
3,108,60,0.39478
3,108,61,0.23478
3,108,62,0.32676
3,108,63,0.43639
3,108,64,0.37476
3,108,65,0.34801
3,108,66,0.45237
3,108,67,0.49573
3,108,68,0.36387
3,108,69,0.55942
3,108,70,0.4297
3,108,71,0.40791
3,108,72,0.54641
3,108,73,0.43778
3,108,74,0.55582
3,108,75,0.429
3,108,76,0.61659
3,108,77,0.52828
3,108,78,0.4227
3,108,79,0.4499
3,108,80,0.58592
3,108,81,0.55372
3,108,82,0.61856
3,108,83,0.51574
3,108,84,0.69483
3,108,85,0.68222
3,108,86,0.71262
3,108,87,0.65662
3,108,88,0.69199
3,108,89,0.58567
3,108,90,0.65012
3,108,91,0.69764
3,108,92,0.64027
3,108,93,0.71835
3,108,94,0.78616
3,108,95,0.68626
3,108,96,0.74684
3,108,97,0.71876
3,108,98,0.78272
3,108,99,0.68868
3,108,100,0.7394
3,108,101,0.81227
3,108,102,0.7925
3,108,103,0.8055
3,108,104,0.8049
3,108,105,0.83777
3,108,106,0.87611
3,108,107,1.013
3,108,108,0.96356
3,108,109,0.90303
3,108,110,0.90965
3,108,111,1.0982
3,108,112,0.99009
3,108,113,1.0131
3,108,114,1.0267
3,108,115,1.086
3,108,116,0.98749
3,108,117,0.98868
3,108,118,0.99988
3,108,119,1.1331
3,108,120,1.0271
3,108,121,1.1837
3,108,122,1.2697
3,108,123,1.1877
3,108,124,1.1698
3,108,125,1.2095
3,108,126,1.3121
3,108,127,1.1775
3,108,128,1.2427
3,108,129,1.3005
3,108,130,1.2785
3,108,131,1.2208
3,108,132,1.2879
3,108,133,1.2861
3,108,134,1.3352
3,108,135,1.3772
3,108,136,1.3788
3,108,137,1.2653
3,108,138,1.4371
3,108,139,1.396
3,108,140,1.4174
3,108,141,1.4761
3,108,142,1.3887
3,108,143,1.5937
3,108,144,1.5109
3,108,145,1.6191
3,108,146,1.6215
3,108,147,1.5919
3,108,148,1.6628
3,108,149,1.6975
3,108,150,1.7265
3,108,151,1.6786
3,108,152,1.6315
3,108,153,1.7816
3,108,154,1.6545
3,109,1,0.087301
3,109,2,0.085571
3,109,3,0.18687
3,109,4,0.045873
3,109,5,0.015892
3,109,6,0.012287
3,109,7,0.16605
3,109,8,0.083525
3,109,9,0.14686
3,109,10,0.13974
3,109,11,0.15423
3,109,12,0.17712
3,109,13,0.091205
3,109,14,0.13917
3,109,15,0.051211
3,109,16,0.18186
3,109,17,0.12841
3,109,18,0.058511
3,109,19,0.076566
3,109,20,0.13762
3,109,21,0.21765
3,109,22,0.19819
3,109,23,0.069318
3,109,24,0.104
3,109,25,0.23686
3,109,26,0.10243
3,109,27,0.098132
3,109,28,0.10049
3,109,29,0.18546
3,109,30,0.13888
3,109,31,0.17767
3,109,32,0.11188
3,109,33,0.16804
3,109,34,0.129
3,109,35,0.11279
3,109,36,0.092125
3,109,37,0.19787
3,109,38,0.26524
3,109,39,0.29549
3,109,40,0.29394
3,109,41,0.18377
3,109,42,0.29913
3,109,43,0.29861
3,109,44,0.1969
3,109,45,0.35425
3,109,46,0.11932
3,109,47,0.20742
3,109,48,0.29762
3,109,49,0.38424
3,109,50,0.26901
3,109,51,0.26976
3,109,52,0.21538
3,109,53,0.18723
3,109,54,0.27994
3,109,55,0.27246
3,109,56,0.41625
3,109,57,0.33388
3,109,58,0.4179
3,109,59,0.34016
3,109,60,0.36889
3,109,61,0.34509
3,109,62,0.39035
3,109,63,0.34851
3,109,64,0.30279
3,109,65,0.32557
3,109,66,0.44739
3,109,67,0.37449
3,109,68,0.39658
3,109,69,0.25561
3,109,70,0.42164
3,109,71,0.47011
3,109,72,0.44525
3,109,73,0.366
3,109,74,0.3667
3,109,75,0.48297
3,109,76,0.51624
3,109,77,0.37111
3,109,78,0.42432
3,109,79,0.47459
3,109,80,0.6383
3,109,81,0.51389
3,109,82,0.49289
3,109,83,0.62049
3,109,84,0.53392
3,109,85,0.50165
3,109,86,0.49863
3,109,87,0.56727
3,109,88,0.43192
3,109,89,0.59837
3,109,90,0.66597
3,109,91,0.64688
3,109,92,0.57606
3,109,93,0.58905
3,109,94,0.56895
3,109,95,0.71363
3,109,96,0.66778
3,109,97,0.69133
3,109,98,0.65579
3,109,99,0.71464
3,109,100,0.76015
3,109,101,0.69248
3,109,102,0.61175
3,109,103,0.7484
3,109,104,0.68756
3,109,105,0.61121
3,109,106,0.70954
3,109,107,0.80063
3,109,108,0.82488
3,109,109,0.65246
3,109,110,0.74675
3,109,111,0.70973
3,109,112,0.85243
3,109,113,0.79338
3,109,114,0.83631
3,109,115,0.92853
3,109,116,0.86737
3,109,117,0.79338
3,109,118,0.90776
3,109,119,0.9114
3,109,120,1.024
3,109,121,1.0382
3,109,122,1.024
3,109,123,0.92958
3,109,124,0.98969
3,109,125,0.98929
3,109,126,1.0543
3,109,127,1.0242
3,109,128,1.1207
3,109,129,1.045
3,109,130,1.0495
3,109,131,1.0198
3,109,132,1.0166
3,109,133,1.009
3,109,134,1.002
3,109,135,1.126
3,109,136,1.2905
3,109,137,1.127
3,109,138,1.108
3,109,139,1.2266
3,109,140,1.2491
3,109,141,1.1418
3,109,142,1.2452
3,109,143,1.3075
3,109,144,1.2496
3,109,145,1.3825
3,109,146,1.2076
3,109,147,1.384
3,109,148,1.3833
3,109,149,1.3054
3,109,150,1.4156
3,109,151,1.4901
3,109,152,1.5666
3,109,153,1.5197
3,109,154,1.4261
3,109,155,1.3911
3,109,156,1.5628
3,109,157,1.4762
3,109,158,1.432
3,109,159,1.4906
3,109,160,1.5963
3,109,161,1.5869
3,109,162,1.6316
3,109,163,1.6128
3,109,164,1.6947
3,109,165,1.6754
3,109,166,1.7303
3,109,167,1.6057
3,109,168,1.7488
3,109,169,1.7239
3,110,1,0.12922
3,110,2,0.13134
3,110,3,0.058483
3,110,4,0.07367
3,110,5,0.10613
3,110,6,0.20366
3,110,7,0.17133
3,110,8,0.13871
3,110,9,0.028374
3,110,10,0.16434
3,110,11,0.14664
3,110,12,0.045087
3,110,13,0.18875
3,110,14,0.082013
3,110,15,0.024541
3,110,16,0.20036
3,110,17,0.10419
3,110,18,0.17341
3,110,19,0.093292
3,110,20,0.092634
3,110,21,0.17923
3,110,22,0.26817
3,110,23,0.13075
3,110,24,0.24211
3,110,25,0.17815
3,110,26,0.21997
3,110,27,0.26072
3,110,28,0.28715
3,110,29,0.17574
3,110,30,0.1111
3,110,31,0.28267
3,110,32,0.17178
3,110,33,0.062504
3,110,34,0.33642
3,110,35,0.29241
3,110,36,0.25313
3,110,37,0.24898
3,110,38,0.2264
3,110,39,0.41462
3,110,40,0.26424
3,110,41,0.20187
3,110,42,0.3945
3,110,43,0.31679
3,110,44,0.19981
3,110,45,0.23941
3,110,46,0.45171
3,110,47,0.32268
3,110,48,0.32544
3,110,49,0.37226
3,110,50,0.37562
3,110,51,0.3244
3,110,52,0.37496
3,110,53,0.42123
3,110,54,0.34442
3,110,55,0.30182
3,110,56,0.45812
3,110,57,0.36268
3,110,58,0.38702
3,110,59,0.43236
3,110,60,0.35823
3,110,61,0.34703
3,110,62,0.51167
3,110,63,0.34297
3,110,64,0.42106
3,110,65,0.33884
3,110,66,0.40434
3,110,67,0.44356
3,110,68,0.47951
3,110,69,0.50755
3,110,70,0.36118
3,110,71,0.62699
3,110,72,0.47389
3,110,73,0.49464
3,110,74,0.64762
3,110,75,0.68498
3,110,76,0.59126
3,110,77,0.6382
3,110,78,0.57249
3,110,79,0.62987
3,110,80,0.5979
3,110,81,0.60277
3,110,82,0.57284
3,110,83,0.69402
3,110,84,0.65119
3,110,85,0.6756
3,110,86,0.75291
3,110,87,0.61557
3,110,88,0.70578
3,110,89,0.74991
3,110,90,0.65371
3,110,91,0.70809
3,110,92,0.68491
3,110,93,0.73387
3,110,94,0.81651
3,110,95,0.68522
3,110,96,0.79709
3,110,97,0.8706
3,110,98,0.91583
3,110,99,0.84304
3,110,100,0.81799
3,110,101,0.94338
3,110,102,0.91107
3,110,103,0.93661
3,110,104,0.9488
3,110,105,0.85035
3,110,106,0.9718
3,110,107,0.97855
3,110,108,1.0745
3,110,109,1.0493
3,110,110,0.9671
3,110,111,1.0037
3,110,112,1.0088
3,110,113,1.0864
3,110,114,1.0913
3,110,115,1.027
3,110,116,1.202
3,110,117,1.2652
3,110,118,1.2507
3,110,119,1.0753
3,110,120,1.1784
3,110,121,1.1805
3,110,122,1.1453
3,110,123,1.1693
3,110,124,1.3116
3,110,125,1.3248
3,110,126,1.2447
3,110,127,1.4448
3,110,128,1.278
3,110,129,1.3994
3,110,130,1.4104
3,110,131,1.4875
3,110,132,1.4168
3,110,133,1.3675
3,110,134,1.5032
3,110,135,1.5567
3,110,136,1.516
3,110,137,1.5764
3,110,138,1.5078
3,110,139,1.5344
3,110,140,1.5697
3,110,141,1.66
3,110,142,1.6484
3,110,143,1.5809
3,110,144,1.6343
3,110,145,1.6366
3,110,146,1.6346
3,110,147,1.7255
